Session_ID,Session_Date,Session_Time,Station_ID,Station_Location,Vehicle_Type,Connector_Type,Battery_Start_Percent,Battery_End_Percent,Charging_Duration_Min,Energy_Consumed_kWh,Charging_Status,Failure_Reason,Station_Status,Payment_Status,Charging_Cost
SES-10001,2025-01-01,08:59:09,STN-VSKP-01,Visakhapatnam,Crossover,CCS,27,30,40,1.20,Failed,Charging Interrupted,Offline,Paid,20.77
SES-10002,2025-01-01,08:48:35,STN-PUN-01,Pune,Sedan,Type 2,65,100,117,18.53,Completed,None,Available,Paid,315.88
SES-10003,2025-01-01,18:31:35,STN-DEL-02,Delhi,SUV,CCS,85,87,88,0.80,Failed,Charging Interrupted,Maintenance,Failed,0.00
SES-10004,2025-01-01,08:21:03,STN-PUN-01,Pune,Sedan,CCS,54,62,12,4.49,Completed,None,Available,Paid,72.01
SES-10005,2025-01-01,07:37:23,STN-KOL-01,Kolkata,Sedan,Type 2,50,100,119,29.89,Completed,None,Available,Paid,471.35
SES-10006,2025-01-01,07:22:21,STN-MUM-02,Mumbai,Hatchback,Type 2,47,89,56,16.22,Completed,None,Available,Paid,258.96
SES-10007,2025-01-01,14:54:10,STN-PUN-01,Pune,Sedan,CCS,14,100,120,44.22,Completed,None,Charging,Paid,710.49
SES-10008,2025-01-01,16:31:04,STN-VSKP-01,Visakhapatnam,Hatchback,Type 2,24,42,24,7.26,Completed,None,Charging,Paid,117.10
SES-10009,2025-01-01,14:09:39,STN-VSKP-01,Visakhapatnam,SUV,CCS,20,21,60,0.40,Failed,Connector Error,Maintenance,Failed,0.00
SES-10010,2025-01-01,09:23:34,STN-CHE-01,Chennai,Crossover,CCS,82,84,116,0.79,Cancelled,None,Available,Refunded,0.00
SES-10011,2025-01-01,00:59:22,STN-DEL-02,Delhi,Sedan,CCS,7,84,91,39.44,Completed,None,Charging,Paid,716.77
SES-10012,2025-01-01,06:54:30,STN-DEL-02,Delhi,Sedan,CHAdeMO,34,36,94,0.80,Failed,Network Error,Maintenance,Failed,0.00
SES-10013,2025-01-01,09:56:54,STN-KOL-01,Kolkata,Sedan,Type 2,22,90,83,39.29,Completed,None,Available,Paid,624.86
SES-10014,2025-01-01,05:55:33,STN-VIJ-01,Vijayawada,Hatchback,CCS,63,64,30,0.40,Failed,Payment Failure,Maintenance,Failed,0.00
SES-10015,2025-01-01,13:12:24,STN-KOL-01,Kolkata,SUV,CCS,74,77,99,1.20,Failed,Charging Interrupted,Maintenance,Failed,0.00
SES-10016,2025-01-02,16:50:11,STN-VSKP-01,Visakhapatnam,Sedan,Type 2,88,100,50,6.28,Completed,None,Charging,Paid,112.02
SES-10017,2025-01-02,19:14:41,STN-MUM-01,Mumbai,Hatchback,Type 2,39,49,12,3.61,Completed,None,Available,Paid,61.35
SES-10018,2025-01-02,09:54:38,STN-PUN-01,Pune,Hatchback,CCS,23,28,10,2.00,Completed,None,Charging,Paid,36.58
SES-10019,2025-01-02,16:31:08,STN-VSKP-01,Visakhapatnam,Hatchback,CCS,30,51,30,8.46,Completed,None,Available,Paid,151.41
SES-10020,2025-01-02,21:25:26,STN-BLR-01,Bengaluru,Sedan,CHAdeMO,39,88,84,24.99,Completed,None,Charging,Paid,376.38
SES-10021,2025-01-02,15:12:15,STN-MUM-01,Mumbai,SUV,Type 2,80,80,89,0.00,Failed,Network Error,Maintenance,Failed,0.00
SES-10022,2025-01-02,17:11:43,STN-MUM-01,Mumbai,Hatchback,CCS,76,100,108,9.97,Completed,None,Available,Paid,182.10
SES-10023,2025-01-02,18:59:06,STN-KOL-01,Kolkata,SUV,Type 2,61,79,30,16.63,Completed,None,Charging,Paid,277.60
SES-10024,2025-01-02,07:47:17,STN-VSKP-01,Visakhapatnam,Sedan,CCS,53,100,114,24.06,Completed,None,Charging,Paid,441.70
SES-10025,2025-01-02,07:38:03,STN-CHE-01,Chennai,Sedan,CCS,14,78,84,37.73,Completed,None,Available,Paid,697.06
SES-10026,2025-01-02,12:31:39,STN-HYD-02,Hyderabad,Crossover,CHAdeMO,89,100,104,7.97,Completed,None,Available,Paid,122.66
SES-10027,2025-01-02,08:16:48,STN-BLR-01,Bengaluru,Sedan,CCS,33,75,58,24.47,Completed,None,Available,Paid,413.16
SES-10028,2025-01-02,07:18:12,STN-KOL-01,Kolkata,Hatchback,CCS,75,100,74,10.77,Completed,None,Charging,Paid,170.88
SES-10029,2025-01-03,16:25:13,STN-DEL-02,Delhi,SUV,CCS,72,100,50,22.36,Completed,None,Available,Paid,402.52
SES-10030,2025-01-03,17:03:59,STN-KOL-01,Kolkata,Hatchback,Type 2,82,100,105,6.83,Completed,None,Available,Paid,123.49
SES-10031,2025-01-03,16:24:12,STN-PUN-01,Pune,Hatchback,Type 2,28,82,76,20.16,Completed,None,Available,Paid,311.85
SES-10032,2025-01-03,17:37:37,STN-MUM-01,Mumbai,SUV,CCS,47,100,105,43.10,Completed,None,Charging,Paid,794.52
SES-10033,2025-01-03,19:52:29,STN-HYD-01,Hyderabad,SUV,Type 2,43,68,51,22.48,Completed,None,Available,Paid,364.99
SES-10034,2025-01-03,19:02:44,STN-VIJ-01,Vijayawada,Hatchback,CCS,29,96,78,27.65,Completed,None,Available,Paid,416.18
SES-10035,2025-01-03,12:15:21,STN-HYD-01,Hyderabad,Sedan,CCS,87,100,66,7.13,Completed,None,Charging,Paid,114.81
SES-10036,2025-01-03,17:37:07,STN-VIJ-01,Vijayawada,Hatchback,Type 2,72,100,52,10.10,Completed,None,Charging,Paid,156.41
SES-10037,2025-01-03,16:56:05,STN-MUM-01,Mumbai,Hatchback,CCS,38,98,110,23.95,Completed,None,Charging,Paid,367.69
SES-10038,2025-01-03,11:34:09,STN-VIJ-01,Vijayawada,SUV,CHAdeMO,90,100,21,8.96,Completed,None,Charging,Paid,156.34
SES-10039,2025-01-03,11:58:11,STN-MUM-02,Mumbai,SUV,Type 2,57,100,87,35.89,Completed,None,Available,Paid,625.69
SES-10040,2025-01-03,16:30:28,STN-PUN-01,Pune,Sedan,CCS,59,100,73,21.72,Completed,None,Available,Paid,358.69
SES-10041,2025-01-03,19:51:24,STN-CHE-01,Chennai,Hatchback,Type 2,57,100,117,17.65,Completed,None,Charging,Paid,285.61
SES-10042,2025-01-03,02:30:20,STN-DEL-02,Delhi,Sedan,CCS,22,73,60,29.13,Completed,None,Available,Paid,478.56
SES-10043,2025-01-03,20:38:21,STN-MUM-01,Mumbai,Crossover,Type 2,11,70,82,42.28,Completed,None,Available,Paid,752.30
SES-10044,2025-01-03,18:44:41,STN-VIJ-01,Vijayawada,Crossover,CCS,67,100,69,25.37,Completed,None,Available,Paid,450.79
SES-10045,2025-01-04,19:19:51,STN-BLR-01,Bengaluru,Sedan,CCS,79,100,80,12.55,Completed,None,Available,Paid,197.80
SES-10046,2025-01-04,18:53:35,STN-MUM-01,Mumbai,Sedan,Type 2,46,100,89,30.47,Completed,None,Available,Paid,464.57
SES-10047,2025-01-04,13:14:12,STN-DEL-01,Delhi,SUV,Type 2,15,41,37,22.37,Completed,None,Charging,Paid,378.51
SES-10048,2025-01-04,06:57:07,STN-DEL-02,Delhi,Crossover,CCS,13,77,80,41.11,Completed,None,Available,Paid,723.04
SES-10049,2025-01-04,21:44:22,STN-HYD-02,Hyderabad,SUV,CCS,39,55,23,13.13,Completed,None,Available,Paid,212.88
SES-10050,2025-01-04,09:07:58,STN-CBE-01,Coimbatore,SUV,CCS,69,69,41,0.00,Failed,Station Offline,Maintenance,Paid,0.00
SES-10051,2025-01-04,08:58:12,STN-CBE-01,Coimbatore,Hatchback,CCS,88,97,17,3.72,Completed,None,Charging,Paid,58.85
SES-10052,2025-01-04,14:48:27,STN-DEL-02,Delhi,Sedan,CCS,9,37,36,14.22,Completed,None,Charging,Paid,260.27
SES-10053,2025-01-04,18:15:54,STN-VSKP-01,Visakhapatnam,SUV,Type 2,30,31,59,0.50,Cancelled,None,Available,Refunded,0.00
SES-10054,2025-01-04,14:17:16,STN-BLR-01,Bengaluru,Sedan,CCS,55,100,68,23.65,Completed,None,Available,Paid,415.84
SES-10055,2025-01-04,18:12:31,STN-CBE-01,Coimbatore,SUV,CHAdeMO,42,88,66,40.02,Completed,None,Available,Paid,733.79
SES-10056,2025-01-04,11:45:29,STN-KOL-01,Kolkata,Sedan,CCS,7,13,12,3.04,Completed,None,Available,Paid,49.59
SES-10057,2025-01-05,14:42:20,STN-DEL-01,Delhi,SUV,Type 2,89,100,36,9.47,Completed,None,Available,Paid,146.75
SES-10058,2025-01-05,18:47:54,STN-HYD-02,Hyderabad,Hatchback,CCS,63,100,103,16.22,Completed,None,Charging,Paid,289.12
SES-10059,2025-01-05,17:18:51,STN-BLR-02,Bengaluru,SUV,Type 2,17,41,43,20.18,Completed,None,Charging,Paid,362.78
SES-10060,2025-01-05,17:51:09,STN-BLR-01,Bengaluru,Hatchback,CCS,85,100,35,6.18,Completed,None,Available,Paid,102.52
SES-10061,2025-01-05,18:52:22,STN-HYD-01,Hyderabad,Sedan,Type 2,39,100,110,33.38,Completed,None,Available,Paid,526.23
SES-10062,2025-01-05,17:29:32,STN-MUM-02,Mumbai,SUV,CCS,7,36,49,23.18,Completed,None,Available,Paid,347.92
SES-10063,2025-01-05,19:08:53,STN-KOL-01,Kolkata,Sedan,CCS,57,100,95,25.54,Completed,None,Available,Paid,386.96
SES-10064,2025-01-05,23:43:34,STN-DEL-02,Delhi,SUV,CCS,59,66,41,2.32,Cancelled,None,Available,Refunded,0.00
SES-10065,2025-01-05,18:15:08,STN-BLR-02,Bengaluru,Sedan,CCS,49,82,50,18.36,Completed,None,Charging,Paid,291.29
SES-10066,2025-01-05,10:11:32,STN-DEL-01,Delhi,Sedan,Type 2,70,78,11,4.06,Completed,None,Charging,Paid,62.19
SES-10067,2025-01-05,18:56:56,STN-VIJ-01,Vijayawada,Sedan,Type 2,71,100,120,16.55,Completed,None,Available,Paid,281.46
SES-10068,2025-01-05,08:26:11,STN-VSKP-01,Visakhapatnam,Sedan,Type 2,88,100,81,7.00,Completed,None,Charging,Paid,111.72
SES-10069,2025-01-05,11:39:41,STN-KOL-01,Kolkata,SUV,CCS,48,100,115,46.50,Completed,None,Available,Paid,725.95
SES-10070,2025-01-05,11:10:38,STN-BLR-02,Bengaluru,SUV,CCS,77,88,16,9.43,Completed,None,Available,Paid,151.88
SES-10071,2025-01-05,07:16:32,STN-CHE-01,Chennai,Sedan,Type 2,72,94,28,11.33,Completed,None,Available,Paid,196.40
SES-10072,2025-01-05,08:28:20,STN-PUN-01,Pune,Hatchback,Type 2,66,73,42,2.76,Cancelled,None,Available,Refunded,0.00
SES-10073,2025-01-05,16:22:55,STN-VSKP-01,Visakhapatnam,SUV,CCS,29,37,11,3.02,Cancelled,None,Available,Refunded,0.00
SES-10074,2025-01-05,11:49:37,STN-VSKP-01,Visakhapatnam,SUV,Type 2,56,100,76,35.47,Completed,None,Available,Paid,597.33
SES-10075,2025-01-06,01:50:53,STN-VIJ-01,Vijayawada,Hatchback,Type 2,54,100,101,18.82,Completed,None,Available,Paid,347.54
SES-10076,2025-01-06,06:48:34,STN-DEL-02,Delhi,Sedan,Type 2,5,74,87,38.92,Completed,None,Available,Paid,630.76
SES-10077,2025-01-06,12:23:48,STN-PUN-01,Pune,Sedan,CCS,43,56,24,6.49,Completed,None,Charging,Paid,100.64
SES-10078,2025-01-06,10:01:39,STN-HYD-01,Hyderabad,SUV,Type 2,56,58,30,0.80,Failed,Connector Error,Offline,Failed,0.00
SES-10079,2025-01-06,21:27:58,STN-BLR-02,Bengaluru,Crossover,CCS,80,100,87,13.05,Completed,None,Charging,Paid,232.29
SES-10080,2025-01-06,17:18:55,STN-DEL-01,Delhi,SUV,Type 2,44,47,68,1.20,Failed,Payment Failure,Offline,Failed,0.00
SES-10081,2025-01-06,09:01:37,STN-HYD-01,Hyderabad,Hatchback,CCS,64,100,113,14.38,Completed,None,Available,Paid,225.68
SES-10082,2025-01-06,21:50:51,STN-PUN-01,Pune,Hatchback,Type 2,77,100,91,9.40,Completed,None,Available,Paid,155.43
SES-10083,2025-01-07,18:25:48,STN-BLR-02,Bengaluru,SUV,Type 2,88,100,48,11.03,Completed,None,Charging,Paid,170.08
SES-10084,2025-01-07,09:57:12,STN-HYD-01,Hyderabad,SUV,CCS,73,97,29,20.77,Completed,None,Available,Paid,332.24
SES-10085,2025-01-07,01:31:16,STN-BLR-01,Bengaluru,SUV,CCS,24,29,10,3.99,Completed,None,Available,Paid,66.96
SES-10086,2025-01-07,18:54:59,STN-CBE-01,Coimbatore,SUV,Type 2,89,100,82,9.28,Completed,None,Charging,Paid,170.49
SES-10087,2025-01-07,23:57:59,STN-KOL-01,Kolkata,SUV,CCS,6,17,18,9.26,Completed,None,Charging,Paid,170.06
SES-10088,2025-01-07,10:39:55,STN-MUM-01,Mumbai,Hatchback,CCS,89,100,116,4.37,Completed,None,Available,Paid,79.23
SES-10089,2025-01-07,13:00:41,STN-VSKP-01,Visakhapatnam,SUV,CCS,13,46,60,30.83,Completed,None,Available,Paid,477.18
SES-10090,2025-01-07,10:39:32,STN-MUM-02,Mumbai,Sedan,Type 2,43,76,47,16.65,Completed,None,Available,Paid,288.73
SES-10091,2025-01-07,21:07:23,STN-HYD-02,Hyderabad,Hatchback,Type 2,34,38,112,1.60,Failed,Connector Error,Maintenance,Failed,0.00
SES-10092,2025-01-07,11:03:37,STN-BLR-01,Bengaluru,Hatchback,Type 2,58,100,102,16.32,Completed,None,Available,Paid,245.19
SES-10093,2025-01-07,05:08:46,STN-HYD-01,Hyderabad,Crossover,CCS,86,100,24,9.91,Completed,None,Charging,Paid,180.60
SES-10094,2025-01-07,07:11:30,STN-DEL-01,Delhi,SUV,CCS,62,64,93,0.80,Failed,Charging Interrupted,Maintenance,Paid,14.05
SES-10095,2025-01-07,07:13:44,STN-CHE-01,Chennai,Sedan,CCS,48,100,111,31.34,Completed,None,Available,Paid,560.29
SES-10096,2025-01-07,13:33:02,STN-MUM-01,Mumbai,Sedan,CHAdeMO,47,74,50,14.83,Completed,None,Available,Paid,249.55
SES-10097,2025-01-07,08:53:41,STN-HYD-02,Hyderabad,Hatchback,CCS,14,95,103,32.32,Completed,None,Available,Paid,506.99
SES-10098,2025-01-07,20:19:39,STN-BLR-01,Bengaluru,Sedan,CCS,52,84,56,18.43,Completed,None,Available,Paid,316.23
SES-10099,2025-01-08,16:02:23,STN-CBE-01,Coimbatore,Crossover,Type 2,89,100,35,7.76,Completed,None,Available,Paid,134.68
SES-10100,2025-01-08,19:57:26,STN-CHE-01,Chennai,Sedan,Type 2,90,100,63,5.75,Completed,None,Available,Paid,103.90
SES-10101,2025-01-08,05:14:34,STN-CHE-01,Chennai,Hatchback,CCS,21,77,79,20.47,Completed,None,Available,Paid,332.50
SES-10102,2025-01-08,08:52:43,STN-CHE-01,Chennai,Hatchback,CCS,9,45,48,14.82,Completed,None,Charging,Paid,257.53
SES-10103,2025-01-08,12:33:22,STN-MUM-01,Mumbai,Hatchback,Type 2,74,88,26,5.75,Completed,None,Available,Paid,101.60
SES-10104,2025-01-08,20:19:11,STN-KOL-01,Kolkata,Sedan,Type 2,78,100,79,12.24,Completed,None,Available,Paid,195.01
SES-10105,2025-01-08,21:22:47,STN-BLR-02,Bengaluru,SUV,CCS,68,100,101,24.68,Completed,None,Available,Paid,420.02
SES-10106,2025-01-08,18:00:53,STN-BLR-01,Bengaluru,Sedan,Type 2,70,80,18,4.99,Completed,None,Charging,Paid,89.79
SES-10107,2025-01-08,08:29:02,STN-BLR-02,Bengaluru,Sedan,CCS,75,100,100,12.81,Completed,None,Available,Paid,221.21
SES-10108,2025-01-08,10:24:19,STN-VSKP-01,Visakhapatnam,Sedan,Type 2,8,10,108,0.80,Failed,Payment Failure,Maintenance,Failed,0.00
SES-10109,2025-01-08,19:21:20,STN-DEL-02,Delhi,Hatchback,CCS,87,100,55,4.95,Completed,None,Available,Paid,79.94
SES-10110,2025-01-08,18:32:51,STN-MUM-01,Mumbai,Sedan,CCS,32,39,15,3.78,Completed,None,Available,Paid,56.71
SES-10111,2025-01-08,09:14:57,STN-CHE-01,Chennai,Crossover,Type 2,88,100,77,8.51,Completed,None,Available,Paid,155.35
SES-10112,2025-01-08,09:51:14,STN-CHE-01,Chennai,Sedan,Type 2,42,58,25,8.29,Completed,None,Available,Paid,146.47
SES-10113,2025-01-08,13:20:23,STN-VIJ-01,Vijayawada,SUV,Type 2,70,100,96,27.64,Completed,None,Available,Paid,467.18
SES-10114,2025-01-08,07:04:05,STN-VIJ-01,Vijayawada,Sedan,Type 2,71,79,96,2.94,Cancelled,None,Available,Refunded,0.00
SES-10115,2025-01-08,20:47:43,STN-MUM-01,Mumbai,Hatchback,CCS,64,91,38,11.11,Completed,None,Available,Paid,179.60
SES-10116,2025-01-08,18:03:26,STN-CBE-01,Coimbatore,Sedan,CCS,51,92,50,21.17,Completed,None,Available,Paid,375.56
SES-10117,2025-01-08,21:27:34,STN-DEL-02,Delhi,Hatchback,CCS,29,88,77,22.65,Completed,None,Charging,Paid,398.59
SES-10118,2025-01-09,16:22:02,STN-MUM-02,Mumbai,SUV,CHAdeMO,70,100,71,23.17,Completed,None,Charging,Paid,424.17
SES-10119,2025-01-09,12:09:24,STN-DEL-01,Delhi,Crossover,CCS,83,100,113,12.01,Completed,None,Available,Paid,208.64
SES-10120,2025-01-09,21:07:54,STN-MUM-02,Mumbai,Sedan,CCS,71,100,49,17.38,Completed,None,Available,Paid,263.11
SES-10121,2025-01-09,08:04:57,STN-BLR-02,Bengaluru,SUV,CCS,73,75,71,0.80,Failed,Network Error,Offline,Failed,0.00
SES-10122,2025-01-09,16:54:36,STN-MUM-01,Mumbai,Hatchback,Type 2,44,47,33,1.20,Failed,Station Offline,Offline,Paid,20.84
SES-10123,2025-01-09,07:44:37,STN-DEL-01,Delhi,Hatchback,Type 2,54,65,15,4.77,Completed,None,Charging,Paid,87.60
SES-10124,2025-01-09,08:08:58,STN-MUM-02,Mumbai,SUV,CHAdeMO,44,78,49,27.53,Completed,None,Charging,Paid,418.26
SES-10125,2025-01-09,17:00:39,STN-BLR-02,Bengaluru,Hatchback,CCS,41,89,79,18.76,Completed,None,Charging,Paid,305.57
SES-10126,2025-01-09,03:29:10,STN-HYD-01,Hyderabad,Sedan,Type 2,73,77,67,1.60,Failed,Network Error,Offline,Paid,25.41
SES-10127,2025-01-09,16:11:38,STN-PUN-01,Pune,Hatchback,CCS,21,34,23,5.60,Completed,None,Available,Paid,97.62
SES-10128,2025-01-10,07:58:07,STN-KOL-01,Kolkata,Sedan,CCS,66,100,87,17.37,Completed,None,Charging,Paid,292.23
SES-10129,2025-01-10,09:53:27,STN-DEL-01,Delhi,Sedan,CCS,45,76,54,16.73,Completed,None,Available,Paid,261.60
SES-10130,2025-01-10,23:08:38,STN-HYD-02,Hyderabad,SUV,CCS,80,100,120,16.72,Completed,None,Available,Paid,253.96
SES-10131,2025-01-10,22:20:55,STN-DEL-01,Delhi,Hatchback,Type 2,46,100,108,20.19,Completed,None,Charging,Paid,336.80
SES-10132,2025-01-10,10:54:30,STN-BLR-02,Bengaluru,Crossover,CHAdeMO,35,46,15,8.14,Completed,None,Available,Paid,127.03
SES-10133,2025-01-10,05:11:00,STN-VSKP-01,Visakhapatnam,SUV,CCS,37,64,32,23.30,Completed,None,Available,Paid,367.49
SES-10134,2025-01-10,13:39:36,STN-KOL-01,Kolkata,Hatchback,CHAdeMO,47,83,71,15.05,Completed,None,Charging,Paid,228.72
SES-10135,2025-01-10,17:00:56,STN-CHE-01,Chennai,SUV,CCS,71,100,93,22.72,Completed,None,Charging,Paid,344.36
SES-10136,2025-01-10,16:53:41,STN-KOL-01,Kolkata,Hatchback,CCS,42,60,26,7.79,Completed,None,Available,Paid,120.74
SES-10137,2025-01-10,19:16:21,STN-BLR-02,Bengaluru,Sedan,CCS,45,100,93,27.90,Completed,None,Available,Paid,515.74
SES-10138,2025-01-10,14:44:15,STN-KOL-01,Kolkata,SUV,CCS,67,100,79,29.98,Completed,None,Available,Paid,453.23
SES-10139,2025-01-10,10:46:16,STN-BLR-01,Bengaluru,Sedan,CCS,44,100,113,33.84,Completed,None,Available,Paid,522.32
SES-10140,2025-01-11,10:25:12,STN-VSKP-01,Visakhapatnam,Sedan,Type 2,34,60,37,14.92,Completed,None,Charging,Paid,253.81
SES-10141,2025-01-11,06:16:47,STN-CBE-01,Coimbatore,SUV,Type 2,51,51,22,0.00,Failed,Station Offline,Offline,Failed,0.00
SES-10142,2025-01-11,14:05:34,STN-CHE-01,Chennai,Hatchback,Type 2,26,47,38,8.07,Completed,None,Available,Paid,142.02
SES-10143,2025-01-11,08:46:07,STN-BLR-02,Bengaluru,SUV,CCS,59,89,54,27.43,Completed,None,Charging,Paid,495.49
SES-10144,2025-01-11,19:53:26,STN-CBE-01,Coimbatore,Crossover,Type 2,47,66,29,12.72,Completed,None,Available,Paid,203.47
SES-10145,2025-01-11,19:30:52,STN-VSKP-01,Visakhapatnam,Hatchback,Type 2,65,100,67,14.19,Completed,None,Available,Paid,215.16
SES-10146,2025-01-11,08:59:05,STN-MUM-02,Mumbai,Sedan,CHAdeMO,78,100,90,12.91,Completed,None,Available,Paid,237.42
SES-10147,2025-01-11,18:57:48,STN-PUN-01,Pune,SUV,CCS,36,40,63,1.60,Failed,Payment Failure,Maintenance,Failed,0.00
SES-10148,2025-01-11,12:33:25,STN-BLR-02,Bengaluru,Hatchback,CHAdeMO,8,100,108,37.49,Completed,None,Charging,Paid,674.38
SES-10149,2025-01-11,21:25:19,STN-MUM-02,Mumbai,Crossover,Type 2,49,50,118,0.40,Failed,Connector Error,Offline,Failed,0.00
SES-10150,2025-01-11,08:58:49,STN-HYD-02,Hyderabad,Crossover,Type 2,76,100,112,18.05,Completed,None,Available,Paid,296.88
SES-10151,2025-01-12,22:16:56,STN-BLR-01,Bengaluru,Hatchback,CCS,24,27,73,1.20,Failed,Station Offline,Offline,Paid,21.98
SES-10152,2025-01-12,18:12:06,STN-KOL-01,Kolkata,SUV,CCS,75,100,61,21.87,Completed,None,Charging,Paid,341.58
SES-10153,2025-01-12,12:54:14,STN-HYD-01,Hyderabad,Hatchback,CCS,69,100,110,12.39,Completed,None,Available,Paid,226.80
SES-10154,2025-01-12,17:42:46,STN-KOL-01,Kolkata,Sedan,CCS,64,100,52,21.33,Completed,None,Available,Paid,370.28
SES-10155,2025-01-12,17:16:34,STN-VIJ-01,Vijayawada,Sedan,CCS,30,90,96,30.78,Completed,None,Available,Paid,500.14
SES-10156,2025-01-12,10:35:34,STN-BLR-01,Bengaluru,Hatchback,CHAdeMO,77,100,27,9.20,Completed,None,Charging,Paid,144.29
SES-10157,2025-01-12,12:47:43,STN-CHE-01,Chennai,Hatchback,CCS,27,28,109,0.40,Failed,Network Error,Maintenance,Failed,0.00
SES-10158,2025-01-12,19:16:06,STN-VSKP-01,Visakhapatnam,Crossover,CCS,44,94,93,35.87,Completed,None,Charging,Paid,584.83
SES-10159,2025-01-12,08:00:34,STN-PUN-01,Pune,Sedan,CCS,6,47,63,21.35,Completed,None,Available,Paid,358.12
SES-10160,2025-01-12,10:12:05,STN-BLR-01,Bengaluru,Hatchback,CCS,30,91,69,22.66,Completed,None,Charging,Paid,358.40
SES-10161,2025-01-12,18:13:36,STN-CBE-01,Coimbatore,Hatchback,CCS,82,100,80,7.60,Completed,None,Charging,Paid,134.45
SES-10162,2025-01-12,05:46:03,STN-DEL-01,Delhi,SUV,Type 2,66,100,109,30.41,Completed,None,Available,Paid,487.59
SES-10163,2025-01-12,16:15:27,STN-HYD-01,Hyderabad,Sedan,CCS,48,100,115,30.06,Completed,None,Available,Paid,554.06
SES-10164,2025-01-12,20:03:44,STN-CHE-01,Chennai,SUV,Type 2,35,40,10,3.92,Completed,None,Available,Paid,63.60
SES-10165,2025-01-12,08:31:44,STN-DEL-01,Delhi,SUV,CCS,30,39,46,3.00,Cancelled,None,Available,Refunded,0.00
SES-10166,2025-01-12,18:02:53,STN-CHE-01,Chennai,SUV,Type 2,87,100,58,9.95,Completed,None,Charging,Paid,177.91
SES-10167,2025-01-12,09:14:42,STN-DEL-01,Delhi,SUV,CHAdeMO,9,10,44,0.40,Failed,Payment Failure,Maintenance,Failed,0.00
SES-10168,2025-01-12,08:38:44,STN-DEL-02,Delhi,Hatchback,CCS,74,100,114,9.62,Completed,None,Available,Paid,171.82
SES-10169,2025-01-12,19:06:55,STN-PUN-01,Pune,Sedan,Type 2,39,99,76,30.07,Completed,None,Available,Paid,532.46
SES-10170,2025-01-12,14:38:41,STN-MUM-02,Mumbai,SUV,CCS,20,45,44,20.35,Completed,None,Charging,Paid,323.40
SES-10171,2025-01-12,09:15:34,STN-KOL-01,Kolkata,SUV,CCS,35,91,102,47.23,Completed,None,Charging,Paid,720.32
SES-10172,2025-01-13,06:37:17,STN-BLR-01,Bengaluru,Sedan,CCS,86,100,18,7.23,Completed,None,Charging,Paid,116.38
SES-10173,2025-01-13,04:52:28,STN-HYD-02,Hyderabad,Crossover,CCS,18,46,46,21.02,Completed,None,Available,Paid,377.75
SES-10174,2025-01-13,12:33:42,STN-DEL-01,Delhi,Sedan,CHAdeMO,29,68,69,19.98,Completed,None,Charging,Paid,326.99
SES-10175,2025-01-13,20:22:04,STN-DEL-02,Delhi,SUV,CCS,83,86,65,1.20,Failed,Connector Error,Maintenance,Failed,0.00
SES-10176,2025-01-13,00:55:57,STN-PUN-01,Pune,Hatchback,CCS,79,100,115,8.10,Completed,None,Charging,Paid,124.85
SES-10177,2025-01-13,08:43:03,STN-HYD-02,Hyderabad,Sedan,CCS,75,77,120,0.80,Failed,Network Error,Maintenance,Failed,0.00
SES-10178,2025-01-13,18:05:31,STN-VIJ-01,Vijayawada,Hatchback,Type 2,22,77,98,21.23,Completed,None,Available,Paid,362.20
SES-10179,2025-01-13,13:14:39,STN-BLR-01,Bengaluru,SUV,CHAdeMO,54,66,21,9.60,Completed,None,Available,Paid,156.82
SES-10180,2025-01-13,16:08:36,STN-DEL-02,Delhi,Sedan,Type 2,24,80,111,32.53,Completed,None,Charging,Paid,583.99
SES-10181,2025-01-13,20:05:47,STN-HYD-02,Hyderabad,Crossover,CCS,60,100,80,29.76,Completed,None,Available,Paid,539.84
SES-10182,2025-01-13,20:02:41,STN-HYD-01,Hyderabad,Sedan,CCS,6,9,80,1.16,Cancelled,None,Available,Refunded,0.00
SES-10183,2025-01-13,00:16:31,STN-MUM-01,Mumbai,SUV,CCS,30,40,13,8.63,Completed,None,Available,Paid,144.31
SES-10184,2025-01-13,22:03:16,STN-KOL-01,Kolkata,Sedan,CCS,27,68,70,22.00,Completed,None,Available,Paid,359.91
SES-10185,2025-01-13,18:04:31,STN-CHE-01,Chennai,Sedan,CCS,36,66,54,16.15,Completed,None,Available,Paid,258.42
SES-10186,2025-01-13,17:05:34,STN-CHE-01,Chennai,Hatchback,CCS,17,17,120,0.00,Failed,Connector Error,Offline,Paid,0.00
SES-10187,2025-01-13,21:19:21,STN-BLR-02,Bengaluru,Hatchback,Type 2,17,100,104,31.54,Completed,None,Available,Paid,507.97
SES-10188,2025-01-14,19:10:12,STN-VIJ-01,Vijayawada,Sedan,CCS,21,59,59,20.37,Completed,None,Available,Paid,356.17
SES-10189,2025-01-14,23:02:08,STN-HYD-01,Hyderabad,SUV,Type 2,62,91,59,24.60,Completed,None,Available,Paid,374.17
SES-10190,2025-01-14,17:22:13,STN-KOL-01,Kolkata,Hatchback,CHAdeMO,90,100,112,3.79,Completed,None,Charging,Paid,59.15
SES-10191,2025-01-14,18:48:58,STN-MUM-01,Mumbai,Hatchback,CHAdeMO,31,87,83,24.58,Completed,None,Charging,Paid,399.16
SES-10192,2025-01-14,21:22:09,STN-BLR-02,Bengaluru,SUV,CCS,21,60,57,31.20,Completed,None,Charging,Paid,531.66
SES-10193,2025-01-14,17:46:04,STN-HYD-02,Hyderabad,Hatchback,CHAdeMO,42,58,32,6.73,Completed,None,Available,Paid,120.79
SES-10194,2025-01-14,09:22:29,STN-BLR-02,Bengaluru,SUV,Type 2,18,93,99,58.89,Completed,None,Available,Paid,"1,018.67"
SES-10195,2025-01-14,19:33:44,STN-DEL-01,Delhi,Hatchback,Type 2,18,23,96,1.92,Cancelled,None,Available,Refunded,0.00
SES-10196,2025-01-14,16:46:24,STN-HYD-01,Hyderabad,Crossover,CCS,16,18,102,0.68,Cancelled,None,Maintenance,Refunded,0.00
SES-10197,2025-01-14,19:41:56,STN-DEL-02,Delhi,Sedan,CCS,73,85,17,5.96,Completed,None,Available,Paid,100.88
SES-10198,2025-01-14,18:29:54,STN-DEL-02,Delhi,Sedan,CHAdeMO,72,100,92,15.38,Completed,None,Charging,Paid,259.83
SES-10199,2025-01-14,19:24:13,STN-MUM-01,Mumbai,Sedan,CCS,59,88,38,14.90,Completed,None,Available,Paid,231.22
SES-10200,2025-01-14,07:47:33,STN-BLR-01,Bengaluru,Sedan,CCS,67,100,52,16.78,Completed,None,Available,Paid,261.49
SES-10201,2025-01-14,06:10:10,STN-VSKP-01,Visakhapatnam,Sedan,CCS,33,68,62,18.38,Completed,None,Charging,Paid,291.68
SES-10202,2025-01-14,19:21:44,STN-KOL-01,Kolkata,Hatchback,CHAdeMO,49,62,15,5.54,Completed,None,Available,Paid,94.69
SES-10203,2025-01-14,09:16:01,STN-CBE-01,Coimbatore,SUV,CCS,8,95,102,74.65,Completed,None,Available,Paid,"1,351.88"
SES-10204,2025-01-14,21:41:17,STN-DEL-02,Delhi,SUV,CHAdeMO,20,44,33,20.06,Completed,None,Charging,Paid,368.34
SES-10205,2025-01-15,04:10:15,STN-HYD-01,Hyderabad,SUV,CCS,70,100,83,24.34,Completed,None,Available,Paid,406.24
SES-10206,2025-01-15,16:17:34,STN-PUN-01,Pune,Sedan,CCS,27,43,23,9.09,Completed,None,Available,Paid,156.15
SES-10207,2025-01-15,02:25:15,STN-CHE-01,Chennai,SUV,CCS,72,73,61,0.40,Failed,Network Error,Maintenance,Failed,0.00
SES-10208,2025-01-15,01:43:42,STN-PUN-01,Pune,SUV,Type 2,24,77,79,43.26,Completed,None,Available,Paid,771.62
SES-10209,2025-01-15,09:47:41,STN-BLR-02,Bengaluru,Sedan,CCS,21,32,13,6.23,Completed,None,Available,Paid,104.48
SES-10210,2025-01-15,16:12:03,STN-MUM-02,Mumbai,Crossover,CCS,56,100,67,31.39,Completed,None,Available,Paid,490.12
SES-10211,2025-01-15,22:01:25,STN-DEL-01,Delhi,SUV,CCS,10,68,88,48.03,Completed,None,Charging,Paid,764.02
SES-10212,2025-01-15,09:26:14,STN-MUM-02,Mumbai,Crossover,CCS,86,100,46,8.84,Completed,None,Available,Paid,159.17
SES-10213,2025-01-15,09:06:46,STN-HYD-01,Hyderabad,Sedan,Type 2,88,100,57,5.97,Completed,None,Charging,Paid,104.09
SES-10214,2025-01-15,15:39:59,STN-MUM-02,Mumbai,Hatchback,CCS,43,73,48,11.70,Completed,None,Charging,Paid,204.72
SES-10215,2025-01-16,12:42:16,STN-PUN-01,Pune,SUV,CCS,38,89,101,40.61,Completed,None,Charging,Paid,673.73
SES-10216,2025-01-16,08:16:55,STN-CBE-01,Coimbatore,Hatchback,CCS,58,100,75,17.69,Completed,None,Available,Paid,267.96
SES-10217,2025-01-16,08:07:04,STN-BLR-01,Bengaluru,SUV,CCS,86,100,22,11.48,Completed,None,Charging,Paid,192.12
SES-10218,2025-01-16,06:35:27,STN-VSKP-01,Visakhapatnam,Crossover,CHAdeMO,69,71,75,0.80,Failed,Network Error,Maintenance,Failed,0.00
SES-10219,2025-01-16,04:46:11,STN-VSKP-01,Visakhapatnam,SUV,CCS,33,76,69,35.58,Completed,None,Available,Paid,573.89
SES-10220,2025-01-16,09:22:15,STN-HYD-01,Hyderabad,Hatchback,CCS,45,77,50,12.18,Completed,None,Charging,Paid,195.84
SES-10221,2025-01-16,10:06:44,STN-CHE-01,Chennai,Hatchback,CCS,67,93,41,10.27,Completed,None,Available,Paid,181.09
SES-10222,2025-01-16,20:36:28,STN-VIJ-01,Vijayawada,Hatchback,Type 2,36,67,61,11.31,Completed,None,Charging,Paid,204.83
SES-10223,2025-01-16,10:35:46,STN-MUM-01,Mumbai,SUV,Type 2,70,79,14,8.13,Completed,None,Available,Paid,140.55
SES-10224,2025-01-16,15:18:12,STN-HYD-01,Hyderabad,Sedan,CCS,49,100,76,25.41,Completed,None,Available,Paid,430.66
SES-10225,2025-01-16,16:36:26,STN-HYD-02,Hyderabad,Hatchback,Type 2,21,28,75,2.56,Cancelled,None,Available,Refunded,0.00
SES-10226,2025-01-17,21:28:19,STN-CHE-01,Chennai,SUV,Type 2,47,100,87,42.14,Completed,None,Available,Paid,648.58
SES-10227,2025-01-17,18:35:01,STN-HYD-01,Hyderabad,SUV,CCS,70,100,113,23.33,Completed,None,Charging,Paid,358.47
SES-10228,2025-01-17,12:15:17,STN-HYD-02,Hyderabad,Sedan,CCS,72,100,61,14.40,Completed,None,Available,Paid,261.28
SES-10229,2025-01-17,05:35:29,STN-CHE-01,Chennai,SUV,CCS,38,100,117,53.36,Completed,None,Available,Paid,960.14
SES-10230,2025-01-17,11:22:33,STN-BLR-02,Bengaluru,Hatchback,Type 2,5,48,58,18.69,Completed,None,Available,Paid,313.83
SES-10231,2025-01-17,08:53:28,STN-DEL-02,Delhi,SUV,CHAdeMO,27,27,38,0.00,Failed,Network Error,Maintenance,Failed,0.00
SES-10232,2025-01-17,10:51:51,STN-DEL-01,Delhi,SUV,CCS,10,36,47,20.87,Completed,None,Charging,Paid,362.31
SES-10233,2025-01-17,09:08:38,STN-DEL-02,Delhi,Sedan,Type 2,20,66,79,24.50,Completed,None,Available,Paid,380.82
SES-10234,2025-01-17,06:37:05,STN-PUN-01,Pune,Sedan,CCS,6,77,107,38.87,Completed,None,Available,Paid,597.54
SES-10235,2025-01-17,20:14:56,STN-VIJ-01,Vijayawada,Hatchback,Type 2,80,81,17,0.40,Failed,Network Error,Maintenance,Paid,6.51
SES-10236,2025-01-17,07:31:03,STN-MUM-01,Mumbai,Sedan,Type 2,31,74,68,23.42,Completed,None,Available,Paid,402.10
SES-10237,2025-01-17,06:04:19,STN-DEL-02,Delhi,SUV,Type 2,23,57,64,30.55,Completed,None,Charging,Paid,510.61
SES-10238,2025-01-17,17:10:36,STN-KOL-01,Kolkata,SUV,CCS,32,100,119,52.64,Completed,None,Charging,Paid,883.90
SES-10239,2025-01-17,06:03:28,STN-HYD-01,Hyderabad,Crossover,CCS,39,47,11,5.82,Completed,None,Available,Paid,103.52
SES-10240,2025-01-17,23:12:41,STN-KOL-01,Kolkata,Sedan,Type 2,72,92,35,11.35,Completed,None,Available,Paid,177.02
SES-10241,2025-01-17,13:30:06,STN-BLR-02,Bengaluru,Sedan,CCS,53,60,72,2.59,Cancelled,None,Available,Refunded,0.00
SES-10242,2025-01-17,07:41:29,STN-MUM-02,Mumbai,SUV,CCS,11,33,26,17.52,Completed,None,Available,Paid,292.21
SES-10243,2025-01-17,10:34:56,STN-PUN-01,Pune,SUV,CCS,41,99,68,45.36,Completed,None,Charging,Paid,734.34
SES-10244,2025-01-18,15:30:18,STN-DEL-02,Delhi,Sedan,CCS,29,100,97,38.18,Completed,None,Charging,Paid,581.55
SES-10245,2025-01-18,23:31:01,STN-BLR-01,Bengaluru,Hatchback,Type 2,45,100,104,22.84,Completed,None,Charging,Paid,345.17
SES-10246,2025-01-18,13:09:01,STN-CBE-01,Coimbatore,SUV,CCS,85,97,25,11.20,Completed,None,Charging,Paid,181.11
SES-10247,2025-01-18,17:23:16,STN-MUM-01,Mumbai,Sedan,CCS,66,100,67,18.06,Completed,None,Available,Paid,318.20
SES-10248,2025-01-18,15:15:45,STN-MUM-02,Mumbai,Sedan,CCS,45,100,73,31.14,Completed,None,Charging,Paid,547.59
SES-10249,2025-01-18,02:30:42,STN-VSKP-01,Visakhapatnam,Hatchback,Type 2,18,55,59,14.16,Completed,None,Charging,Paid,259.94
SES-10250,2025-01-19,09:10:54,STN-DEL-01,Delhi,Sedan,CHAdeMO,58,100,94,20.86,Completed,None,Charging,Paid,375.22
SES-10251,2025-01-19,06:06:25,STN-VIJ-01,Vijayawada,Sedan,CCS,6,100,111,52.63,Completed,None,Available,Paid,829.19
SES-10252,2025-01-19,15:11:30,STN-HYD-01,Hyderabad,Sedan,Type 2,83,100,35,8.55,Completed,None,Charging,Paid,151.29
SES-10253,2025-01-19,14:10:27,STN-BLR-02,Bengaluru,SUV,CCS,52,66,26,11.58,Completed,None,Available,Paid,181.74
SES-10254,2025-01-19,08:46:27,STN-CHE-01,Chennai,Hatchback,CCS,55,85,55,12.27,Completed,None,Charging,Paid,214.24
SES-10255,2025-01-19,19:06:01,STN-VSKP-01,Visakhapatnam,Sedan,Type 2,59,100,115,24.27,Completed,None,Charging,Paid,397.08
SES-10256,2025-01-19,17:03:43,STN-DEL-02,Delhi,Sedan,CCS,16,18,77,0.69,Cancelled,None,Available,Refunded,0.00
SES-10257,2025-01-19,05:10:39,STN-BLR-01,Bengaluru,Sedan,CCS,87,100,59,7.15,Completed,None,Charging,Paid,130.43
SES-10258,2025-01-19,06:10:44,STN-VSKP-01,Visakhapatnam,SUV,Type 2,73,100,52,22.08,Completed,None,Charging,Paid,365.03
SES-10259,2025-01-19,07:02:41,STN-MUM-01,Mumbai,Sedan,CHAdeMO,5,13,57,2.77,Cancelled,None,Maintenance,Refunded,0.00
SES-10260,2025-01-19,20:53:01,STN-DEL-01,Delhi,Hatchback,Type 2,63,66,77,1.20,Failed,Payment Failure,Maintenance,Failed,0.00
SES-10261,2025-01-19,18:01:59,STN-DEL-02,Delhi,Sedan,Type 2,77,79,28,0.77,Cancelled,None,Available,Refunded,0.00
SES-10262,2025-01-19,00:19:37,STN-DEL-01,Delhi,Sedan,CCS,38,40,111,0.80,Failed,Network Error,Offline,Paid,14.78
SES-10263,2025-01-19,07:31:09,STN-MUM-02,Mumbai,Sedan,CCS,50,56,34,2.05,Cancelled,None,Maintenance,Refunded,0.00
SES-10264,2025-01-20,18:39:32,STN-CBE-01,Coimbatore,Hatchback,Type 2,63,66,81,1.13,Cancelled,None,Maintenance,Refunded,0.00
SES-10265,2025-01-20,17:40:53,STN-KOL-01,Kolkata,Hatchback,CCS,70,92,27,9.58,Completed,None,Available,Paid,170.30
SES-10266,2025-01-20,08:36:53,STN-MUM-02,Mumbai,Crossover,Type 2,23,74,60,32.83,Completed,None,Available,Paid,575.25
SES-10267,2025-01-20,07:21:56,STN-PUN-01,Pune,Sedan,CCS,32,47,27,8.34,Completed,None,Charging,Paid,132.94
SES-10268,2025-01-20,19:42:26,STN-DEL-02,Delhi,Sedan,CCS,44,99,67,30.73,Completed,None,Charging,Paid,465.30
SES-10269,2025-01-20,18:33:31,STN-CBE-01,Coimbatore,SUV,CCS,61,100,73,30.83,Completed,None,Available,Paid,500.75
SES-10270,2025-01-20,14:01:11,STN-BLR-02,Bengaluru,SUV,Type 2,55,100,80,41.41,Completed,None,Available,Paid,629.81
SES-10271,2025-01-20,10:11:25,STN-CBE-01,Coimbatore,SUV,CCS,26,59,66,29.66,Completed,None,Available,Paid,495.57
SES-10272,2025-01-20,01:31:56,STN-MUM-01,Mumbai,Sedan,Type 2,72,88,26,8.68,Completed,None,Available,Paid,132.74
SES-10273,2025-01-20,08:19:38,STN-CHE-01,Chennai,Sedan,Type 2,12,50,68,22.07,Completed,None,Available,Paid,338.61
SES-10274,2025-01-20,17:00:50,STN-CHE-01,Chennai,Sedan,CHAdeMO,64,100,76,17.96,Completed,None,Available,Paid,289.76
SES-10275,2025-01-20,16:23:53,STN-VSKP-01,Visakhapatnam,Hatchback,CCS,69,100,95,13.25,Completed,None,Available,Paid,204.50
SES-10276,2025-01-20,09:30:56,STN-HYD-01,Hyderabad,SUV,CCS,40,59,24,17.65,Completed,None,Available,Paid,290.30
SES-10277,2025-01-20,22:28:14,STN-HYD-01,Hyderabad,Hatchback,CHAdeMO,75,100,104,9.12,Completed,None,Charging,Paid,146.02
SES-10278,2025-01-20,20:27:19,STN-MUM-01,Mumbai,Sedan,CCS,33,100,109,34.33,Completed,None,Charging,Paid,604.02
SES-10279,2025-01-20,16:23:20,STN-VIJ-01,Vijayawada,Hatchback,CCS,69,70,35,0.50,Cancelled,None,Maintenance,Refunded,0.00
SES-10280,2025-01-21,05:13:36,STN-DEL-02,Delhi,SUV,CCS,60,91,57,25.90,Completed,None,Charging,Paid,441.21
SES-10281,2025-01-21,17:13:33,STN-VSKP-01,Visakhapatnam,Sedan,CCS,86,100,23,8.44,Completed,None,Available,Paid,135.06
SES-10282,2025-01-21,21:11:21,STN-DEL-02,Delhi,Crossover,CCS,8,9,90,0.40,Failed,Network Error,Maintenance,Paid,6.34
SES-10283,2025-01-21,07:35:44,STN-MUM-02,Mumbai,SUV,Type 2,88,100,18,9.29,Completed,None,Charging,Paid,150.18
SES-10284,2025-01-21,09:13:15,STN-CBE-01,Coimbatore,SUV,Type 2,76,79,16,1.20,Failed,Payment Failure,Maintenance,Failed,0.00
SES-10285,2025-01-21,23:55:24,STN-BLR-01,Bengaluru,Hatchback,CCS,54,100,119,19.89,Completed,None,Available,Paid,356.74
SES-10286,2025-01-21,09:44:35,STN-CBE-01,Coimbatore,SUV,Type 2,43,100,100,46.89,Completed,None,Available,Paid,752.69
SES-10287,2025-01-21,17:37:02,STN-HYD-01,Hyderabad,Hatchback,CCS,39,100,101,23.05,Completed,None,Available,Paid,367.90
SES-10288,2025-01-21,08:44:58,STN-VIJ-01,Vijayawada,Hatchback,CCS,29,77,64,17.45,Completed,None,Charging,Paid,295.11
SES-10289,2025-01-21,06:04:03,STN-BLR-01,Bengaluru,SUV,CHAdeMO,82,94,21,10.63,Completed,None,Available,Paid,162.31
SES-10290,2025-01-21,09:50:13,STN-DEL-02,Delhi,Hatchback,CCS,48,68,26,7.63,Completed,None,Charging,Paid,134.85
SES-10291,2025-01-21,13:13:05,STN-HYD-01,Hyderabad,Hatchback,Type 2,51,99,82,18.97,Completed,None,Available,Paid,298.96
SES-10292,2025-01-21,18:16:44,STN-CHE-01,Chennai,Sedan,Type 2,44,100,117,30.19,Completed,None,Available,Paid,480.78
SES-10293,2025-01-21,19:06:45,STN-DEL-01,Delhi,Sedan,Type 2,35,100,117,35.55,Completed,None,Charging,Paid,656.07
SES-10294,2025-01-21,07:43:16,STN-HYD-01,Hyderabad,Sedan,CCS,73,83,17,5.70,Completed,None,Available,Paid,86.10
SES-10295,2025-01-21,19:46:43,STN-DEL-02,Delhi,SUV,CCS,85,100,100,12.57,Completed,None,Charging,Paid,209.05
SES-10296,2025-01-22,17:44:26,STN-CBE-01,Coimbatore,Hatchback,CCS,78,100,51,8.40,Completed,None,Available,Paid,151.26
SES-10297,2025-01-22,12:39:58,STN-DEL-02,Delhi,SUV,CCS,47,92,85,36.06,Completed,None,Available,Paid,549.98
SES-10298,2025-01-22,09:42:32,STN-DEL-01,Delhi,Sedan,CCS,59,86,46,14.37,Completed,None,Charging,Paid,254.42
SES-10299,2025-01-22,01:34:16,STN-BLR-01,Bengaluru,SUV,Type 2,20,41,29,16.37,Completed,None,Charging,Paid,275.13
SES-10300,2025-01-22,16:45:53,STN-MUM-01,Mumbai,Hatchback,CCS,72,79,10,2.80,Completed,None,Available,Paid,46.90
SES-10301,2025-01-22,06:31:39,STN-DEL-01,Delhi,Sedan,Type 2,73,87,18,7.59,Completed,None,Available,Paid,130.11
SES-10302,2025-01-22,20:19:34,STN-VIJ-01,Vijayawada,Hatchback,CCS,46,47,120,0.40,Failed,Connector Error,Offline,Failed,0.00
SES-10303,2025-01-22,20:28:05,STN-CHE-01,Chennai,Hatchback,Type 2,45,66,33,8.31,Completed,None,Charging,Paid,143.82
SES-10304,2025-01-22,19:30:21,STN-KOL-01,Kolkata,Sedan,CHAdeMO,54,54,43,0.00,Failed,Network Error,Offline,Paid,0.00
SES-10305,2025-01-22,17:04:59,STN-CBE-01,Coimbatore,Sedan,CHAdeMO,88,100,45,6.22,Completed,None,Available,Paid,112.00
SES-10306,2025-01-22,08:07:54,STN-DEL-02,Delhi,SUV,CCS,10,16,13,4.87,Completed,None,Available,Paid,77.16
SES-10307,2025-01-22,14:43:22,STN-BLR-02,Bengaluru,Hatchback,Type 2,79,100,38,7.90,Completed,None,Charging,Paid,119.72
SES-10308,2025-01-22,06:38:46,STN-CHE-01,Chennai,Hatchback,CCS,57,100,96,18.92,Completed,None,Charging,Paid,291.21
SES-10309,2025-01-22,22:10:28,STN-BLR-01,Bengaluru,SUV,CCS,21,100,108,62.46,Completed,None,Charging,Paid,937.14
SES-10310,2025-01-22,06:15:34,STN-DEL-01,Delhi,SUV,Type 2,61,78,25,14.37,Completed,None,Charging,Paid,219.61
SES-10311,2025-01-23,20:02:00,STN-DEL-02,Delhi,Sedan,CHAdeMO,71,82,17,5.59,Completed,None,Available,Paid,87.36
SES-10312,2025-01-23,09:52:46,STN-VSKP-01,Visakhapatnam,Hatchback,CHAdeMO,20,100,100,31.84,Completed,None,Available,Paid,556.39
SES-10313,2025-01-23,09:01:28,STN-DEL-02,Delhi,Sedan,CCS,56,89,48,17.57,Completed,None,Available,Paid,267.10
SES-10314,2025-01-23,20:07:28,STN-DEL-01,Delhi,Hatchback,Type 2,38,39,67,0.40,Failed,Charging Interrupted,Offline,Failed,0.00
SES-10315,2025-01-23,18:32:02,STN-MUM-01,Mumbai,Sedan,Type 2,88,100,21,6.87,Completed,None,Available,Paid,126.53
SES-10316,2025-01-23,18:04:26,STN-KOL-01,Kolkata,Sedan,CCS,85,100,53,8.94,Completed,None,Charging,Paid,140.29
SES-10317,2025-01-23,07:19:44,STN-DEL-01,Delhi,Sedan,Type 2,24,28,13,1.56,Cancelled,None,Maintenance,Refunded,0.00
SES-10318,2025-01-23,08:38:03,STN-CBE-01,Coimbatore,Sedan,CCS,84,100,120,8.69,Completed,None,Charging,Paid,137.93
SES-10319,2025-01-23,12:18:37,STN-HYD-01,Hyderabad,SUV,CCS,60,83,34,18.57,Completed,None,Available,Paid,291.25
SES-10320,2025-01-23,06:42:12,STN-HYD-02,Hyderabad,Sedan,Type 2,55,100,79,25.74,Completed,None,Available,Paid,470.99
SES-10321,2025-01-23,18:56:21,STN-VSKP-01,Visakhapatnam,Crossover,CCS,57,100,76,27.22,Completed,None,Available,Paid,425.46
SES-10322,2025-01-24,09:46:52,STN-MUM-01,Mumbai,SUV,CCS,53,54,48,0.50,Cancelled,None,Maintenance,Refunded,0.00
SES-10323,2025-01-24,19:42:18,STN-HYD-02,Hyderabad,SUV,CCS,8,33,33,23.26,Completed,None,Available,Paid,374.47
SES-10324,2025-01-24,08:07:41,STN-BLR-01,Bengaluru,SUV,Type 2,22,84,94,54.04,Completed,None,Available,Paid,814.14
SES-10325,2025-01-24,15:50:25,STN-MUM-02,Mumbai,SUV,CCS,40,51,15,9.36,Completed,None,Charging,Paid,153.46
SES-10326,2025-01-24,09:12:27,STN-CHE-01,Chennai,Sedan,CCS,39,100,106,31.11,Completed,None,Available,Paid,506.08
SES-10327,2025-01-24,18:55:18,STN-CBE-01,Coimbatore,Crossover,Type 2,34,85,81,38.44,Completed,None,Available,Paid,595.02
SES-10328,2025-01-24,19:50:11,STN-PUN-01,Pune,SUV,CCS,67,100,42,27.80,Completed,None,Available,Paid,423.70
SES-10329,2025-01-24,14:54:13,STN-DEL-01,Delhi,Sedan,Type 2,86,100,57,7.51,Completed,None,Charging,Paid,122.31
SES-10330,2025-01-25,04:41:26,STN-CHE-01,Chennai,SUV,CCS,25,85,76,55.75,Completed,None,Charging,Paid,890.19
SES-10331,2025-01-25,21:33:42,STN-PUN-01,Pune,SUV,CCS,56,65,11,7.35,Completed,None,Charging,Paid,126.79
SES-10332,2025-01-25,09:05:45,STN-VSKP-01,Visakhapatnam,Sedan,CCS,73,99,47,12.97,Completed,None,Available,Paid,239.41
SES-10333,2025-01-25,17:48:41,STN-BLR-01,Bengaluru,Crossover,CCS,45,80,49,25.34,Completed,None,Available,Paid,425.06
SES-10334,2025-01-25,07:34:39,STN-BLR-01,Bengaluru,Sedan,CHAdeMO,58,100,65,22.33,Completed,None,Charging,Paid,372.85
SES-10335,2025-01-25,16:51:53,STN-MUM-02,Mumbai,SUV,CCS,34,94,112,50.92,Completed,None,Available,Paid,833.49
SES-10336,2025-01-25,20:06:10,STN-MUM-01,Mumbai,Crossover,Type 2,60,100,112,28.97,Completed,None,Charging,Paid,481.97
SES-10337,2025-01-25,20:03:24,STN-CHE-01,Chennai,Sedan,CCS,83,100,97,9.08,Completed,None,Available,Paid,152.35
SES-10338,2025-01-25,18:37:45,STN-CBE-01,Coimbatore,Sedan,Type 2,45,71,30,13.90,Completed,None,Available,Paid,245.22
SES-10339,2025-01-25,10:50:52,STN-CHE-01,Chennai,Sedan,CHAdeMO,18,70,91,26.47,Completed,None,Available,Paid,397.56
SES-10340,2025-01-25,15:52:23,STN-CBE-01,Coimbatore,Sedan,CCS,25,55,44,16.61,Completed,None,Available,Paid,259.51
SES-10341,2025-01-25,21:12:24,STN-DEL-01,Delhi,Sedan,Type 2,29,78,84,28.46,Completed,None,Available,Paid,487.93
SES-10342,2025-01-25,19:53:56,STN-BLR-01,Bengaluru,Hatchback,CHAdeMO,54,100,84,20.23,Completed,None,Available,Paid,365.99
SES-10343,2025-01-25,22:03:10,STN-PUN-01,Pune,Hatchback,Type 2,57,100,76,15.98,Completed,None,Charging,Paid,275.40
SES-10344,2025-01-25,21:06:45,STN-BLR-02,Bengaluru,Hatchback,CCS,52,100,69,20.61,Completed,None,Charging,Paid,326.58
SES-10345,2025-01-25,09:27:53,STN-MUM-02,Mumbai,SUV,CCS,74,94,32,15.99,Completed,None,Available,Paid,253.17
SES-10346,2025-01-25,16:44:22,STN-MUM-01,Mumbai,Hatchback,CCS,52,55,74,1.20,Failed,Network Error,Maintenance,Paid,18.88
SES-10347,2025-01-25,09:42:46,STN-DEL-02,Delhi,SUV,Type 2,8,63,72,47.51,Completed,None,Available,Paid,842.18
SES-10348,2025-01-25,10:24:53,STN-BLR-02,Bengaluru,Sedan,Type 2,28,50,32,11.12,Completed,None,Charging,Paid,192.82
SES-10349,2025-01-25,14:32:35,STN-VIJ-01,Vijayawada,SUV,CHAdeMO,35,100,95,54.20,Completed,None,Charging,Paid,902.89
SES-10350,2025-01-26,07:34:29,STN-VSKP-01,Visakhapatnam,Sedan,CCS,87,100,51,7.31,Completed,None,Available,Paid,111.32
SES-10351,2025-01-26,15:02:15,STN-HYD-01,Hyderabad,Crossover,CCS,79,100,103,14.04,Completed,None,Charging,Paid,220.19
SES-10352,2025-01-26,07:51:28,STN-HYD-02,Hyderabad,SUV,CCS,33,92,73,46.38,Completed,None,Charging,Paid,851.77
SES-10353,2025-01-26,20:45:55,STN-MUM-02,Mumbai,Hatchback,CCS,9,73,75,26.14,Completed,None,Available,Paid,396.85
SES-10354,2025-01-26,23:37:41,STN-PUN-01,Pune,Hatchback,CCS,86,100,90,5.85,Completed,None,Charging,Paid,98.47
SES-10355,2025-01-26,17:52:53,STN-VSKP-01,Visakhapatnam,Hatchback,CCS,71,98,50,10.07,Completed,None,Charging,Paid,155.41
SES-10356,2025-01-26,17:37:22,STN-KOL-01,Kolkata,Sedan,Type 2,79,97,29,10.62,Completed,None,Available,Paid,196.34
SES-10357,2025-01-26,12:06:21,STN-BLR-02,Bengaluru,SUV,CCS,89,100,18,8.60,Completed,None,Available,Paid,133.08
SES-10358,2025-01-26,07:48:40,STN-PUN-01,Pune,Hatchback,CCS,87,100,66,4.86,Completed,None,Available,Paid,83.35
SES-10359,2025-01-26,07:56:06,STN-KOL-01,Kolkata,Sedan,CHAdeMO,57,100,84,21.53,Completed,None,Charging,Paid,363.74
SES-10360,2025-01-26,15:49:37,STN-DEL-01,Delhi,Crossover,CHAdeMO,68,83,26,10.04,Completed,None,Charging,Paid,175.85
SES-10361,2025-01-27,20:32:00,STN-MUM-02,Mumbai,SUV,CCS,39,100,87,47.64,Completed,None,Charging,Paid,842.97
SES-10362,2025-01-27,07:59:33,STN-BLR-01,Bengaluru,Sedan,CHAdeMO,16,94,91,40.06,Completed,None,Charging,Paid,735.92
SES-10363,2025-01-27,03:03:42,STN-MUM-01,Mumbai,SUV,CCS,51,64,27,11.57,Completed,None,Available,Paid,208.88
SES-10364,2025-01-27,18:03:00,STN-PUN-01,Pune,Hatchback,CCS,59,100,117,16.00,Completed,None,Available,Paid,290.30
SES-10365,2025-01-27,04:49:08,STN-CHE-01,Chennai,SUV,Type 2,73,100,72,21.96,Completed,None,Charging,Paid,393.70
SES-10366,2025-01-27,06:07:23,STN-VIJ-01,Vijayawada,SUV,Type 2,87,100,81,10.45,Completed,None,Charging,Paid,184.17
SES-10367,2025-01-27,19:49:51,STN-BLR-02,Bengaluru,SUV,Type 2,42,100,102,49.98,Completed,None,Charging,Paid,879.54
SES-10368,2025-01-27,06:26:31,STN-CHE-01,Chennai,SUV,Type 2,33,89,81,48.79,Completed,None,Charging,Paid,771.52
SES-10369,2025-01-27,20:17:27,STN-PUN-01,Pune,Sedan,CCS,16,42,35,15.49,Completed,None,Available,Paid,243.87
SES-10370,2025-01-28,09:15:34,STN-BLR-02,Bengaluru,Sedan,Type 2,23,86,101,33.14,Completed,None,Available,Paid,599.82
SES-10371,2025-01-28,07:58:30,STN-BLR-01,Bengaluru,Sedan,CCS,13,61,81,28.32,Completed,None,Charging,Paid,446.50
SES-10372,2025-01-28,17:16:38,STN-HYD-02,Hyderabad,Sedan,CCS,86,100,93,8.07,Completed,None,Available,Paid,125.14
SES-10373,2025-01-28,21:25:47,STN-HYD-02,Hyderabad,Sedan,CCS,33,35,120,0.71,Cancelled,None,Available,Refunded,0.00
SES-10374,2025-01-28,16:03:29,STN-DEL-01,Delhi,SUV,CCS,7,57,81,42.26,Completed,None,Available,Paid,753.05
SES-10375,2025-01-28,06:10:01,STN-HYD-01,Hyderabad,SUV,Type 2,34,100,87,51.93,Completed,None,Charging,Paid,953.12
SES-10376,2025-01-28,17:29:35,STN-HYD-02,Hyderabad,Sedan,Type 2,62,75,22,7.36,Completed,None,Charging,Paid,113.30
SES-10377,2025-01-28,19:52:06,STN-HYD-01,Hyderabad,Sedan,Type 2,57,60,113,1.20,Failed,Station Offline,Maintenance,Failed,0.00
SES-10378,2025-01-28,18:57:25,STN-BLR-02,Bengaluru,Sedan,CCS,8,22,26,7.36,Completed,None,Charging,Paid,121.14
SES-10379,2025-01-28,22:44:05,STN-HYD-02,Hyderabad,SUV,Type 2,61,89,35,24.45,Completed,None,Charging,Paid,408.38
SES-10380,2025-01-28,18:07:23,STN-CBE-01,Coimbatore,Sedan,Type 2,58,58,15,0.00,Failed,Station Offline,Offline,Failed,0.00
SES-10381,2025-01-28,12:36:17,STN-PUN-01,Pune,SUV,CHAdeMO,32,96,90,52.93,Completed,None,Available,Paid,915.60
SES-10382,2025-01-28,16:36:29,STN-BLR-01,Bengaluru,SUV,CCS,20,31,13,9.63,Completed,None,Charging,Paid,153.63
SES-10383,2025-01-28,17:32:09,STN-PUN-01,Pune,SUV,CCS,17,17,98,0.00,Failed,Station Offline,Maintenance,Paid,0.00
SES-10384,2025-01-28,19:53:29,STN-PUN-01,Pune,Hatchback,CHAdeMO,76,85,16,3.89,Completed,None,Available,Paid,60.45
SES-10385,2025-01-28,02:08:53,STN-HYD-01,Hyderabad,Sedan,CHAdeMO,60,82,26,12.26,Completed,None,Available,Paid,201.18
SES-10386,2025-01-28,06:54:28,STN-CBE-01,Coimbatore,Sedan,CCS,57,65,95,2.98,Cancelled,None,Available,Refunded,0.00
SES-10387,2025-01-29,09:52:14,STN-DEL-02,Delhi,Sedan,CCS,52,100,101,28.79,Completed,None,Charging,Paid,490.84
SES-10388,2025-01-29,17:38:52,STN-DEL-02,Delhi,Sedan,Type 2,29,68,59,19.69,Completed,None,Charging,Paid,347.39
SES-10389,2025-01-29,07:17:02,STN-VIJ-01,Vijayawada,Sedan,Type 2,70,81,15,6.06,Completed,None,Available,Paid,95.70
SES-10390,2025-01-29,08:17:43,STN-VIJ-01,Vijayawada,Hatchback,Type 2,34,54,39,7.32,Completed,None,Available,Paid,133.37
SES-10391,2025-01-29,18:57:32,STN-MUM-01,Mumbai,Sedan,CCS,7,10,83,1.20,Failed,Charging Interrupted,Maintenance,Failed,0.00
SES-10392,2025-01-29,19:30:57,STN-VSKP-01,Visakhapatnam,Crossover,CCS,27,34,65,2.62,Cancelled,None,Available,Refunded,0.00
SES-10393,2025-01-29,13:58:17,STN-VSKP-01,Visakhapatnam,Sedan,CCS,33,68,48,17.46,Completed,None,Charging,Paid,305.44
SES-10394,2025-01-29,08:33:28,STN-HYD-02,Hyderabad,Hatchback,Type 2,45,64,23,7.63,Completed,None,Charging,Paid,138.53
SES-10395,2025-01-29,05:01:43,STN-VSKP-01,Visakhapatnam,Hatchback,CCS,15,56,63,15.20,Completed,None,Charging,Paid,254.82
SES-10396,2025-01-29,21:41:24,STN-BLR-01,Bengaluru,Sedan,CCS,25,28,119,1.20,Failed,Network Error,Maintenance,Failed,0.00
SES-10397,2025-01-29,13:20:54,STN-CBE-01,Coimbatore,Sedan,CCS,28,100,115,37.70,Completed,None,Available,Paid,665.99
SES-10398,2025-01-29,08:30:13,STN-BLR-01,Bengaluru,SUV,CCS,69,96,31,21.67,Completed,None,Available,Paid,370.89
SES-10399,2025-01-29,07:31:27,STN-CHE-01,Chennai,Hatchback,CCS,5,7,66,0.68,Cancelled,None,Available,Refunded,0.00
SES-10400,2025-01-29,01:48:08,STN-VIJ-01,Vijayawada,SUV,CCS,58,62,50,1.60,Failed,Network Error,Offline,Paid,27.92
SES-10401,2025-01-29,02:21:31,STN-PUN-01,Pune,Sedan,CHAdeMO,76,100,99,12.24,Completed,None,Available,Paid,220.32
SES-10402,2025-01-29,19:04:41,STN-BLR-01,Bengaluru,SUV,CCS,38,52,19,11.94,Completed,None,Available,Paid,187.27
SES-10403,2025-01-30,09:58:09,STN-BLR-02,Bengaluru,Sedan,CCS,84,89,11,3.02,Completed,None,Available,Paid,45.83
SES-10404,2025-01-30,16:57:14,STN-MUM-02,Mumbai,Crossover,CCS,72,100,76,18.65,Completed,None,Available,Paid,280.92
SES-10405,2025-01-30,17:58:46,STN-PUN-01,Pune,Hatchback,Type 2,87,100,57,4.88,Completed,None,Charging,Paid,86.61
SES-10406,2025-01-30,07:09:27,STN-VIJ-01,Vijayawada,Sedan,CCS,33,36,51,1.00,Cancelled,None,Available,Refunded,0.00
SES-10407,2025-01-30,08:34:05,STN-CBE-01,Coimbatore,Sedan,CCS,7,7,20,0.00,Failed,Payment Failure,Offline,Failed,0.00
SES-10408,2025-01-30,11:37:12,STN-HYD-01,Hyderabad,Sedan,CCS,15,72,83,28.88,Completed,None,Available,Paid,437.92
SES-10409,2025-01-30,22:02:07,STN-KOL-01,Kolkata,Hatchback,Type 2,12,30,21,7.42,Completed,None,Charging,Paid,127.44
SES-10410,2025-01-30,09:57:19,STN-VIJ-01,Vijayawada,Crossover,Type 2,66,79,23,9.87,Completed,None,Available,Paid,164.67
SES-10411,2025-01-30,14:50:20,STN-VSKP-01,Visakhapatnam,Sedan,CCS,37,39,39,0.80,Failed,Station Offline,Maintenance,Failed,0.00
SES-10412,2025-01-30,02:07:22,STN-PUN-01,Pune,SUV,CCS,12,69,114,48.44,Completed,None,Charging,Paid,858.18
SES-10413,2025-01-30,15:02:47,STN-BLR-01,Bengaluru,Crossover,CCS,29,33,69,1.60,Failed,Payment Failure,Offline,Failed,0.00
SES-10414,2025-01-31,08:13:12,STN-DEL-01,Delhi,Sedan,Type 2,30,94,86,35.60,Completed,None,Charging,Paid,554.20
SES-10415,2025-01-31,07:06:14,STN-VIJ-01,Vijayawada,Sedan,Type 2,30,56,39,13.95,Completed,None,Charging,Paid,248.83
SES-10416,2025-01-31,19:33:40,STN-BLR-02,Bengaluru,Sedan,CCS,21,46,47,13.32,Completed,None,Available,Paid,215.82
SES-10417,2025-01-31,20:48:36,STN-CBE-01,Coimbatore,Sedan,Type 2,33,92,84,33.77,Completed,None,Available,Paid,572.24
SES-10418,2025-01-31,13:09:42,STN-VSKP-01,Visakhapatnam,Sedan,CCS,47,94,74,25.57,Completed,None,Available,Paid,458.23
SES-10419,2025-01-31,16:07:55,STN-BLR-02,Bengaluru,Crossover,Type 2,77,78,100,0.40,Failed,Payment Failure,Offline,Failed,0.00
SES-10420,2025-01-31,13:49:11,STN-HYD-02,Hyderabad,SUV,Type 2,82,100,56,13.99,Completed,None,Available,Paid,258.46
SES-10421,2025-02-01,23:59:25,STN-VIJ-01,Vijayawada,Sedan,CHAdeMO,9,50,48,21.06,Completed,None,Available,Paid,386.70
SES-10422,2025-02-01,18:13:40,STN-DEL-02,Delhi,SUV,CCS,54,100,116,42.38,Completed,None,Charging,Paid,761.19
SES-10423,2025-02-01,07:22:42,STN-HYD-01,Hyderabad,Hatchback,CCS,60,69,58,3.13,Cancelled,None,Maintenance,Refunded,0.00
SES-10424,2025-02-01,18:04:42,STN-HYD-02,Hyderabad,SUV,CCS,67,68,110,0.40,Failed,Network Error,Offline,Failed,0.00
SES-10425,2025-02-01,04:12:42,STN-MUM-01,Mumbai,Sedan,CCS,61,100,82,21.65,Completed,None,Charging,Paid,361.65
SES-10426,2025-02-01,16:17:58,STN-MUM-02,Mumbai,Sedan,CCS,49,100,67,30.13,Completed,None,Charging,Paid,526.28
SES-10427,2025-02-01,00:56:27,STN-CHE-01,Chennai,Hatchback,CCS,41,100,116,24.78,Completed,None,Charging,Paid,397.93
SES-10428,2025-02-01,17:26:31,STN-BLR-02,Bengaluru,Sedan,CCS,76,100,99,14.34,Completed,None,Available,Paid,242.77
SES-10429,2025-02-01,14:39:31,STN-HYD-01,Hyderabad,Sedan,CHAdeMO,83,85,98,0.80,Failed,Station Offline,Maintenance,Failed,0.00
SES-10430,2025-02-02,02:32:03,STN-DEL-02,Delhi,SUV,Type 2,40,54,26,11.05,Completed,None,Available,Paid,188.72
SES-10431,2025-02-02,07:33:47,STN-KOL-01,Kolkata,Sedan,CCS,37,46,15,5.32,Completed,None,Available,Paid,83.67
SES-10432,2025-02-02,22:07:05,STN-HYD-01,Hyderabad,Crossover,CCS,10,11,24,0.40,Failed,Payment Failure,Offline,Failed,0.00
SES-10433,2025-02-02,18:47:38,STN-CBE-01,Coimbatore,SUV,CCS,80,100,76,17.54,Completed,None,Available,Paid,308.11
SES-10434,2025-02-02,11:12:04,STN-CHE-01,Chennai,Sedan,CCS,75,100,104,13.10,Completed,None,Charging,Paid,231.49
SES-10435,2025-02-02,06:53:17,STN-VIJ-01,Vijayawada,Sedan,CCS,49,68,37,10.14,Completed,None,Charging,Paid,155.86
SES-10436,2025-02-03,19:01:09,STN-KOL-01,Kolkata,SUV,CCS,11,61,82,44.42,Completed,None,Available,Paid,709.39
SES-10437,2025-02-03,16:49:46,STN-VIJ-01,Vijayawada,SUV,CHAdeMO,69,100,53,27.82,Completed,None,Available,Paid,469.00
SES-10438,2025-02-03,21:46:12,STN-CHE-01,Chennai,Hatchback,Type 2,28,48,27,7.41,Completed,None,Available,Paid,119.66
SES-10439,2025-02-03,09:56:54,STN-HYD-02,Hyderabad,SUV,CCS,49,100,113,44.05,Completed,None,Available,Paid,667.79
SES-10440,2025-02-03,19:34:38,STN-PUN-01,Pune,SUV,Type 2,65,86,41,16.49,Completed,None,Available,Paid,256.47
SES-10441,2025-02-03,08:45:13,STN-MUM-01,Mumbai,Crossover,CCS,23,24,92,0.50,Cancelled,None,Available,Refunded,0.00
SES-10442,2025-02-03,19:43:23,STN-MUM-01,Mumbai,SUV,CCS,36,76,78,31.78,Completed,None,Available,Paid,496.28
SES-10443,2025-02-03,12:50:42,STN-BLR-01,Bengaluru,SUV,CCS,34,76,53,35.07,Completed,None,Available,Paid,644.70
SES-10444,2025-02-03,22:22:55,STN-MUM-01,Mumbai,Hatchback,Type 2,69,100,79,11.90,Completed,None,Available,Paid,195.01
SES-10445,2025-02-04,19:17:11,STN-HYD-01,Hyderabad,Hatchback,CCS,36,88,72,19.75,Completed,None,Charging,Paid,330.57
SES-10446,2025-02-04,18:27:59,STN-VSKP-01,Visakhapatnam,SUV,CCS,61,100,85,35.13,Completed,None,Available,Paid,531.61
SES-10447,2025-02-04,16:18:27,STN-MUM-01,Mumbai,Hatchback,CHAdeMO,24,83,67,21.60,Completed,None,Charging,Paid,351.16
SES-10448,2025-02-04,19:48:36,STN-DEL-02,Delhi,SUV,CCS,89,92,56,1.20,Failed,Station Offline,Maintenance,Failed,0.00
SES-10449,2025-02-04,18:33:34,STN-VSKP-01,Visakhapatnam,SUV,Type 2,87,100,115,10.96,Completed,None,Charging,Paid,175.71
SES-10450,2025-02-04,14:37:12,STN-KOL-01,Kolkata,Sedan,Type 2,34,50,26,9.03,Completed,None,Available,Paid,143.67
SES-10451,2025-02-04,17:59:53,STN-VSKP-01,Visakhapatnam,Hatchback,CCS,63,100,48,15.66,Completed,None,Charging,Paid,260.08
SES-10452,2025-02-04,05:27:47,STN-MUM-01,Mumbai,Sedan,Type 2,66,100,68,17.21,Completed,None,Available,Paid,267.71
SES-10453,2025-02-04,18:44:45,STN-BLR-02,Bengaluru,Sedan,Type 2,71,80,16,5.05,Completed,None,Available,Paid,88.22
SES-10454,2025-02-04,01:54:54,STN-BLR-01,Bengaluru,Crossover,CHAdeMO,35,97,72,39.85,Completed,None,Charging,Paid,691.53
SES-10455,2025-02-04,16:25:39,STN-KOL-01,Kolkata,Sedan,CCS,70,74,66,1.60,Failed,Payment Failure,Maintenance,Failed,0.00
SES-10456,2025-02-04,07:40:00,STN-HYD-01,Hyderabad,Sedan,CHAdeMO,58,100,84,22.96,Completed,None,Available,Paid,385.20
SES-10457,2025-02-04,10:50:22,STN-CHE-01,Chennai,Sedan,CCS,14,40,43,13.80,Completed,None,Available,Paid,224.42
SES-10458,2025-02-04,14:22:31,STN-HYD-02,Hyderabad,Sedan,Type 2,42,83,62,21.56,Completed,None,Available,Paid,371.21
SES-10459,2025-02-04,10:42:17,STN-MUM-02,Mumbai,SUV,CCS,87,100,75,12.10,Completed,None,Charging,Paid,185.67
SES-10460,2025-02-04,16:32:20,STN-HYD-02,Hyderabad,Sedan,CCS,35,100,87,32.39,Completed,None,Available,Paid,594.06
SES-10461,2025-02-05,14:22:26,STN-PUN-01,Pune,Sedan,CCS,33,81,91,27.71,Completed,None,Available,Paid,505.02
SES-10462,2025-02-05,16:17:23,STN-MUM-02,Mumbai,Sedan,CCS,29,68,57,22.51,Completed,None,Available,Paid,351.97
SES-10463,2025-02-05,18:39:50,STN-DEL-02,Delhi,Sedan,CCS,36,83,69,28.07,Completed,None,Available,Paid,425.31
SES-10464,2025-02-05,10:49:47,STN-DEL-01,Delhi,Sedan,CCS,21,48,52,14.87,Completed,None,Available,Paid,247.79
SES-10465,2025-02-05,16:05:26,STN-BLR-01,Bengaluru,SUV,CCS,49,92,82,38.37,Completed,None,Available,Paid,683.04
SES-10466,2025-02-05,18:44:56,STN-CHE-01,Chennai,Sedan,CCS,53,100,112,27.96,Completed,None,Available,Paid,497.41
SES-10467,2025-02-05,19:25:39,STN-VSKP-01,Visakhapatnam,Sedan,CCS,22,29,13,4.19,Completed,None,Charging,Paid,70.35
SES-10468,2025-02-05,17:12:48,STN-HYD-02,Hyderabad,Hatchback,CCS,79,100,87,8.56,Completed,None,Available,Paid,141.14
SES-10469,2025-02-05,07:36:53,STN-MUM-01,Mumbai,Hatchback,Type 2,56,63,84,2.77,Cancelled,None,Available,Refunded,0.00
SES-10470,2025-02-05,12:16:27,STN-BLR-01,Bengaluru,Sedan,Type 2,24,100,103,42.33,Completed,None,Available,Paid,731.94
SES-10471,2025-02-05,15:24:57,STN-MUM-01,Mumbai,Sedan,CCS,66,100,113,18.33,Completed,None,Charging,Paid,294.76
SES-10472,2025-02-05,00:05:10,STN-BLR-01,Bengaluru,SUV,CCS,17,83,116,57.31,Completed,None,Available,Paid,"1,018.56"
SES-10473,2025-02-06,09:37:05,STN-CBE-01,Coimbatore,SUV,Type 2,47,49,100,0.80,Failed,Connector Error,Maintenance,Failed,0.00
SES-10474,2025-02-06,02:13:01,STN-CBE-01,Coimbatore,Crossover,CCS,88,100,102,9.06,Completed,None,Charging,Paid,166.54
SES-10475,2025-02-06,21:54:52,STN-BLR-01,Bengaluru,SUV,CCS,25,59,61,28.48,Completed,None,Charging,Paid,471.03
SES-10476,2025-02-06,14:23:18,STN-PUN-01,Pune,SUV,CCS,10,11,41,0.40,Failed,Network Error,Offline,Failed,0.00
SES-10477,2025-02-06,17:48:51,STN-BLR-02,Bengaluru,Hatchback,CHAdeMO,75,100,103,9.55,Completed,None,Charging,Paid,161.32
SES-10478,2025-02-06,12:44:34,STN-DEL-02,Delhi,SUV,CCS,57,100,99,35.23,Completed,None,Available,Paid,568.83
SES-10479,2025-02-06,20:35:24,STN-VSKP-01,Visakhapatnam,Sedan,Type 2,56,100,103,23.63,Completed,None,Available,Paid,422.82
SES-10480,2025-02-06,02:59:42,STN-CBE-01,Coimbatore,SUV,CCS,73,100,60,23.32,Completed,None,Charging,Paid,416.15
SES-10481,2025-02-06,16:15:33,STN-MUM-01,Mumbai,Sedan,Type 2,90,100,19,5.46,Completed,None,Available,Paid,98.07
SES-10482,2025-02-06,17:22:18,STN-CBE-01,Coimbatore,Sedan,CCS,13,28,21,8.97,Completed,None,Available,Paid,134.73
SES-10483,2025-02-06,17:53:50,STN-MUM-01,Mumbai,Hatchback,CCS,78,78,106,0.00,Failed,Network Error,Maintenance,Paid,0.00
SES-10484,2025-02-06,08:41:18,STN-MUM-01,Mumbai,Sedan,CCS,50,100,107,26.93,Completed,None,Available,Paid,448.27
SES-10485,2025-02-07,07:15:43,STN-PUN-01,Pune,Sedan,CHAdeMO,79,100,91,10.80,Completed,None,Available,Paid,190.82
SES-10486,2025-02-07,19:17:33,STN-HYD-02,Hyderabad,Hatchback,CCS,75,100,48,9.64,Completed,None,Available,Paid,151.90
SES-10487,2025-02-07,13:44:05,STN-HYD-01,Hyderabad,SUV,CCS,34,86,89,43.63,Completed,None,Available,Paid,763.77
SES-10488,2025-02-07,16:05:31,STN-MUM-01,Mumbai,Sedan,Type 2,47,100,118,29.26,Completed,None,Charging,Paid,540.78
SES-10489,2025-02-07,19:42:38,STN-HYD-02,Hyderabad,Sedan,Type 2,63,100,77,21.45,Completed,None,Available,Paid,345.09
SES-10490,2025-02-07,18:09:29,STN-BLR-02,Bengaluru,Sedan,CCS,42,54,19,5.94,Completed,None,Available,Paid,91.73
SES-10491,2025-02-07,18:17:59,STN-MUM-01,Mumbai,Sedan,CCS,38,41,101,1.20,Failed,Connector Error,Maintenance,Failed,0.00
SES-10492,2025-02-07,01:08:30,STN-DEL-02,Delhi,Hatchback,CCS,50,100,114,21.09,Completed,None,Available,Paid,364.09
SES-10493,2025-02-07,01:39:08,STN-CHE-01,Chennai,Sedan,CCS,36,100,91,36.93,Completed,None,Available,Paid,631.57
SES-10494,2025-02-07,09:25:03,STN-KOL-01,Kolkata,SUV,Type 2,20,64,82,38.44,Completed,None,Charging,Paid,585.65
SES-10495,2025-02-07,09:14:34,STN-DEL-01,Delhi,Sedan,CCS,43,100,95,29.58,Completed,None,Charging,Paid,465.91
SES-10496,2025-02-07,16:04:54,STN-KOL-01,Kolkata,Crossover,Type 2,5,18,19,9.76,Completed,None,Charging,Paid,174.37
SES-10497,2025-02-07,17:14:17,STN-MUM-01,Mumbai,SUV,CCS,61,100,113,32.33,Completed,None,Charging,Paid,538.27
SES-10498,2025-02-07,20:28:12,STN-CBE-01,Coimbatore,Crossover,CCS,24,43,32,13.48,Completed,None,Available,Paid,246.08
SES-10499,2025-02-07,01:44:09,STN-HYD-01,Hyderabad,SUV,CCS,86,100,116,11.27,Completed,None,Available,Paid,196.37
SES-10500,2025-02-08,08:40:07,STN-KOL-01,Kolkata,Hatchback,Type 2,86,100,86,5.09,Completed,None,Charging,Paid,82.24
SES-10501,2025-02-08,17:45:08,STN-CHE-01,Chennai,Hatchback,CCS,46,47,97,0.40,Failed,Network Error,Maintenance,Failed,0.00
SES-10502,2025-02-08,07:10:34,STN-DEL-02,Delhi,Hatchback,Type 2,89,100,22,3.99,Completed,None,Available,Paid,63.78
SES-10503,2025-02-08,20:41:12,STN-PUN-01,Pune,Sedan,Type 2,76,100,57,12.66,Completed,None,Available,Paid,206.14
SES-10504,2025-02-08,08:12:11,STN-DEL-01,Delhi,Sedan,CCS,38,100,118,30.73,Completed,None,Charging,Paid,497.23
SES-10505,2025-02-08,10:59:55,STN-PUN-01,Pune,Sedan,CCS,54,100,98,27.75,Completed,None,Available,Paid,475.01
SES-10506,2025-02-08,03:06:01,STN-HYD-01,Hyderabad,Sedan,CCS,15,52,53,20.67,Completed,None,Available,Paid,319.00
SES-10507,2025-02-08,18:59:22,STN-DEL-01,Delhi,Hatchback,Type 2,47,48,120,0.40,Failed,Station Offline,Offline,Failed,0.00
SES-10508,2025-02-08,17:38:20,STN-HYD-01,Hyderabad,SUV,CCS,14,15,102,0.40,Failed,Payment Failure,Offline,Failed,0.00
SES-10509,2025-02-08,21:13:25,STN-PUN-01,Pune,SUV,Type 2,12,71,89,49.54,Completed,None,Charging,Paid,892.17
SES-10510,2025-02-08,19:54:30,STN-DEL-02,Delhi,Sedan,CCS,76,100,73,13.03,Completed,None,Available,Paid,234.26
SES-10511,2025-02-08,18:49:19,STN-DEL-01,Delhi,Sedan,Type 2,23,48,49,12.92,Completed,None,Available,Paid,196.55
SES-10512,2025-02-08,11:16:44,STN-MUM-02,Mumbai,Sedan,Type 2,69,79,15,5.40,Completed,None,Available,Paid,89.27
SES-10513,2025-02-08,17:12:57,STN-HYD-02,Hyderabad,SUV,CCS,59,100,81,32.89,Completed,None,Available,Paid,523.36
SES-10514,2025-02-08,16:41:54,STN-DEL-02,Delhi,Hatchback,CHAdeMO,56,100,107,17.19,Completed,None,Available,Paid,315.80
SES-10515,2025-02-08,15:57:34,STN-DEL-01,Delhi,Sedan,Type 2,7,10,91,1.20,Failed,Charging Interrupted,Maintenance,Failed,0.00
SES-10516,2025-02-08,12:53:19,STN-HYD-01,Hyderabad,Hatchback,CCS,57,100,52,16.73,Completed,None,Available,Paid,257.71
SES-10517,2025-02-08,18:18:21,STN-HYD-01,Hyderabad,SUV,Type 2,48,77,41,22.69,Completed,None,Available,Paid,358.99
SES-10518,2025-02-08,12:18:46,STN-BLR-02,Bengaluru,Hatchback,Type 2,52,82,58,12.00,Completed,None,Charging,Paid,181.03
SES-10519,2025-02-08,21:23:40,STN-DEL-02,Delhi,Sedan,CCS,58,100,83,22.23,Completed,None,Available,Paid,336.82
SES-10520,2025-02-08,11:24:43,STN-HYD-01,Hyderabad,SUV,CCS,20,97,107,61.91,Completed,None,Charging,Paid,"1,088.02"
SES-10521,2025-02-08,20:54:13,STN-BLR-01,Bengaluru,Sedan,CCS,34,100,96,34.45,Completed,None,Charging,Paid,531.04
SES-10522,2025-02-08,07:37:35,STN-HYD-02,Hyderabad,Sedan,CHAdeMO,32,48,28,8.93,Completed,None,Available,Paid,156.64
SES-10523,2025-02-09,11:18:48,STN-PUN-01,Pune,SUV,Type 2,20,72,93,41.41,Completed,None,Available,Paid,729.13
SES-10524,2025-02-09,05:46:53,STN-CHE-01,Chennai,Hatchback,CCS,55,57,61,0.80,Failed,Connector Error,Maintenance,Failed,0.00
SES-10525,2025-02-09,06:07:17,STN-BLR-02,Bengaluru,Sedan,CCS,37,46,61,3.36,Cancelled,None,Available,Refunded,0.00
SES-10526,2025-02-09,09:51:18,STN-HYD-01,Hyderabad,Sedan,CCS,29,56,43,15.49,Completed,None,Available,Paid,278.55
SES-10527,2025-02-09,20:44:12,STN-BLR-01,Bengaluru,SUV,CCS,22,22,68,0.00,Failed,Payment Failure,Maintenance,Failed,0.00
SES-10528,2025-02-09,20:09:33,STN-BLR-02,Bengaluru,SUV,CCS,30,100,111,55.88,Completed,None,Charging,Paid,"1,014.15"
SES-10529,2025-02-09,09:05:23,STN-BLR-01,Bengaluru,SUV,CCS,10,59,90,44.44,Completed,None,Charging,Paid,700.02
SES-10530,2025-02-09,06:05:28,STN-BLR-02,Bengaluru,Hatchback,CHAdeMO,42,100,117,21.99,Completed,None,Charging,Paid,366.06
SES-10531,2025-02-09,10:54:16,STN-HYD-01,Hyderabad,SUV,CHAdeMO,48,56,14,7.23,Completed,None,Available,Paid,117.68
SES-10532,2025-02-09,17:10:25,STN-BLR-01,Bengaluru,Hatchback,CCS,71,100,75,12.47,Completed,None,Available,Paid,211.63
SES-10533,2025-02-09,08:33:27,STN-KOL-01,Kolkata,Hatchback,CCS,47,48,50,0.50,Cancelled,None,Maintenance,Refunded,0.00
SES-10534,2025-02-09,19:37:13,STN-DEL-01,Delhi,Hatchback,Type 2,10,36,43,11.10,Completed,None,Available,Paid,197.87
SES-10535,2025-02-09,13:47:20,STN-DEL-02,Delhi,SUV,CCS,82,84,63,0.70,Cancelled,None,Available,Refunded,0.00
SES-10536,2025-02-10,18:38:29,STN-CHE-01,Chennai,Sedan,Type 2,68,91,29,13.67,Completed,None,Available,Paid,251.22
SES-10537,2025-02-10,21:50:19,STN-PUN-01,Pune,Sedan,Type 2,86,100,119,7.09,Completed,None,Available,Paid,114.32
SES-10538,2025-02-10,09:21:58,STN-CHE-01,Chennai,Crossover,Type 2,84,100,63,12.02,Completed,None,Available,Paid,220.82
SES-10539,2025-02-10,19:44:00,STN-PUN-01,Pune,Sedan,CCS,17,83,120,36.63,Completed,None,Charging,Paid,621.91
SES-10540,2025-02-10,17:07:55,STN-MUM-02,Mumbai,SUV,CHAdeMO,69,100,75,24.95,Completed,None,Charging,Paid,419.23
SES-10541,2025-02-10,17:34:58,STN-VIJ-01,Vijayawada,Hatchback,Type 2,42,100,101,25.19,Completed,None,Charging,Paid,423.09
SES-10542,2025-02-10,17:44:39,STN-HYD-02,Hyderabad,SUV,Type 2,68,82,27,11.08,Completed,None,Available,Paid,178.14
SES-10543,2025-02-10,20:00:26,STN-MUM-02,Mumbai,SUV,CCS,18,54,53,32.11,Completed,None,Charging,Paid,547.43
SES-10544,2025-02-10,08:06:43,STN-MUM-01,Mumbai,Sedan,Type 2,21,93,112,39.57,Completed,None,Charging,Paid,694.33
SES-10545,2025-02-10,08:58:10,STN-HYD-01,Hyderabad,SUV,CCS,81,100,57,17.52,Completed,None,Charging,Paid,302.20
SES-10546,2025-02-10,18:32:49,STN-DEL-01,Delhi,Sedan,CCS,17,41,44,13.26,Completed,None,Charging,Paid,215.68
SES-10547,2025-02-10,12:36:40,STN-VIJ-01,Vijayawada,Crossover,CCS,77,100,88,15.20,Completed,None,Available,Paid,236.28
SES-10548,2025-02-10,09:16:34,STN-DEL-02,Delhi,Hatchback,CHAdeMO,10,98,120,34.63,Completed,None,Available,Paid,549.20
SES-10549,2025-02-10,19:47:31,STN-VSKP-01,Visakhapatnam,Hatchback,Type 2,10,43,48,12.53,Completed,None,Charging,Paid,219.04
SES-10550,2025-02-10,21:46:34,STN-DEL-01,Delhi,SUV,Type 2,41,100,113,45.14,Completed,None,Available,Paid,710.49
SES-10551,2025-02-10,19:47:30,STN-CBE-01,Coimbatore,Sedan,CCS,61,100,112,23.43,Completed,None,Charging,Paid,421.79
SES-10552,2025-02-10,07:59:23,STN-CHE-01,Chennai,Sedan,CCS,57,63,12,2.98,Completed,None,Charging,Paid,47.83
SES-10553,2025-02-10,07:17:49,STN-PUN-01,Pune,Sedan,Type 2,50,68,28,10.36,Completed,None,Available,Paid,174.82
SES-10554,2025-02-11,09:49:14,STN-MUM-02,Mumbai,SUV,Type 2,82,85,96,1.20,Failed,Connector Error,Offline,Failed,0.00
SES-10555,2025-02-11,05:26:14,STN-DEL-01,Delhi,SUV,Type 2,8,81,92,61.00,Completed,None,Charging,Paid,"1,052.53"
SES-10556,2025-02-11,20:54:07,STN-MUM-02,Mumbai,SUV,CCS,38,52,27,12.45,Completed,None,Charging,Paid,214.64
SES-10557,2025-02-11,18:46:12,STN-HYD-02,Hyderabad,SUV,Type 2,70,100,103,24.59,Completed,None,Available,Paid,453.81
SES-10558,2025-02-11,09:23:39,STN-HYD-02,Hyderabad,Crossover,Type 2,67,100,112,25.11,Completed,None,Available,Paid,384.35
SES-10559,2025-02-11,11:31:29,STN-KOL-01,Kolkata,Sedan,CCS,65,100,92,20.86,Completed,None,Charging,Paid,335.27
SES-10560,2025-02-11,21:12:00,STN-PUN-01,Pune,SUV,CCS,85,93,14,3.14,Cancelled,None,Available,Refunded,0.00
SES-10561,2025-02-11,05:14:43,STN-MUM-01,Mumbai,Sedan,CCS,46,91,64,23.94,Completed,None,Available,Paid,395.45
SES-10562,2025-02-11,15:28:33,STN-DEL-01,Delhi,SUV,CHAdeMO,82,93,22,9.71,Completed,None,Available,Paid,151.95
SES-10563,2025-02-11,07:06:28,STN-CBE-01,Coimbatore,Sedan,Type 2,68,90,43,13.29,Completed,None,Charging,Paid,232.17
SES-10564,2025-02-11,03:24:37,STN-DEL-02,Delhi,SUV,Type 2,21,71,97,46.57,Completed,None,Available,Paid,833.93
SES-10565,2025-02-11,05:26:53,STN-CBE-01,Coimbatore,Sedan,CCS,65,82,27,9.71,Completed,None,Charging,Paid,146.32
SES-10566,2025-02-11,14:36:13,STN-MUM-02,Mumbai,Sedan,Type 2,34,96,77,31.87,Completed,None,Available,Paid,483.20
SES-10567,2025-02-11,20:29:28,STN-MUM-02,Mumbai,Hatchback,Type 2,47,100,109,23.16,Completed,None,Available,Paid,357.24
SES-10568,2025-02-11,14:52:21,STN-HYD-02,Hyderabad,Sedan,CCS,11,53,81,22.32,Completed,None,Charging,Paid,347.94
SES-10569,2025-02-12,08:15:49,STN-HYD-01,Hyderabad,SUV,CHAdeMO,77,100,52,20.97,Completed,None,Available,Paid,345.49
SES-10570,2025-02-12,17:48:42,STN-PUN-01,Pune,SUV,CCS,50,100,74,46.70,Completed,None,Charging,Paid,791.72
SES-10571,2025-02-12,13:57:54,STN-MUM-02,Mumbai,SUV,CCS,27,71,50,40.09,Completed,None,Charging,Paid,656.33
SES-10572,2025-02-12,18:20:38,STN-HYD-02,Hyderabad,Hatchback,CCS,40,65,47,10.88,Completed,None,Charging,Paid,172.89
SES-10573,2025-02-12,09:05:16,STN-VSKP-01,Visakhapatnam,SUV,CCS,18,81,109,52.40,Completed,None,Available,Paid,857.45
SES-10574,2025-02-12,23:04:04,STN-HYD-02,Hyderabad,Sedan,Type 2,24,53,47,16.88,Completed,None,Available,Paid,301.33
SES-10575,2025-02-12,21:15:50,STN-BLR-01,Bengaluru,Sedan,CCS,60,77,22,10.13,Completed,None,Available,Paid,164.14
SES-10576,2025-02-12,05:39:08,STN-KOL-01,Kolkata,Hatchback,Type 2,85,100,31,5.68,Completed,None,Available,Paid,100.77
SES-10577,2025-02-12,12:56:01,STN-MUM-02,Mumbai,SUV,CCS,36,60,38,18.98,Completed,None,Available,Paid,329.73
SES-10578,2025-02-12,00:35:21,STN-BLR-01,Bengaluru,Hatchback,CCS,29,44,18,6.11,Completed,None,Available,Paid,92.55
SES-10579,2025-02-12,19:21:33,STN-DEL-02,Delhi,SUV,Type 2,53,100,100,43.70,Completed,None,Available,Paid,774.36
SES-10580,2025-02-12,07:37:58,STN-DEL-02,Delhi,Hatchback,Type 2,61,100,119,15.75,Completed,None,Charging,Paid,247.76
SES-10581,2025-02-13,05:17:06,STN-HYD-02,Hyderabad,Crossover,CCS,31,100,117,51.71,Completed,None,Charging,Paid,838.56
SES-10582,2025-02-13,21:32:00,STN-KOL-01,Kolkata,Hatchback,CHAdeMO,31,35,77,1.60,Failed,Connector Error,Maintenance,Failed,0.00
SES-10583,2025-02-13,07:03:17,STN-CBE-01,Coimbatore,SUV,Type 2,50,100,113,46.05,Completed,None,Charging,Paid,784.13
SES-10584,2025-02-13,06:58:31,STN-HYD-01,Hyderabad,SUV,CCS,49,52,26,1.20,Failed,Charging Interrupted,Offline,Failed,0.00
SES-10585,2025-02-13,18:41:40,STN-KOL-01,Kolkata,SUV,CCS,30,57,46,23.84,Completed,None,Available,Paid,427.20
SES-10586,2025-02-13,18:59:05,STN-HYD-01,Hyderabad,SUV,CCS,18,60,73,33.44,Completed,None,Charging,Paid,566.03
SES-10587,2025-02-13,06:33:22,STN-VIJ-01,Vijayawada,Sedan,Type 2,52,100,76,28.27,Completed,None,Available,Paid,479.02
SES-10588,2025-02-13,18:23:55,STN-BLR-01,Bengaluru,Hatchback,CCS,89,100,13,4.21,Completed,None,Available,Paid,66.58
SES-10589,2025-02-13,17:55:17,STN-HYD-02,Hyderabad,Sedan,CCS,19,19,49,0.00,Failed,Network Error,Maintenance,Paid,0.00
SES-10590,2025-02-13,13:48:36,STN-CBE-01,Coimbatore,Sedan,CCS,55,68,25,7.33,Completed,None,Charging,Paid,117.55
SES-10591,2025-02-13,18:41:16,STN-BLR-01,Bengaluru,SUV,CCS,58,68,20,8.26,Completed,None,Available,Paid,146.51
SES-10592,2025-02-13,20:22:53,STN-CBE-01,Coimbatore,Sedan,Type 2,15,83,100,38.36,Completed,None,Charging,Paid,644.91
SES-10593,2025-02-14,00:57:33,STN-VSKP-01,Visakhapatnam,Hatchback,Type 2,79,100,35,8.97,Completed,None,Available,Paid,145.24
SES-10594,2025-02-14,14:02:06,STN-VSKP-01,Visakhapatnam,Hatchback,CCS,32,100,104,28.73,Completed,None,Charging,Paid,479.04
SES-10595,2025-02-14,14:41:06,STN-PUN-01,Pune,Crossover,CCS,59,100,107,27.02,Completed,None,Charging,Paid,492.51
SES-10596,2025-02-14,18:21:57,STN-BLR-01,Bengaluru,Hatchback,CCS,73,100,81,11.12,Completed,None,Charging,Paid,186.85
SES-10597,2025-02-14,16:45:48,STN-VIJ-01,Vijayawada,SUV,Type 2,76,100,112,19.41,Completed,None,Charging,Paid,354.92
SES-10598,2025-02-14,20:42:28,STN-CBE-01,Coimbatore,SUV,Type 2,30,34,74,1.60,Failed,Network Error,Maintenance,Failed,0.00
SES-10599,2025-02-14,18:13:08,STN-MUM-01,Mumbai,SUV,CCS,74,82,11,7.45,Completed,None,Available,Paid,119.75
SES-10600,2025-02-14,00:11:41,STN-MUM-02,Mumbai,Sedan,CCS,36,91,100,30.36,Completed,None,Charging,Paid,515.38
SES-10601,2025-02-14,08:50:05,STN-DEL-02,Delhi,Sedan,CCS,52,54,54,0.64,Cancelled,None,Available,Refunded,0.00
SES-10602,2025-02-14,10:23:26,STN-CBE-01,Coimbatore,Hatchback,CHAdeMO,16,56,52,15.40,Completed,None,Available,Paid,262.12
SES-10603,2025-02-15,00:00:53,STN-VIJ-01,Vijayawada,Sedan,CCS,74,81,12,3.94,Completed,None,Charging,Paid,69.30
SES-10604,2025-02-15,08:23:46,STN-BLR-02,Bengaluru,Sedan,CCS,81,100,43,11.05,Completed,None,Available,Paid,171.64
SES-10605,2025-02-15,08:21:56,STN-HYD-02,Hyderabad,Hatchback,CCS,65,100,89,14.59,Completed,None,Available,Paid,235.44
SES-10606,2025-02-15,09:34:29,STN-KOL-01,Kolkata,Sedan,CCS,38,42,74,1.60,Failed,Network Error,Offline,Paid,25.07
SES-10607,2025-02-15,13:10:19,STN-CBE-01,Coimbatore,Sedan,Type 2,85,100,73,7.72,Completed,None,Available,Paid,131.86
SES-10608,2025-02-15,19:50:40,STN-HYD-01,Hyderabad,Sedan,CCS,49,57,16,4.20,Completed,None,Charging,Paid,68.77
SES-10609,2025-02-15,16:00:30,STN-VSKP-01,Visakhapatnam,Hatchback,CCS,64,99,44,12.69,Completed,None,Available,Paid,222.73
SES-10610,2025-02-15,10:17:54,STN-VSKP-01,Visakhapatnam,SUV,Type 2,69,84,31,12.33,Completed,None,Charging,Paid,226.03
SES-10611,2025-02-15,23:37:13,STN-DEL-01,Delhi,Hatchback,CCS,75,100,57,9.93,Completed,None,Available,Paid,154.79
SES-10612,2025-02-15,18:14:45,STN-CBE-01,Coimbatore,Sedan,Type 2,17,49,41,16.62,Completed,None,Charging,Paid,259.09
SES-10613,2025-02-15,21:02:55,STN-MUM-02,Mumbai,Hatchback,CCS,82,100,35,6.79,Completed,None,Available,Paid,103.07
SES-10614,2025-02-15,09:56:43,STN-BLR-02,Bengaluru,SUV,Type 2,85,85,15,0.00,Failed,Payment Failure,Offline,Failed,0.00
SES-10615,2025-02-15,02:49:00,STN-KOL-01,Kolkata,SUV,CCS,52,83,55,25.14,Completed,None,Available,Paid,409.18
SES-10616,2025-02-15,19:28:05,STN-VIJ-01,Vijayawada,SUV,CHAdeMO,53,88,64,32.21,Completed,None,Available,Paid,532.75
SES-10617,2025-02-15,06:50:00,STN-MUM-01,Mumbai,SUV,CCS,62,65,84,1.20,Failed,Network Error,Offline,Failed,0.00
SES-10618,2025-02-16,08:52:15,STN-DEL-01,Delhi,SUV,CCS,77,100,104,20.51,Completed,None,Charging,Paid,355.10
SES-10619,2025-02-16,07:53:39,STN-VIJ-01,Vijayawada,SUV,Type 2,74,76,64,0.80,Failed,Payment Failure,Offline,Failed,0.00
SES-10620,2025-02-16,08:27:00,STN-HYD-01,Hyderabad,Sedan,Type 2,65,100,94,17.47,Completed,None,Available,Paid,266.87
SES-10621,2025-02-16,19:42:16,STN-CBE-01,Coimbatore,SUV,CCS,30,63,66,27.61,Completed,None,Available,Paid,496.84
SES-10622,2025-02-16,19:22:06,STN-KOL-01,Kolkata,SUV,CHAdeMO,43,100,95,48.34,Completed,None,Available,Paid,805.46
SES-10623,2025-02-16,08:06:43,STN-MUM-01,Mumbai,SUV,CCS,62,100,72,29.60,Completed,None,Charging,Paid,520.95
SES-10624,2025-02-16,09:45:44,STN-CBE-01,Coimbatore,SUV,Type 2,31,36,10,4.28,Completed,None,Available,Paid,71.33
SES-10625,2025-02-16,11:13:15,STN-HYD-01,Hyderabad,Hatchback,CCS,44,60,30,5.99,Completed,None,Available,Paid,94.93
SES-10626,2025-02-16,07:18:01,STN-HYD-01,Hyderabad,Hatchback,CCS,35,100,118,24.50,Completed,None,Charging,Paid,437.69
SES-10627,2025-02-16,07:16:36,STN-HYD-02,Hyderabad,SUV,CCS,7,25,29,16.35,Completed,None,Charging,Paid,262.04
SES-10628,2025-02-16,19:21:31,STN-DEL-01,Delhi,Hatchback,Type 2,19,71,82,21.16,Completed,None,Charging,Paid,339.74
SES-10629,2025-02-16,12:00:53,STN-KOL-01,Kolkata,Sedan,CCS,58,61,100,1.20,Failed,Payment Failure,Offline,Failed,0.00
SES-10630,2025-02-16,07:57:05,STN-VSKP-01,Visakhapatnam,Hatchback,CCS,74,97,38,9.81,Completed,None,Available,Paid,155.37
SES-10631,2025-02-16,19:05:44,STN-PUN-01,Pune,SUV,CHAdeMO,15,55,52,32.64,Completed,None,Available,Paid,528.08
SES-10632,2025-02-16,08:22:25,STN-BLR-01,Bengaluru,Sedan,CCS,34,100,106,36.02,Completed,None,Charging,Paid,627.88
SES-10633,2025-02-16,08:14:43,STN-VSKP-01,Visakhapatnam,Sedan,CCS,39,76,54,22.35,Completed,None,Available,Paid,373.81
SES-10634,2025-02-16,22:32:14,STN-VIJ-01,Vijayawada,Sedan,Type 2,47,89,74,24.04,Completed,None,Charging,Paid,392.15
SES-10635,2025-02-16,18:54:26,STN-KOL-01,Kolkata,Sedan,CCS,65,75,12,5.09,Completed,None,Available,Paid,90.01
SES-10636,2025-02-16,21:01:54,STN-BLR-01,Bengaluru,Sedan,CCS,44,100,105,30.96,Completed,None,Available,Paid,510.37
SES-10637,2025-02-16,19:15:22,STN-MUM-02,Mumbai,Sedan,CCS,46,71,29,13.42,Completed,None,Available,Paid,216.12
SES-10638,2025-02-16,17:15:13,STN-HYD-01,Hyderabad,Hatchback,CCS,46,92,90,19.45,Completed,None,Charging,Paid,344.14
SES-10639,2025-02-17,14:34:14,STN-CBE-01,Coimbatore,Sedan,CHAdeMO,7,45,46,22.40,Completed,None,Available,Paid,409.47
SES-10640,2025-02-17,17:28:33,STN-KOL-01,Kolkata,SUV,CCS,82,100,47,14.02,Completed,None,Available,Paid,231.14
SES-10641,2025-02-17,13:40:22,STN-MUM-02,Mumbai,Hatchback,CCS,87,90,83,1.20,Failed,Payment Failure,Maintenance,Failed,0.00
SES-10642,2025-02-17,18:57:31,STN-DEL-01,Delhi,Sedan,CCS,89,100,116,5.95,Completed,None,Charging,Paid,95.24
SES-10643,2025-02-17,18:42:06,STN-HYD-01,Hyderabad,Hatchback,CCS,25,73,54,20.99,Completed,None,Available,Paid,353.95
SES-10644,2025-02-17,19:13:51,STN-HYD-01,Hyderabad,SUV,CCS,77,100,102,19.93,Completed,None,Available,Paid,350.07
SES-10645,2025-02-17,17:38:09,STN-BLR-02,Bengaluru,Sedan,Type 2,81,100,51,10.59,Completed,None,Charging,Paid,181.26
SES-10646,2025-02-17,07:33:29,STN-DEL-02,Delhi,Sedan,Type 2,57,58,55,0.40,Failed,Charging Interrupted,Maintenance,Failed,0.00
SES-10647,2025-02-17,19:59:16,STN-BLR-01,Bengaluru,Sedan,Type 2,48,100,69,26.65,Completed,None,Available,Paid,429.16
SES-10648,2025-02-17,12:50:46,STN-DEL-01,Delhi,Sedan,CCS,50,100,105,29.98,Completed,None,Available,Paid,501.40
SES-10649,2025-02-17,09:11:55,STN-MUM-01,Mumbai,Sedan,CCS,41,43,22,0.80,Failed,Network Error,Maintenance,Failed,0.00
SES-10650,2025-02-17,16:31:14,STN-MUM-01,Mumbai,Sedan,CHAdeMO,42,77,40,20.96,Completed,None,Charging,Paid,379.45
SES-10651,2025-02-17,18:27:16,STN-PUN-01,Pune,Sedan,CCS,42,92,77,29.67,Completed,None,Charging,Paid,492.47
SES-10652,2025-02-17,08:58:49,STN-KOL-01,Kolkata,SUV,CHAdeMO,15,16,71,0.50,Cancelled,None,Maintenance,Refunded,0.00
SES-10653,2025-02-18,14:35:49,STN-CHE-01,Chennai,Sedan,Type 2,49,86,58,21.31,Completed,None,Charging,Paid,377.70
SES-10654,2025-02-18,20:14:24,STN-DEL-01,Delhi,Hatchback,CHAdeMO,68,87,27,8.26,Completed,None,Available,Paid,126.63
SES-10655,2025-02-18,18:21:25,STN-KOL-01,Kolkata,Sedan,CCS,48,100,84,29.51,Completed,None,Available,Paid,544.50
SES-10656,2025-02-18,09:09:24,STN-CHE-01,Chennai,Hatchback,CCS,85,89,115,1.33,Cancelled,None,Maintenance,Refunded,0.00
SES-10657,2025-02-18,17:42:52,STN-BLR-02,Bengaluru,Sedan,Type 2,66,100,62,18.85,Completed,None,Charging,Paid,304.39
SES-10658,2025-02-18,11:44:23,STN-MUM-01,Mumbai,Hatchback,Type 2,65,86,27,8.06,Completed,None,Charging,Paid,136.94
SES-10659,2025-02-18,07:55:32,STN-DEL-01,Delhi,Sedan,CCS,16,63,60,24.90,Completed,None,Charging,Paid,421.53
SES-10660,2025-02-18,06:36:56,STN-HYD-01,Hyderabad,SUV,Type 2,86,100,50,12.82,Completed,None,Available,Paid,228.75
SES-10661,2025-02-18,00:56:59,STN-DEL-02,Delhi,Sedan,CCS,13,100,110,43.55,Completed,None,Available,Paid,670.51
SES-10662,2025-02-18,07:08:03,STN-HYD-02,Hyderabad,SUV,CCS,71,74,106,1.20,Failed,Payment Failure,Maintenance,Failed,0.00
SES-10663,2025-02-18,21:52:49,STN-DEL-02,Delhi,Sedan,Type 2,78,79,110,0.50,Cancelled,None,Available,Refunded,0.00
SES-10664,2025-02-18,22:39:57,STN-KOL-01,Kolkata,SUV,CCS,6,55,76,37.65,Completed,None,Available,Paid,593.42
SES-10665,2025-02-18,18:20:17,STN-PUN-01,Pune,Sedan,CCS,12,54,74,22.46,Completed,None,Charging,Paid,400.39
SES-10666,2025-02-18,20:23:09,STN-MUM-01,Mumbai,SUV,CCS,47,100,92,45.43,Completed,None,Available,Paid,833.04
SES-10667,2025-02-18,16:17:41,STN-VSKP-01,Visakhapatnam,Sedan,CCS,22,30,15,2.71,Cancelled,None,Maintenance,Refunded,0.00
SES-10668,2025-02-18,07:36:44,STN-MUM-02,Mumbai,Sedan,CCS,56,97,83,23.90,Completed,None,Available,Paid,412.23
SES-10669,2025-02-18,10:08:13,STN-MUM-02,Mumbai,SUV,CCS,43,68,46,22.00,Completed,None,Available,Paid,348.11
SES-10670,2025-02-18,18:30:03,STN-HYD-02,Hyderabad,Crossover,CCS,35,50,21,10.97,Completed,None,Available,Paid,192.78
SES-10671,2025-02-18,22:19:55,STN-VIJ-01,Vijayawada,SUV,Type 2,18,92,117,65.98,Completed,None,Charging,Paid,"1,052.17"
SES-10672,2025-02-19,17:42:43,STN-MUM-01,Mumbai,Hatchback,CHAdeMO,68,100,90,13.67,Completed,None,Available,Paid,210.54
SES-10673,2025-02-19,04:14:26,STN-VIJ-01,Vijayawada,SUV,CCS,48,100,100,46.76,Completed,None,Available,Paid,790.35
SES-10674,2025-02-19,14:36:54,STN-DEL-01,Delhi,SUV,CCS,64,71,11,5.57,Completed,None,Available,Paid,90.70
SES-10675,2025-02-19,18:51:25,STN-HYD-01,Hyderabad,Sedan,CCS,6,55,62,26.49,Completed,None,Available,Paid,423.37
SES-10676,2025-02-19,12:25:45,STN-PUN-01,Pune,Sedan,Type 2,36,64,34,16.84,Completed,None,Charging,Paid,273.27
SES-10677,2025-02-19,22:17:31,STN-MUM-02,Mumbai,Hatchback,Type 2,40,100,119,24.60,Completed,None,Available,Paid,391.99
SES-10678,2025-02-19,14:01:32,STN-HYD-02,Hyderabad,SUV,CHAdeMO,59,100,117,35.67,Completed,None,Charging,Paid,636.22
SES-10679,2025-02-19,21:16:43,STN-DEL-02,Delhi,SUV,CCS,67,67,37,0.00,Failed,Payment Failure,Maintenance,Failed,0.00
SES-10680,2025-02-19,18:48:55,STN-VSKP-01,Visakhapatnam,SUV,Type 2,73,100,54,22.10,Completed,None,Charging,Paid,401.07
SES-10681,2025-02-19,10:42:48,STN-HYD-01,Hyderabad,SUV,CCS,84,100,46,12.33,Completed,None,Available,Paid,216.32
SES-10682,2025-02-19,19:34:07,STN-CBE-01,Coimbatore,SUV,CHAdeMO,44,100,110,51.04,Completed,None,Charging,Paid,942.28
SES-10683,2025-02-19,19:52:53,STN-MUM-02,Mumbai,SUV,Type 2,28,44,26,13.09,Completed,None,Charging,Paid,208.05
SES-10684,2025-02-20,17:45:35,STN-DEL-02,Delhi,Sedan,CCS,62,100,78,22.05,Completed,None,Available,Paid,336.02
SES-10685,2025-02-20,19:53:00,STN-DEL-01,Delhi,SUV,Type 2,32,74,65,33.40,Completed,None,Available,Paid,605.81
SES-10686,2025-02-20,05:09:53,STN-VIJ-01,Vijayawada,SUV,Type 2,66,100,67,27.43,Completed,None,Charging,Paid,419.65
SES-10687,2025-02-20,18:57:07,STN-DEL-02,Delhi,Crossover,CCS,29,100,92,48.49,Completed,None,Available,Paid,842.31
SES-10688,2025-02-20,18:27:05,STN-HYD-01,Hyderabad,SUV,CCS,11,21,13,9.06,Completed,None,Available,Paid,157.68
SES-10689,2025-02-20,17:15:06,STN-DEL-02,Delhi,SUV,CCS,42,100,112,50.41,Completed,None,Available,Paid,769.65
SES-10690,2025-02-20,18:42:25,STN-DEL-01,Delhi,Sedan,CCS,75,100,64,14.82,Completed,None,Available,Paid,261.12
SES-10691,2025-02-20,08:06:32,STN-VSKP-01,Visakhapatnam,Sedan,CCS,90,100,58,5.21,Completed,None,Available,Paid,88.14
SES-10692,2025-02-20,18:44:19,STN-PUN-01,Pune,Hatchback,CHAdeMO,90,91,116,0.50,Cancelled,None,Available,Refunded,0.00
SES-10693,2025-02-20,08:51:03,STN-VIJ-01,Vijayawada,Hatchback,Type 2,49,85,47,13.07,Completed,None,Charging,Paid,226.20
SES-10694,2025-02-20,18:10:01,STN-HYD-01,Hyderabad,Sedan,Type 2,36,77,54,22.72,Completed,None,Available,Paid,343.07
SES-10695,2025-02-20,12:29:48,STN-PUN-01,Pune,SUV,Type 2,36,98,117,55.97,Completed,None,Available,Paid,923.54
SES-10696,2025-02-20,20:43:32,STN-VIJ-01,Vijayawada,Sedan,Type 2,5,33,39,13.98,Completed,None,Available,Paid,219.46
SES-10697,2025-02-20,18:23:33,STN-HYD-02,Hyderabad,Hatchback,CHAdeMO,78,100,105,8.17,Completed,None,Available,Paid,146.59
SES-10698,2025-02-20,17:20:27,STN-MUM-01,Mumbai,Sedan,Type 2,49,51,46,0.80,Failed,Charging Interrupted,Maintenance,Paid,14.04
SES-10699,2025-02-20,13:39:01,STN-VIJ-01,Vijayawada,Hatchback,CCS,68,100,65,11.94,Completed,None,Charging,Paid,219.06
SES-10700,2025-02-21,02:22:14,STN-DEL-02,Delhi,SUV,CCS,72,100,36,24.30,Completed,None,Charging,Paid,423.22
SES-10701,2025-02-21,10:16:47,STN-BLR-02,Bengaluru,Sedan,CCS,11,15,41,1.60,Failed,Network Error,Offline,Failed,0.00
SES-10702,2025-02-21,16:19:19,STN-PUN-01,Pune,Hatchback,CCS,42,43,115,0.40,Failed,Charging Interrupted,Maintenance,Failed,0.00
SES-10703,2025-02-21,18:02:54,STN-VSKP-01,Visakhapatnam,Crossover,CCS,74,88,20,9.75,Completed,None,Available,Paid,151.99
SES-10704,2025-02-21,18:01:35,STN-DEL-01,Delhi,Sedan,Type 2,57,100,114,25.38,Completed,None,Available,Paid,414.51
SES-10705,2025-02-21,12:18:33,STN-MUM-02,Mumbai,Hatchback,Type 2,79,100,67,8.09,Completed,None,Available,Paid,136.40
SES-10706,2025-02-21,21:45:05,STN-PUN-01,Pune,Hatchback,CCS,77,79,86,0.80,Failed,Payment Failure,Offline,Failed,0.00
SES-10707,2025-02-21,15:35:21,STN-MUM-02,Mumbai,Hatchback,CHAdeMO,34,69,44,15.13,Completed,None,Available,Paid,255.38
SES-10708,2025-02-21,06:51:58,STN-KOL-01,Kolkata,Crossover,CCS,26,26,26,0.00,Failed,Payment Failure,Maintenance,Failed,0.00
SES-10709,2025-02-21,17:52:50,STN-DEL-02,Delhi,SUV,Type 2,62,64,39,0.71,Cancelled,None,Available,Refunded,0.00
SES-10710,2025-02-22,08:31:47,STN-HYD-02,Hyderabad,Hatchback,Type 2,77,92,27,6.02,Completed,None,Charging,Paid,108.73
SES-10711,2025-02-22,16:19:26,STN-BLR-01,Bengaluru,Hatchback,Type 2,59,100,110,16.09,Completed,None,Available,Paid,260.05
SES-10712,2025-02-22,19:36:47,STN-HYD-01,Hyderabad,SUV,CCS,50,54,39,1.54,Cancelled,None,Maintenance,Refunded,0.00
SES-10713,2025-02-22,10:04:10,STN-MUM-02,Mumbai,SUV,Type 2,30,100,99,57.63,Completed,None,Charging,Paid,974.34
SES-10714,2025-02-22,09:02:57,STN-KOL-01,Kolkata,Sedan,CCS,68,69,25,0.40,Failed,Station Offline,Offline,Failed,0.00
SES-10715,2025-02-22,18:52:36,STN-KOL-01,Kolkata,Hatchback,Type 2,84,84,84,0.00,Failed,Network Error,Maintenance,Failed,0.00
SES-10716,2025-02-22,07:02:28,STN-MUM-02,Mumbai,Hatchback,CCS,13,52,63,14.68,Completed,None,Available,Paid,229.43
SES-10717,2025-02-22,09:25:20,STN-KOL-01,Kolkata,SUV,Type 2,19,26,13,5.46,Completed,None,Charging,Paid,99.15
SES-10718,2025-02-22,18:56:10,STN-VSKP-01,Visakhapatnam,SUV,CCS,23,90,114,59.52,Completed,None,Available,Paid,903.47
SES-10719,2025-02-22,18:41:23,STN-HYD-01,Hyderabad,Sedan,Type 2,20,24,24,1.38,Cancelled,None,Available,Refunded,0.00
SES-10720,2025-02-22,18:54:13,STN-BLR-01,Bengaluru,Sedan,CCS,29,75,85,22.99,Completed,None,Available,Paid,376.89
SES-10721,2025-02-22,08:09:11,STN-DEL-02,Delhi,SUV,Type 2,55,80,36,21.60,Completed,None,Charging,Paid,397.78
SES-10722,2025-02-22,08:54:45,STN-DEL-01,Delhi,SUV,Type 2,81,88,13,5.46,Completed,None,Charging,Paid,94.33
SES-10723,2025-02-22,16:09:57,STN-VIJ-01,Vijayawada,Hatchback,CCS,50,76,44,10.92,Completed,None,Available,Paid,186.16
SES-10724,2025-02-22,06:02:30,STN-MUM-01,Mumbai,SUV,CCS,11,81,94,62.72,Completed,None,Charging,Paid,"1,102.52"
SES-10725,2025-02-23,16:11:38,STN-VSKP-01,Visakhapatnam,Crossover,Type 2,38,93,72,38.39,Completed,None,Available,Paid,694.39
SES-10726,2025-02-23,17:12:33,STN-VSKP-01,Visakhapatnam,Sedan,CCS,62,100,109,22.95,Completed,None,Charging,Paid,391.35
SES-10727,2025-02-23,11:21:56,STN-VIJ-01,Vijayawada,Crossover,CCS,82,100,75,13.70,Completed,None,Available,Paid,253.41
SES-10728,2025-02-23,22:04:18,STN-MUM-02,Mumbai,Sedan,CCS,27,61,48,18.76,Completed,None,Available,Paid,343.69
SES-10729,2025-02-23,21:16:09,STN-BLR-01,Bengaluru,SUV,Type 2,27,48,37,17.44,Completed,None,Charging,Paid,279.77
SES-10730,2025-02-23,16:07:50,STN-BLR-01,Bengaluru,SUV,CCS,21,22,43,0.50,Cancelled,None,Available,Refunded,0.00
SES-10731,2025-02-23,14:56:11,STN-HYD-02,Hyderabad,SUV,CCS,17,51,42,27.16,Completed,None,Available,Paid,431.05
SES-10732,2025-02-23,14:07:57,STN-MUM-02,Mumbai,Sedan,Type 2,31,74,59,25.76,Completed,None,Available,Paid,465.28
SES-10733,2025-02-23,10:52:35,STN-CBE-01,Coimbatore,Sedan,CCS,70,100,69,15.81,Completed,None,Available,Paid,258.73
SES-10734,2025-02-23,08:19:47,STN-KOL-01,Kolkata,Hatchback,CCS,34,93,81,24.99,Completed,None,Available,Paid,399.28
SES-10735,2025-02-23,08:28:41,STN-KOL-01,Kolkata,SUV,CHAdeMO,8,56,81,44.71,Completed,None,Available,Paid,720.24
SES-10736,2025-02-23,13:13:47,STN-PUN-01,Pune,Crossover,Type 2,71,98,51,17.75,Completed,None,Available,Paid,315.88
SES-10737,2025-02-23,13:20:21,STN-DEL-02,Delhi,Sedan,CCS,18,26,95,3.19,Cancelled,None,Available,Refunded,0.00
SES-10738,2025-02-23,16:49:29,STN-DEL-01,Delhi,Crossover,CCS,15,99,100,57.11,Completed,None,Charging,Paid,991.78
SES-10739,2025-02-23,21:23:22,STN-BLR-01,Bengaluru,Sedan,Type 2,44,75,37,15.39,Completed,None,Charging,Paid,275.52
SES-10740,2025-02-23,15:00:25,STN-HYD-02,Hyderabad,Sedan,CCS,7,11,84,1.60,Failed,Payment Failure,Maintenance,Failed,0.00
SES-10741,2025-02-23,18:53:43,STN-HYD-02,Hyderabad,Sedan,CHAdeMO,5,31,36,12.99,Completed,None,Charging,Paid,238.96
SES-10742,2025-02-24,09:09:54,STN-HYD-01,Hyderabad,Hatchback,Type 2,13,18,10,2.07,Completed,None,Charging,Paid,33.56
SES-10743,2025-02-24,04:05:16,STN-MUM-02,Mumbai,SUV,CHAdeMO,77,100,112,19.10,Completed,None,Available,Paid,353.01
SES-10744,2025-02-24,17:37:23,STN-BLR-01,Bengaluru,Sedan,Type 2,80,100,101,10.80,Completed,None,Available,Paid,199.00
SES-10745,2025-02-24,09:55:07,STN-DEL-01,Delhi,Sedan,CCS,5,88,100,42.70,Completed,None,Available,Paid,737.54
SES-10746,2025-02-24,10:05:20,STN-VSKP-01,Visakhapatnam,Sedan,Type 2,20,24,17,1.47,Cancelled,None,Available,Refunded,0.00
SES-10747,2025-02-24,09:38:23,STN-PUN-01,Pune,SUV,Type 2,76,77,55,0.40,Failed,Connector Error,Maintenance,Paid,6.25
SES-10748,2025-02-24,14:17:55,STN-BLR-02,Bengaluru,Sedan,Type 2,50,76,33,14.12,Completed,None,Available,Paid,253.94
SES-10749,2025-02-24,18:51:31,STN-BLR-02,Bengaluru,Hatchback,CCS,14,16,49,0.80,Failed,Payment Failure,Maintenance,Failed,0.00
SES-10750,2025-02-24,19:41:26,STN-PUN-01,Pune,SUV,CCS,37,90,60,46.50,Completed,None,Charging,Paid,718.39
SES-10751,2025-02-24,08:56:51,STN-KOL-01,Kolkata,Hatchback,CCS,45,100,109,23.58,Completed,None,Available,Paid,389.92
SES-10752,2025-02-24,11:41:25,STN-CBE-01,Coimbatore,SUV,Type 2,55,79,33,20.33,Completed,None,Available,Paid,312.18
SES-10753,2025-02-24,14:22:33,STN-BLR-01,Bengaluru,Sedan,Type 2,26,100,115,44.47,Completed,None,Available,Paid,810.67
SES-10754,2025-02-24,12:39:22,STN-VSKP-01,Visakhapatnam,Crossover,CHAdeMO,20,38,31,13.02,Completed,None,Available,Paid,205.63
SES-10755,2025-02-24,07:06:39,STN-MUM-02,Mumbai,SUV,Type 2,87,100,83,11.47,Completed,None,Charging,Paid,191.03
SES-10756,2025-02-25,21:01:17,STN-DEL-01,Delhi,SUV,Type 2,79,100,77,17.83,Completed,None,Available,Paid,270.77
SES-10757,2025-02-25,06:36:33,STN-VIJ-01,Vijayawada,Hatchback,CCS,66,75,17,3.66,Completed,None,Available,Paid,65.05
SES-10758,2025-02-25,17:50:49,STN-HYD-01,Hyderabad,Sedan,CCS,57,100,112,24.54,Completed,None,Charging,Paid,445.76
SES-10759,2025-02-25,10:17:45,STN-MUM-02,Mumbai,SUV,CHAdeMO,79,100,67,17.96,Completed,None,Available,Paid,307.26
SES-10760,2025-02-25,10:07:29,STN-MUM-01,Mumbai,Sedan,Type 2,18,32,24,8.02,Completed,None,Charging,Paid,128.38
SES-10761,2025-02-25,10:09:22,STN-MUM-02,Mumbai,Sedan,Type 2,63,74,17,5.81,Completed,None,Charging,Paid,106.25
SES-10762,2025-02-25,18:10:01,STN-MUM-02,Mumbai,Sedan,CCS,30,100,102,37.07,Completed,None,Charging,Paid,654.65
SES-10763,2025-02-25,22:35:32,STN-DEL-02,Delhi,Sedan,Type 2,48,93,51,22.97,Completed,None,Available,Paid,395.26
SES-10764,2025-02-25,17:39:24,STN-BLR-01,Bengaluru,SUV,Type 2,24,62,48,29.37,Completed,None,Charging,Paid,516.38
SES-10765,2025-02-26,09:18:17,STN-CBE-01,Coimbatore,Hatchback,CCS,88,100,44,4.56,Completed,None,Charging,Paid,69.19
SES-10766,2025-02-26,13:18:57,STN-HYD-01,Hyderabad,SUV,Type 2,9,36,50,20.95,Completed,None,Charging,Paid,377.94
SES-10767,2025-02-26,18:53:15,STN-DEL-02,Delhi,SUV,CCS,69,100,57,25.53,Completed,None,Available,Paid,423.31
SES-10768,2025-02-26,09:23:33,STN-BLR-01,Bengaluru,SUV,CCS,15,81,87,54.30,Completed,None,Charging,Paid,918.41
SES-10769,2025-02-26,05:07:17,STN-CHE-01,Chennai,Hatchback,Type 2,51,100,105,18.34,Completed,None,Available,Paid,335.93
SES-10770,2025-02-26,21:04:25,STN-HYD-01,Hyderabad,Hatchback,CCS,14,54,80,15.97,Completed,None,Available,Paid,272.08
SES-10771,2025-02-26,16:12:18,STN-BLR-01,Bengaluru,Hatchback,CCS,65,100,53,14.41,Completed,None,Charging,Paid,257.53
SES-10772,2025-02-26,10:25:39,STN-BLR-02,Bengaluru,Hatchback,Type 2,49,100,106,20.22,Completed,None,Available,Paid,331.19
SES-10773,2025-02-26,16:57:11,STN-DEL-02,Delhi,Sedan,Type 2,51,75,44,13.82,Completed,None,Available,Paid,250.87
SES-10774,2025-02-26,20:43:27,STN-CHE-01,Chennai,SUV,CCS,38,65,36,24.73,Completed,None,Charging,Paid,404.27
SES-10775,2025-02-27,16:36:21,STN-KOL-01,Kolkata,SUV,CHAdeMO,17,21,74,1.60,Failed,Station Offline,Maintenance,Failed,0.00
SES-10776,2025-02-27,18:36:06,STN-HYD-01,Hyderabad,SUV,CCS,27,80,79,42.02,Completed,None,Charging,Paid,679.20
SES-10777,2025-02-27,21:23:11,STN-MUM-01,Mumbai,SUV,CHAdeMO,40,94,75,45.04,Completed,None,Available,Paid,712.41
SES-10778,2025-02-27,07:39:59,STN-DEL-01,Delhi,Sedan,Type 2,67,100,80,19.73,Completed,None,Charging,Paid,349.75
SES-10779,2025-02-27,19:14:36,STN-MUM-01,Mumbai,Sedan,CCS,80,100,81,11.50,Completed,None,Available,Paid,173.83
SES-10780,2025-02-27,16:10:09,STN-BLR-02,Bengaluru,Crossover,CCS,51,99,72,30.68,Completed,None,Available,Paid,558.70
SES-10781,2025-02-27,18:40:52,STN-BLR-02,Bengaluru,SUV,CCS,70,100,118,25.44,Completed,None,Charging,Paid,439.79
SES-10782,2025-02-27,09:14:41,STN-VSKP-01,Visakhapatnam,Sedan,CCS,88,100,102,6.68,Completed,None,Available,Paid,109.40
SES-10783,2025-02-27,14:06:39,STN-VSKP-01,Visakhapatnam,Sedan,Type 2,84,100,89,8.45,Completed,None,Available,Paid,127.10
SES-10784,2025-02-27,12:34:14,STN-PUN-01,Pune,SUV,CCS,18,51,38,26.87,Completed,None,Available,Paid,492.73
SES-10785,2025-02-27,08:20:05,STN-KOL-01,Kolkata,SUV,CCS,57,91,40,28.10,Completed,None,Available,Paid,512.99
SES-10786,2025-02-27,14:10:43,STN-PUN-01,Pune,SUV,Type 2,70,100,73,26.54,Completed,None,Charging,Paid,488.68
SES-10787,2025-02-27,17:36:22,STN-MUM-01,Mumbai,Sedan,CCS,53,100,95,23.67,Completed,None,Charging,Paid,379.30
SES-10788,2025-02-27,09:47:44,STN-DEL-02,Delhi,Sedan,Type 2,20,72,62,28.66,Completed,None,Charging,Paid,485.52
SES-10789,2025-02-28,07:26:38,STN-MUM-02,Mumbai,SUV,CCS,72,100,83,23.50,Completed,None,Available,Paid,402.05
SES-10790,2025-02-28,08:22:58,STN-BLR-01,Bengaluru,Hatchback,Type 2,47,89,77,16.90,Completed,None,Charging,Paid,311.16
SES-10791,2025-02-28,08:03:39,STN-VIJ-01,Vijayawada,Sedan,Type 2,81,99,34,10.52,Completed,None,Charging,Paid,192.93
SES-10792,2025-02-28,16:52:41,STN-DEL-01,Delhi,Sedan,Type 2,69,83,22,8.41,Completed,None,Available,Paid,126.62
SES-10793,2025-02-28,03:11:25,STN-CHE-01,Chennai,Hatchback,CCS,13,58,90,18.86,Completed,None,Available,Paid,290.15
SES-10794,2025-02-28,19:47:32,STN-DEL-01,Delhi,Hatchback,CCS,25,28,49,1.01,Cancelled,None,Maintenance,Refunded,0.00
SES-10795,2025-02-28,06:11:04,STN-BLR-02,Bengaluru,Sedan,CCS,86,100,81,8.12,Completed,None,Charging,Paid,130.14
SES-10796,2025-02-28,21:53:27,STN-CBE-01,Coimbatore,Hatchback,CCS,88,90,96,0.77,Cancelled,None,Maintenance,Refunded,0.00
SES-10797,2025-02-28,19:04:33,STN-PUN-01,Pune,Crossover,CCS,47,59,16,8.72,Completed,None,Available,Paid,153.26
SES-10798,2025-02-28,21:12:38,STN-MUM-02,Mumbai,Crossover,Type 2,70,99,41,19.76,Completed,None,Available,Paid,311.40
SES-10799,2025-02-28,21:47:57,STN-KOL-01,Kolkata,Hatchback,Type 2,8,28,33,7.20,Completed,None,Charging,Paid,113.31
SES-10800,2025-02-28,10:41:37,STN-CBE-01,Coimbatore,Hatchback,Type 2,11,19,10,3.26,Completed,None,Charging,Paid,60.04
SES-10801,2025-02-28,09:32:06,STN-HYD-02,Hyderabad,Sedan,CCS,90,93,120,1.20,Failed,Network Error,Offline,Failed,0.00
SES-10802,2025-02-28,18:07:36,STN-HYD-01,Hyderabad,SUV,CCS,88,100,56,10.26,Completed,None,Available,Paid,159.09
SES-10803,2025-02-28,21:09:42,STN-HYD-02,Hyderabad,SUV,CHAdeMO,62,70,60,2.59,Cancelled,None,Maintenance,Refunded,0.00
SES-10804,2025-02-28,19:37:14,STN-HYD-02,Hyderabad,SUV,CCS,8,11,45,1.20,Failed,Network Error,Offline,Failed,0.00
SES-10805,2025-02-28,05:18:53,STN-DEL-02,Delhi,SUV,Type 2,24,56,36,25.79,Completed,None,Charging,Paid,413.50
SES-10806,2025-02-28,09:11:53,STN-DEL-02,Delhi,Hatchback,CHAdeMO,39,87,79,18.99,Completed,None,Available,Paid,305.02
SES-10807,2025-02-28,23:17:15,STN-PUN-01,Pune,Crossover,CHAdeMO,63,100,51,26.61,Completed,None,Available,Paid,426.44
SES-10808,2025-02-28,18:24:22,STN-VSKP-01,Visakhapatnam,Sedan,CCS,89,89,104,0.00,Failed,Network Error,Offline,Failed,0.00
SES-10809,2025-02-28,11:35:36,STN-VSKP-01,Visakhapatnam,Sedan,Type 2,49,100,85,28.09,Completed,None,Available,Paid,512.87
SES-10810,2025-02-28,13:52:17,STN-HYD-02,Hyderabad,SUV,CCS,18,91,99,60.09,Completed,None,Available,Paid,946.30
SES-10811,2025-02-28,18:56:54,STN-CBE-01,Coimbatore,Sedan,Type 2,26,76,98,28.01,Completed,None,Charging,Paid,498.10
SES-10812,2025-02-28,09:13:03,STN-CHE-01,Chennai,SUV,CHAdeMO,52,94,77,35.45,Completed,None,Available,Paid,652.32
SES-10813,2025-03-01,14:44:49,STN-BLR-02,Bengaluru,Sedan,CCS,34,38,79,1.60,Failed,Connector Error,Offline,Failed,0.00
SES-10814,2025-03-01,18:41:15,STN-VSKP-01,Visakhapatnam,SUV,Type 2,33,97,119,50.57,Completed,None,Available,Paid,767.21
SES-10815,2025-03-01,05:04:33,STN-HYD-02,Hyderabad,SUV,Type 2,40,54,22,11.61,Completed,None,Available,Paid,177.42
SES-10816,2025-03-01,14:38:31,STN-MUM-02,Mumbai,Sedan,CCS,46,73,34,14.88,Completed,None,Charging,Paid,230.49
SES-10817,2025-03-01,10:47:58,STN-HYD-01,Hyderabad,Sedan,Type 2,33,96,104,31.28,Completed,None,Charging,Paid,517.96
SES-10818,2025-03-01,05:34:45,STN-CBE-01,Coimbatore,Sedan,CCS,11,28,31,10.05,Completed,None,Charging,Paid,165.92
SES-10819,2025-03-01,20:38:25,STN-CBE-01,Coimbatore,SUV,CCS,36,39,108,1.20,Failed,Station Offline,Maintenance,Failed,0.00
SES-10820,2025-03-01,17:37:22,STN-BLR-01,Bengaluru,Hatchback,CHAdeMO,17,40,30,9.76,Completed,None,Charging,Paid,172.29
SES-10821,2025-03-01,12:48:58,STN-VSKP-01,Visakhapatnam,SUV,CCS,17,32,24,12.35,Completed,None,Charging,Paid,224.78
SES-10822,2025-03-01,12:06:22,STN-PUN-01,Pune,SUV,CCS,58,100,76,38.31,Completed,None,Available,Paid,595.25
SES-10823,2025-03-01,00:23:39,STN-PUN-01,Pune,SUV,Type 2,18,41,46,19.08,Completed,None,Charging,Paid,305.91
SES-10824,2025-03-02,17:30:46,STN-MUM-01,Mumbai,Sedan,CHAdeMO,10,11,54,0.40,Failed,Network Error,Maintenance,Failed,0.00
SES-10825,2025-03-02,11:39:47,STN-MUM-02,Mumbai,Hatchback,Type 2,20,39,35,8.02,Completed,None,Available,Paid,128.36
SES-10826,2025-03-02,12:33:54,STN-DEL-02,Delhi,Sedan,CCS,45,100,120,29.85,Completed,None,Available,Paid,492.37
SES-10827,2025-03-02,21:59:25,STN-KOL-01,Kolkata,Hatchback,CCS,56,100,90,18.17,Completed,None,Charging,Paid,295.19
SES-10828,2025-03-02,16:46:12,STN-BLR-02,Bengaluru,SUV,CCS,89,100,111,9.89,Completed,None,Charging,Paid,149.67
SES-10829,2025-03-02,20:03:15,STN-CHE-01,Chennai,SUV,CCS,20,77,64,47.03,Completed,None,Available,Paid,752.76
SES-10830,2025-03-02,14:43:29,STN-VIJ-01,Vijayawada,Hatchback,CHAdeMO,9,42,59,12.53,Completed,None,Charging,Paid,194.01
SES-10831,2025-03-02,22:21:48,STN-MUM-02,Mumbai,Hatchback,Type 2,28,33,44,1.83,Cancelled,None,Available,Refunded,0.00
SES-10832,2025-03-02,06:56:49,STN-DEL-01,Delhi,Crossover,CCS,47,51,50,1.60,Failed,Connector Error,Maintenance,Failed,0.00
SES-10833,2025-03-02,14:48:11,STN-BLR-01,Bengaluru,SUV,CCS,69,100,81,27.29,Completed,None,Available,Paid,440.26
SES-10834,2025-03-02,16:55:03,STN-HYD-01,Hyderabad,Sedan,CHAdeMO,14,30,20,8.22,Completed,None,Charging,Paid,124.78
SES-10835,2025-03-02,20:30:57,STN-MUM-01,Mumbai,Hatchback,Type 2,63,100,97,13.84,Completed,None,Available,Paid,224.40
SES-10836,2025-03-02,19:52:19,STN-CBE-01,Coimbatore,Sedan,CCS,39,100,116,31.71,Completed,None,Available,Paid,542.63
SES-10837,2025-03-02,05:27:15,STN-MUM-02,Mumbai,Hatchback,Type 2,35,45,17,4.08,Completed,None,Charging,Paid,66.16
SES-10838,2025-03-02,15:14:16,STN-MUM-01,Mumbai,Hatchback,CCS,83,100,63,6.15,Completed,None,Charging,Paid,98.70
SES-10839,2025-03-02,14:12:18,STN-BLR-01,Bengaluru,Crossover,Type 2,15,100,103,62.22,Completed,None,Available,Paid,"1,085.59"
SES-10840,2025-03-02,09:17:13,STN-HYD-02,Hyderabad,Hatchback,Type 2,13,21,10,2.92,Completed,None,Available,Paid,46.82
SES-10841,2025-03-02,07:35:19,STN-MUM-01,Mumbai,Sedan,Type 2,70,100,107,16.88,Completed,None,Available,Paid,271.22
SES-10842,2025-03-03,19:44:43,STN-PUN-01,Pune,SUV,CCS,48,69,29,19.17,Completed,None,Charging,Paid,352.34
SES-10843,2025-03-03,08:43:52,STN-DEL-02,Delhi,Sedan,CCS,20,100,109,47.17,Completed,None,Charging,Paid,826.21
SES-10844,2025-03-03,10:33:01,STN-CBE-01,Coimbatore,Sedan,CCS,52,78,43,15.38,Completed,None,Charging,Paid,275.80
SES-10845,2025-03-03,10:09:31,STN-HYD-02,Hyderabad,SUV,CHAdeMO,57,98,66,34.33,Completed,None,Charging,Paid,622.23
SES-10846,2025-03-03,14:12:38,STN-MUM-02,Mumbai,Sedan,CHAdeMO,69,100,107,15.61,Completed,None,Available,Paid,260.74
SES-10847,2025-03-03,20:09:09,STN-KOL-01,Kolkata,Hatchback,Type 2,52,70,22,6.97,Completed,None,Available,Paid,120.34
SES-10848,2025-03-03,18:59:50,STN-HYD-01,Hyderabad,Crossover,CHAdeMO,74,100,63,19.57,Completed,None,Available,Paid,328.34
SES-10849,2025-03-03,15:00:27,STN-PUN-01,Pune,SUV,Type 2,50,93,62,37.89,Completed,None,Available,Paid,683.74
SES-10850,2025-03-03,22:13:20,STN-BLR-01,Bengaluru,Sedan,CCS,79,100,61,10.45,Completed,None,Charging,Paid,185.72
SES-10851,2025-03-03,18:48:08,STN-HYD-02,Hyderabad,Hatchback,Type 2,37,46,15,3.88,Completed,None,Available,Paid,63.65
SES-10852,2025-03-03,04:57:56,STN-PUN-01,Pune,Hatchback,CCS,56,59,45,1.20,Failed,Charging Interrupted,Maintenance,Failed,0.00
SES-10853,2025-03-03,08:51:39,STN-DEL-02,Delhi,Hatchback,CCS,85,100,34,5.58,Completed,None,Available,Paid,100.74
SES-10854,2025-03-03,12:18:35,STN-HYD-02,Hyderabad,SUV,CCS,59,100,100,38.05,Completed,None,Available,Paid,682.04
SES-10855,2025-03-03,16:12:13,STN-BLR-02,Bengaluru,Hatchback,CCS,55,100,67,17.53,Completed,None,Available,Paid,289.85
SES-10856,2025-03-03,17:28:42,STN-BLR-02,Bengaluru,Sedan,Type 2,44,100,120,33.07,Completed,None,Charging,Paid,569.36
SES-10857,2025-03-03,16:57:43,STN-HYD-02,Hyderabad,Crossover,CCS,29,75,64,30.75,Completed,None,Available,Paid,471.45
SES-10858,2025-03-03,11:05:56,STN-VSKP-01,Visakhapatnam,Crossover,CCS,67,100,104,21.81,Completed,None,Available,Paid,386.16
SES-10859,2025-03-03,20:57:26,STN-HYD-02,Hyderabad,Hatchback,Type 2,26,34,12,2.98,Completed,None,Available,Paid,47.53
SES-10860,2025-03-04,17:15:55,STN-BLR-02,Bengaluru,Sedan,Type 2,42,69,37,15.50,Completed,None,Available,Paid,273.44
SES-10861,2025-03-04,21:51:19,STN-MUM-02,Mumbai,Hatchback,Type 2,13,54,77,15.02,Completed,None,Charging,Paid,258.40
SES-10862,2025-03-04,16:24:27,STN-MUM-01,Mumbai,SUV,CCS,41,100,90,46.50,Completed,None,Charging,Paid,858.54
SES-10863,2025-03-04,08:20:17,STN-KOL-01,Kolkata,SUV,CCS,9,35,47,21.96,Completed,None,Charging,Paid,331.44
SES-10864,2025-03-04,09:56:28,STN-HYD-01,Hyderabad,Hatchback,Type 2,86,100,43,5.31,Completed,None,Charging,Paid,93.38
SES-10865,2025-03-04,19:32:00,STN-PUN-01,Pune,Sedan,Type 2,26,74,93,27.91,Completed,None,Available,Paid,465.08
SES-10866,2025-03-04,16:41:20,STN-PUN-01,Pune,SUV,CCS,16,34,22,15.85,Completed,None,Available,Paid,284.03
SES-10867,2025-03-04,11:39:02,STN-BLR-01,Bengaluru,Hatchback,CHAdeMO,64,100,120,14.34,Completed,None,Available,Paid,230.52
SES-10868,2025-03-04,18:44:37,STN-HYD-01,Hyderabad,Hatchback,CCS,48,60,14,4.55,Completed,None,Available,Paid,74.66
SES-10869,2025-03-04,05:19:51,STN-CHE-01,Chennai,Hatchback,CCS,26,79,69,21.18,Completed,None,Available,Paid,334.72
SES-10870,2025-03-04,07:33:20,STN-BLR-02,Bengaluru,Sedan,CCS,10,68,97,29.06,Completed,None,Available,Paid,468.18
SES-10871,2025-03-04,14:47:22,STN-VIJ-01,Vijayawada,Hatchback,CCS,31,90,111,25.80,Completed,None,Available,Paid,419.24
SES-10872,2025-03-04,11:52:12,STN-VIJ-01,Vijayawada,Sedan,CHAdeMO,59,81,26,12.64,Completed,None,Available,Paid,209.00
SES-10873,2025-03-04,10:08:16,STN-CHE-01,Chennai,Hatchback,CCS,19,70,66,20.69,Completed,None,Available,Paid,365.79
SES-10874,2025-03-04,17:18:18,STN-KOL-01,Kolkata,Sedan,CCS,68,100,40,19.18,Completed,None,Charging,Paid,346.95
SES-10875,2025-03-04,18:53:41,STN-DEL-02,Delhi,Hatchback,CCS,21,94,101,27.87,Completed,None,Charging,Paid,464.00
SES-10876,2025-03-04,22:19:08,STN-HYD-01,Hyderabad,SUV,CCS,7,69,74,55.83,Completed,None,Available,Paid,854.53
SES-10877,2025-03-04,01:46:01,STN-DEL-01,Delhi,Crossover,CCS,14,61,75,31.62,Completed,None,Available,Paid,522.12
SES-10878,2025-03-04,13:35:18,STN-KOL-01,Kolkata,SUV,CCS,67,91,42,21.57,Completed,None,Available,Paid,351.71
SES-10879,2025-03-05,18:38:17,STN-BLR-01,Bengaluru,SUV,CCS,67,100,113,30.31,Completed,None,Available,Paid,552.38
SES-10880,2025-03-05,09:58:06,STN-HYD-02,Hyderabad,SUV,Type 2,66,100,102,26.11,Completed,None,Available,Paid,448.55
SES-10881,2025-03-05,16:35:39,STN-DEL-02,Delhi,Hatchback,Type 2,89,98,13,3.61,Completed,None,Available,Paid,56.91
SES-10882,2025-03-05,07:37:24,STN-MUM-01,Mumbai,SUV,Type 2,13,86,91,66.01,Completed,None,Available,Paid,"1,026.44"
SES-10883,2025-03-05,19:11:03,STN-DEL-01,Delhi,Sedan,Type 2,28,84,64,29.11,Completed,None,Available,Paid,492.69
SES-10884,2025-03-05,17:08:03,STN-HYD-01,Hyderabad,SUV,CCS,36,65,33,25.02,Completed,None,Charging,Paid,444.09
SES-10885,2025-03-05,16:13:04,STN-HYD-01,Hyderabad,Hatchback,Type 2,7,41,41,13.89,Completed,None,Available,Paid,227.43
SES-10886,2025-03-05,15:56:18,STN-VIJ-01,Vijayawada,Sedan,CCS,37,92,82,30.07,Completed,None,Available,Paid,453.52
SES-10887,2025-03-05,17:16:29,STN-CHE-01,Chennai,Sedan,CCS,47,94,56,27.17,Completed,None,Charging,Paid,433.83
SES-10888,2025-03-06,18:34:22,STN-MUM-02,Mumbai,SUV,Type 2,16,28,25,10.14,Completed,None,Available,Paid,181.77
SES-10889,2025-03-06,11:14:31,STN-CBE-01,Coimbatore,Hatchback,Type 2,89,100,30,4.83,Completed,None,Charging,Paid,84.63
SES-10890,2025-03-06,13:14:27,STN-CHE-01,Chennai,Sedan,CCS,36,100,103,35.02,Completed,None,Available,Paid,605.56
SES-10891,2025-03-06,14:34:21,STN-KOL-01,Kolkata,Crossover,CCS,24,89,76,48.72,Completed,None,Available,Paid,763.31
SES-10892,2025-03-06,19:44:11,STN-PUN-01,Pune,Crossover,CCS,71,100,106,19.37,Completed,None,Available,Paid,291.98
SES-10893,2025-03-06,18:20:48,STN-CHE-01,Chennai,Sedan,Type 2,72,95,40,13.58,Completed,None,Available,Paid,228.99
SES-10894,2025-03-06,18:09:46,STN-MUM-02,Mumbai,Sedan,CCS,21,91,118,40.10,Completed,None,Charging,Paid,691.02
SES-10895,2025-03-06,07:31:38,STN-MUM-01,Mumbai,Hatchback,Type 2,85,100,23,6.15,Completed,None,Available,Paid,109.88
SES-10896,2025-03-06,15:17:47,STN-CBE-01,Coimbatore,Crossover,CCS,23,31,15,5.47,Completed,None,Available,Paid,88.51
SES-10897,2025-03-06,22:26:27,STN-DEL-02,Delhi,Hatchback,CCS,8,62,78,20.54,Completed,None,Charging,Paid,328.59
SES-10898,2025-03-06,20:38:48,STN-VSKP-01,Visakhapatnam,SUV,CCS,21,46,38,22.18,Completed,None,Available,Paid,374.98
SES-10899,2025-03-06,16:43:07,STN-BLR-02,Bengaluru,Sedan,CCS,68,69,64,0.40,Failed,Connector Error,Maintenance,Failed,0.00
SES-10900,2025-03-06,16:33:06,STN-HYD-01,Hyderabad,SUV,CCS,26,58,46,29.00,Completed,None,Available,Paid,509.49
SES-10901,2025-03-07,11:59:37,STN-KOL-01,Kolkata,SUV,Type 2,70,74,68,1.60,Failed,Payment Failure,Offline,Failed,0.00
SES-10902,2025-03-07,08:08:58,STN-KOL-01,Kolkata,Sedan,CCS,46,72,45,13.07,Completed,None,Available,Paid,236.51
SES-10903,2025-03-07,18:07:50,STN-HYD-02,Hyderabad,SUV,Type 2,80,100,94,15.38,Completed,None,Available,Paid,242.34
SES-10904,2025-03-07,22:04:13,STN-CHE-01,Chennai,Sedan,CCS,49,100,85,26.75,Completed,None,Available,Paid,489.66
SES-10905,2025-03-07,10:03:38,STN-DEL-01,Delhi,SUV,Type 2,15,78,119,48.53,Completed,None,Available,Paid,828.42
SES-10906,2025-03-07,22:24:27,STN-MUM-01,Mumbai,Sedan,CHAdeMO,57,100,68,24.37,Completed,None,Available,Paid,407.21
SES-10907,2025-03-07,09:42:13,STN-BLR-01,Bengaluru,Sedan,CCS,64,68,96,1.60,Failed,Connector Error,Maintenance,Failed,0.00
SES-10908,2025-03-07,18:22:47,STN-HYD-01,Hyderabad,Hatchback,CHAdeMO,33,95,87,26.11,Completed,None,Charging,Paid,450.18
SES-10909,2025-03-07,18:37:54,STN-MUM-02,Mumbai,Sedan,CCS,24,72,73,24.80,Completed,None,Available,Paid,417.14
SES-10910,2025-03-07,04:23:24,STN-PUN-01,Pune,SUV,Type 2,9,44,52,31.90,Completed,None,Charging,Paid,574.02
SES-10911,2025-03-07,10:56:30,STN-MUM-02,Mumbai,Sedan,CCS,29,57,51,15.07,Completed,None,Available,Paid,261.71
SES-10912,2025-03-08,15:04:43,STN-CHE-01,Chennai,Sedan,CCS,38,94,83,29.45,Completed,None,Available,Paid,523.91
SES-10913,2025-03-08,08:37:59,STN-DEL-02,Delhi,SUV,CCS,16,19,69,1.20,Failed,Payment Failure,Offline,Failed,0.00
SES-10914,2025-03-08,22:17:01,STN-PUN-01,Pune,Sedan,CCS,32,36,71,1.60,Failed,Charging Interrupted,Maintenance,Failed,0.00
SES-10915,2025-03-08,13:29:43,STN-DEL-01,Delhi,Sedan,Type 2,10,66,73,32.21,Completed,None,Available,Paid,502.34
SES-10916,2025-03-08,23:03:06,STN-MUM-02,Mumbai,Hatchback,Type 2,23,84,100,23.05,Completed,None,Available,Paid,357.72
SES-10917,2025-03-08,18:30:50,STN-KOL-01,Kolkata,Sedan,CCS,16,84,114,40.35,Completed,None,Charging,Paid,710.30
SES-10918,2025-03-08,17:54:38,STN-DEL-01,Delhi,Sedan,CHAdeMO,29,78,67,26.95,Completed,None,Available,Paid,408.76
SES-10919,2025-03-08,18:05:49,STN-BLR-01,Bengaluru,Hatchback,CHAdeMO,17,23,11,2.19,Completed,None,Available,Paid,38.51
SES-10920,2025-03-08,17:57:50,STN-CBE-01,Coimbatore,Sedan,CHAdeMO,85,100,87,7.75,Completed,None,Charging,Paid,136.95
SES-10921,2025-03-09,08:43:14,STN-DEL-01,Delhi,Hatchback,Type 2,80,100,80,8.00,Completed,None,Available,Paid,123.70
SES-10922,2025-03-09,02:49:36,STN-HYD-01,Hyderabad,Sedan,CCS,7,71,90,38.35,Completed,None,Available,Paid,638.89
SES-10923,2025-03-09,14:02:02,STN-MUM-01,Mumbai,Sedan,CCS,28,95,93,39.87,Completed,None,Available,Paid,669.23
SES-10924,2025-03-09,07:09:50,STN-PUN-01,Pune,SUV,CCS,12,21,17,8.27,Completed,None,Available,Paid,143.92
SES-10925,2025-03-09,06:11:28,STN-HYD-01,Hyderabad,Crossover,CHAdeMO,49,98,65,35.27,Completed,None,Charging,Paid,535.50
SES-10926,2025-03-09,10:06:12,STN-HYD-02,Hyderabad,Sedan,CCS,76,100,93,12.56,Completed,None,Available,Paid,196.11
SES-10927,2025-03-09,16:03:09,STN-MUM-02,Mumbai,SUV,CCS,5,40,45,30.60,Completed,None,Available,Paid,559.47
SES-10928,2025-03-09,09:16:51,STN-VIJ-01,Vijayawada,Sedan,CCS,7,54,78,25.67,Completed,None,Charging,Paid,387.07
SES-10929,2025-03-09,08:04:31,STN-MUM-02,Mumbai,Sedan,CCS,69,82,22,6.53,Completed,None,Charging,Paid,116.61
SES-10930,2025-03-09,18:26:12,STN-HYD-02,Hyderabad,Crossover,CCS,19,59,48,26.02,Completed,None,Available,Paid,456.40
SES-10931,2025-03-09,10:23:37,STN-DEL-01,Delhi,Sedan,Type 2,54,100,111,25.89,Completed,None,Available,Paid,472.18
SES-10932,2025-03-09,22:58:34,STN-VSKP-01,Visakhapatnam,Hatchback,CCS,24,86,90,25.60,Completed,None,Charging,Paid,432.49
SES-10933,2025-03-09,19:56:36,STN-HYD-01,Hyderabad,Sedan,Type 2,7,11,15,1.40,Cancelled,None,Available,Refunded,0.00
SES-10934,2025-03-09,05:53:34,STN-VIJ-01,Vijayawada,Hatchback,Type 2,65,85,28,7.60,Completed,None,Available,Paid,135.66
SES-10935,2025-03-10,09:43:24,STN-PUN-01,Pune,SUV,Type 2,19,46,34,21.22,Completed,None,Available,Paid,361.04
SES-10936,2025-03-10,19:03:45,STN-PUN-01,Pune,Hatchback,CCS,63,69,12,2.17,Cancelled,None,Available,Refunded,0.00
SES-10937,2025-03-10,19:26:05,STN-VSKP-01,Visakhapatnam,Sedan,CHAdeMO,58,100,114,25.16,Completed,None,Charging,Paid,413.88
SES-10938,2025-03-10,18:39:48,STN-HYD-02,Hyderabad,Hatchback,Type 2,64,100,62,15.75,Completed,None,Available,Paid,268.23
SES-10939,2025-03-10,05:40:01,STN-MUM-02,Mumbai,Hatchback,CCS,41,68,37,10.59,Completed,None,Charging,Paid,172.83
SES-10940,2025-03-10,00:51:01,STN-HYD-02,Hyderabad,SUV,Type 2,25,45,35,15.61,Completed,None,Available,Paid,256.86
SES-10941,2025-03-10,10:42:58,STN-VSKP-01,Visakhapatnam,Hatchback,Type 2,27,77,56,21.19,Completed,None,Charging,Paid,377.43
SES-10942,2025-03-10,18:46:42,STN-VIJ-01,Vijayawada,SUV,CCS,22,36,17,13.08,Completed,None,Available,Paid,241.28
SES-10943,2025-03-10,19:34:59,STN-BLR-01,Bengaluru,Hatchback,CCS,21,54,66,12.85,Completed,None,Charging,Paid,221.32
SES-10944,2025-03-10,13:23:04,STN-BLR-01,Bengaluru,SUV,Type 2,35,73,64,30.01,Completed,None,Charging,Paid,493.57
SES-10945,2025-03-10,18:38:12,STN-CBE-01,Coimbatore,SUV,Type 2,68,100,88,25.54,Completed,None,Charging,Paid,450.69
SES-10946,2025-03-10,08:52:44,STN-BLR-01,Bengaluru,Hatchback,CCS,52,57,10,2.00,Completed,None,Available,Paid,35.64
SES-10947,2025-03-10,17:55:09,STN-BLR-02,Bengaluru,Sedan,Type 2,30,59,49,14.42,Completed,None,Available,Paid,250.86
SES-10948,2025-03-10,07:39:53,STN-MUM-01,Mumbai,SUV,CCS,26,48,32,18.40,Completed,None,Charging,Paid,331.42
SES-10949,2025-03-10,16:44:34,STN-VIJ-01,Vijayawada,Crossover,Type 2,49,100,109,37.18,Completed,None,Available,Paid,660.66
SES-10950,2025-03-10,14:04:25,STN-DEL-02,Delhi,SUV,CCS,40,95,63,45.10,Completed,None,Available,Paid,827.43
SES-10951,2025-03-10,16:06:52,STN-KOL-01,Kolkata,Sedan,CCS,68,100,51,18.49,Completed,None,Charging,Paid,331.63
SES-10952,2025-03-11,16:41:51,STN-CHE-01,Chennai,SUV,Type 2,39,94,89,47.08,Completed,None,Available,Paid,735.27
SES-10953,2025-03-11,15:07:30,STN-KOL-01,Kolkata,Hatchback,Type 2,79,100,59,7.62,Completed,None,Available,Paid,132.24
SES-10954,2025-03-11,08:06:44,STN-BLR-02,Bengaluru,Crossover,CCS,86,95,13,6.10,Completed,None,Available,Paid,99.15
SES-10955,2025-03-11,09:40:31,STN-PUN-01,Pune,Crossover,CCS,31,44,17,8.38,Completed,None,Available,Paid,139.69
SES-10956,2025-03-11,17:33:49,STN-DEL-01,Delhi,Hatchback,Type 2,72,96,45,9.99,Completed,None,Available,Paid,178.15
SES-10957,2025-03-11,13:11:06,STN-MUM-02,Mumbai,SUV,Type 2,21,36,19,12.22,Completed,None,Available,Paid,189.07
SES-10958,2025-03-11,09:44:10,STN-VIJ-01,Vijayawada,Sedan,Type 2,74,100,39,13.57,Completed,None,Charging,Paid,215.73
SES-10959,2025-03-11,07:22:26,STN-CBE-01,Coimbatore,Sedan,CCS,15,100,109,46.75,Completed,None,Charging,Paid,732.22
SES-10960,2025-03-11,17:37:01,STN-VIJ-01,Vijayawada,Sedan,CHAdeMO,9,25,25,9.43,Completed,None,Available,Paid,161.97
SES-10961,2025-03-11,20:19:24,STN-DEL-01,Delhi,Sedan,Type 2,62,63,39,0.40,Failed,Network Error,Maintenance,Failed,0.00
SES-10962,2025-03-11,13:48:28,STN-HYD-02,Hyderabad,Hatchback,CCS,86,100,73,5.63,Completed,None,Available,Paid,86.31
SES-10963,2025-03-11,15:48:51,STN-VSKP-01,Visakhapatnam,Hatchback,Type 2,61,100,117,15.96,Completed,None,Available,Paid,271.25
SES-10964,2025-03-12,09:49:46,STN-MUM-02,Mumbai,SUV,CCS,78,100,83,19.17,Completed,None,Charging,Paid,289.63
SES-10965,2025-03-12,08:17:37,STN-CHE-01,Chennai,Crossover,Type 2,84,94,20,7.32,Completed,None,Available,Paid,125.46
SES-10966,2025-03-12,06:36:29,STN-CHE-01,Chennai,Crossover,CCS,78,100,43,16.09,Completed,None,Charging,Paid,251.69
SES-10967,2025-03-12,15:09:14,STN-HYD-01,Hyderabad,Hatchback,CCS,78,81,89,1.20,Failed,Network Error,Maintenance,Failed,0.00
SES-10968,2025-03-12,07:47:43,STN-DEL-01,Delhi,SUV,CCS,89,100,64,8.43,Completed,None,Charging,Paid,135.49
SES-10969,2025-03-12,19:32:15,STN-VSKP-01,Visakhapatnam,Sedan,CCS,18,83,92,36.41,Completed,None,Charging,Paid,584.24
SES-10970,2025-03-13,06:34:33,STN-DEL-02,Delhi,SUV,CCS,76,100,117,21.29,Completed,None,Available,Paid,319.41
SES-10971,2025-03-13,20:29:12,STN-CHE-01,Chennai,Sedan,Type 2,5,12,13,4.20,Completed,None,Charging,Paid,75.49
SES-10972,2025-03-13,14:58:04,STN-MUM-01,Mumbai,SUV,CCS,20,61,58,34.42,Completed,None,Available,Paid,613.04
SES-10973,2025-03-13,17:52:38,STN-HYD-01,Hyderabad,Crossover,Type 2,30,60,53,21.46,Completed,None,Available,Paid,326.50
SES-10974,2025-03-13,19:23:26,STN-DEL-02,Delhi,Sedan,Type 2,53,76,40,13.51,Completed,None,Available,Paid,219.70
SES-10975,2025-03-13,09:44:26,STN-MUM-02,Mumbai,Sedan,Type 2,46,94,57,25.53,Completed,None,Charging,Paid,416.34
SES-10976,2025-03-13,08:06:41,STN-DEL-01,Delhi,SUV,CCS,74,100,108,22.70,Completed,None,Charging,Paid,369.94
SES-10977,2025-03-13,20:58:37,STN-DEL-01,Delhi,SUV,CCS,70,100,107,27.09,Completed,None,Charging,Paid,475.38
SES-10978,2025-03-13,11:27:33,STN-CBE-01,Coimbatore,Sedan,CCS,57,80,35,11.92,Completed,None,Available,Paid,185.22
SES-10979,2025-03-13,22:31:25,STN-VSKP-01,Visakhapatnam,Sedan,Type 2,13,14,112,0.40,Failed,Connector Error,Maintenance,Failed,0.00
SES-10980,2025-03-13,15:18:08,STN-DEL-02,Delhi,Crossover,CCS,73,100,79,20.61,Completed,None,Charging,Paid,325.83
SES-10981,2025-03-13,21:53:57,STN-CBE-01,Coimbatore,Sedan,Type 2,44,44,106,0.00,Failed,Network Error,Offline,Failed,0.00
SES-10982,2025-03-13,10:03:02,STN-DEL-02,Delhi,Hatchback,Type 2,60,100,120,15.80,Completed,None,Charging,Paid,264.63
SES-10983,2025-03-13,19:28:51,STN-CHE-01,Chennai,SUV,CCS,9,79,100,55.10,Completed,None,Available,Paid,873.95
SES-10984,2025-03-14,17:37:57,STN-MUM-02,Mumbai,SUV,Type 2,60,72,21,9.38,Completed,None,Available,Paid,169.16
SES-10985,2025-03-14,06:32:20,STN-VSKP-01,Visakhapatnam,Sedan,CCS,76,100,54,13.25,Completed,None,Available,Paid,219.24
SES-10986,2025-03-14,12:37:45,STN-VIJ-01,Vijayawada,Hatchback,CHAdeMO,9,10,17,0.50,Cancelled,None,Maintenance,Refunded,0.00
SES-10987,2025-03-14,02:35:10,STN-VIJ-01,Vijayawada,Hatchback,CCS,73,83,18,4.27,Completed,None,Available,Paid,74.73
SES-10988,2025-03-14,18:58:00,STN-VSKP-01,Visakhapatnam,Sedan,CCS,56,63,10,4.13,Completed,None,Available,Paid,74.17
SES-10989,2025-03-14,15:34:30,STN-HYD-01,Hyderabad,Sedan,CCS,85,92,14,3.82,Completed,None,Available,Paid,63.70
SES-10990,2025-03-14,08:00:24,STN-MUM-01,Mumbai,Sedan,Type 2,77,100,80,13.63,Completed,None,Available,Paid,215.17
SES-10991,2025-03-14,18:19:02,STN-VIJ-01,Vijayawada,Hatchback,CHAdeMO,37,100,91,22.96,Completed,None,Available,Paid,349.52
SES-10992,2025-03-14,08:01:17,STN-PUN-01,Pune,SUV,CCS,26,70,63,33.81,Completed,None,Available,Paid,553.75
SES-10993,2025-03-14,05:09:04,STN-VSKP-01,Visakhapatnam,Sedan,CCS,89,100,113,6.27,Completed,None,Available,Paid,98.79
SES-10994,2025-03-14,20:33:59,STN-PUN-01,Pune,Sedan,CCS,19,21,33,0.75,Cancelled,None,Available,Refunded,0.00
SES-10995,2025-03-14,19:30:09,STN-BLR-02,Bengaluru,SUV,Type 2,69,92,35,19.97,Completed,None,Charging,Paid,349.50
SES-10996,2025-03-14,09:35:53,STN-MUM-01,Mumbai,Hatchback,CCS,75,91,19,6.58,Completed,None,Available,Paid,116.70
SES-10997,2025-03-14,21:46:05,STN-MUM-02,Mumbai,SUV,Type 2,27,81,70,46.98,Completed,None,Available,Paid,794.04
SES-10998,2025-03-14,21:02:09,STN-VIJ-01,Vijayawada,Sedan,CCS,10,45,49,17.81,Completed,None,Available,Paid,317.56
SES-10999,2025-03-14,17:25:20,STN-MUM-02,Mumbai,Sedan,Type 2,88,100,53,6.60,Completed,None,Available,Paid,110.44
SES-11000,2025-03-14,17:37:43,STN-HYD-01,Hyderabad,SUV,CCS,62,74,21,10.04,Completed,None,Available,Paid,162.94
SES-11001,2025-03-15,05:04:14,STN-CBE-01,Coimbatore,Sedan,Type 2,30,31,31,0.40,Failed,Payment Failure,Offline,Failed,0.00
SES-11002,2025-03-15,17:00:15,STN-CBE-01,Coimbatore,Hatchback,Type 2,16,47,36,11.89,Completed,None,Charging,Paid,184.92
SES-11003,2025-03-15,17:51:46,STN-DEL-01,Delhi,SUV,CCS,81,100,76,15.29,Completed,None,Charging,Paid,232.07
SES-11004,2025-03-15,20:55:15,STN-BLR-02,Bengaluru,Sedan,Type 2,81,100,91,9.54,Completed,None,Charging,Paid,158.76
SES-11005,2025-03-15,14:20:01,STN-KOL-01,Kolkata,SUV,Type 2,6,70,78,52.47,Completed,None,Available,Paid,834.94
SES-11006,2025-03-15,17:37:25,STN-HYD-01,Hyderabad,Hatchback,CCS,36,47,23,4.81,Completed,None,Available,Paid,72.37
SES-11007,2025-03-15,08:58:37,STN-KOL-01,Kolkata,SUV,CCS,54,74,34,15.35,Completed,None,Available,Paid,233.63
SES-11008,2025-03-15,19:10:07,STN-BLR-02,Bengaluru,Hatchback,Type 2,65,100,61,15.14,Completed,None,Available,Paid,271.44
SES-11009,2025-03-15,08:52:06,STN-KOL-01,Kolkata,SUV,CHAdeMO,15,99,104,65.16,Completed,None,Charging,Paid,"1,178.63"
SES-11010,2025-03-15,08:20:07,STN-DEL-01,Delhi,Hatchback,CHAdeMO,72,100,94,11.34,Completed,None,Available,Paid,195.63
SES-11011,2025-03-15,21:20:55,STN-HYD-02,Hyderabad,Hatchback,Type 2,38,72,68,13.54,Completed,None,Charging,Paid,203.76
SES-11012,2025-03-16,04:57:45,STN-BLR-02,Bengaluru,Sedan,CCS,84,100,47,8.20,Completed,None,Available,Paid,150.68
SES-11013,2025-03-16,13:56:28,STN-HYD-01,Hyderabad,Sedan,CCS,12,19,29,2.38,Cancelled,None,Available,Refunded,0.00
SES-11014,2025-03-16,16:14:29,STN-VSKP-01,Visakhapatnam,Crossover,CCS,12,73,87,42.43,Completed,None,Charging,Paid,695.36
SES-11015,2025-03-16,18:28:53,STN-HYD-02,Hyderabad,Crossover,CCS,19,34,29,9.89,Completed,None,Charging,Paid,164.91
SES-11016,2025-03-16,08:19:44,STN-CBE-01,Coimbatore,Hatchback,CCS,9,51,65,16.08,Completed,None,Available,Paid,244.10
SES-11017,2025-03-16,08:21:06,STN-DEL-02,Delhi,Hatchback,CCS,23,93,110,30.40,Completed,None,Charging,Paid,509.65
SES-11018,2025-03-16,16:39:28,STN-VSKP-01,Visakhapatnam,Sedan,Type 2,78,100,119,13.14,Completed,None,Available,Paid,204.68
SES-11019,2025-03-16,01:27:47,STN-MUM-01,Mumbai,SUV,CHAdeMO,13,13,39,0.00,Failed,Connector Error,Offline,Failed,0.00
SES-11020,2025-03-16,16:13:52,STN-CHE-01,Chennai,Crossover,CHAdeMO,61,100,116,28.41,Completed,None,Charging,Paid,465.63
SES-11021,2025-03-16,10:08:56,STN-HYD-01,Hyderabad,Hatchback,CCS,58,95,50,16.11,Completed,None,Available,Paid,286.71
SES-11022,2025-03-16,17:23:12,STN-DEL-02,Delhi,Sedan,CHAdeMO,33,99,93,39.65,Completed,None,Charging,Paid,710.01
SES-11023,2025-03-16,02:50:48,STN-PUN-01,Pune,Sedan,CCS,23,70,80,26.86,Completed,None,Charging,Paid,481.98
SES-11024,2025-03-16,17:27:07,STN-PUN-01,Pune,SUV,CCS,81,100,72,16.20,Completed,None,Available,Paid,253.99
SES-11025,2025-03-16,18:04:41,STN-MUM-02,Mumbai,SUV,Type 2,50,100,78,44.46,Completed,None,Charging,Paid,812.07
SES-11026,2025-03-16,08:35:40,STN-HYD-01,Hyderabad,SUV,CCS,84,100,104,14.05,Completed,None,Charging,Paid,224.13
SES-11027,2025-03-16,07:45:01,STN-CBE-01,Coimbatore,SUV,CHAdeMO,66,95,38,26.76,Completed,None,Charging,Paid,469.49
SES-11028,2025-03-16,18:52:26,STN-BLR-01,Bengaluru,Sedan,CCS,64,100,88,20.99,Completed,None,Charging,Paid,364.57
SES-11029,2025-03-17,22:09:41,STN-CHE-01,Chennai,Hatchback,CCS,9,83,98,29.47,Completed,None,Charging,Paid,504.68
SES-11030,2025-03-17,08:53:02,STN-BLR-01,Bengaluru,Hatchback,CCS,37,100,86,23.15,Completed,None,Available,Paid,400.41
SES-11031,2025-03-17,17:57:05,STN-MUM-01,Mumbai,Hatchback,Type 2,87,100,53,5.61,Completed,None,Available,Paid,86.17
SES-11032,2025-03-17,19:57:57,STN-KOL-01,Kolkata,Hatchback,CCS,59,100,97,16.58,Completed,None,Available,Paid,298.44
SES-11033,2025-03-17,17:01:11,STN-MUM-02,Mumbai,SUV,Type 2,23,69,88,37.54,Completed,None,Charging,Paid,607.18
SES-11034,2025-03-17,17:19:38,STN-VIJ-01,Vijayawada,Hatchback,Type 2,21,100,97,30.65,Completed,None,Available,Paid,547.69
SES-11035,2025-03-17,22:19:00,STN-CHE-01,Chennai,SUV,Type 2,46,98,99,41.38,Completed,None,Charging,Paid,755.87
SES-11036,2025-03-17,01:58:00,STN-HYD-02,Hyderabad,Crossover,CCS,26,92,92,42.85,Completed,None,Charging,Paid,670.54
SES-11037,2025-03-17,03:44:29,STN-BLR-02,Bengaluru,Sedan,CCS,43,97,66,28.66,Completed,None,Available,Paid,513.55
SES-11038,2025-03-17,08:02:45,STN-CHE-01,Chennai,Crossover,Type 2,84,100,33,12.12,Completed,None,Available,Paid,187.23
SES-11039,2025-03-17,18:23:21,STN-DEL-01,Delhi,Sedan,CHAdeMO,31,48,28,8.58,Completed,None,Available,Paid,129.14
SES-11040,2025-03-17,17:44:25,STN-HYD-02,Hyderabad,Sedan,Type 2,80,100,115,10.71,Completed,None,Charging,Paid,173.81
SES-11041,2025-03-17,14:23:09,STN-CBE-01,Coimbatore,SUV,CCS,50,73,26,20.41,Completed,None,Available,Paid,347.54
SES-11042,2025-03-17,18:27:35,STN-BLR-02,Bengaluru,SUV,CCS,32,71,78,30.37,Completed,None,Charging,Paid,494.29
SES-11043,2025-03-17,21:15:58,STN-VSKP-01,Visakhapatnam,Sedan,CCS,56,99,70,21.90,Completed,None,Charging,Paid,344.05
SES-11044,2025-03-17,17:53:14,STN-MUM-01,Mumbai,SUV,Type 2,69,78,13,7.68,Completed,None,Available,Paid,126.92
SES-11045,2025-03-18,07:56:33,STN-PUN-01,Pune,Hatchback,CCS,43,68,31,9.44,Completed,None,Available,Paid,173.25
SES-11046,2025-03-18,17:14:25,STN-BLR-02,Bengaluru,Sedan,Type 2,22,73,83,26.32,Completed,None,Available,Paid,419.66
SES-11047,2025-03-18,09:42:04,STN-DEL-01,Delhi,SUV,CHAdeMO,26,78,94,42.99,Completed,None,Available,Paid,758.14
SES-11048,2025-03-18,12:09:10,STN-MUM-02,Mumbai,Sedan,CCS,72,100,98,16.89,Completed,None,Charging,Paid,297.32
SES-11049,2025-03-18,09:38:40,STN-CBE-01,Coimbatore,SUV,CCS,15,27,15,11.11,Completed,None,Available,Paid,193.34
SES-11050,2025-03-18,10:22:06,STN-VSKP-01,Visakhapatnam,Hatchback,CHAdeMO,86,100,39,5.57,Completed,None,Available,Paid,86.92
SES-11051,2025-03-18,08:02:11,STN-BLR-02,Bengaluru,SUV,CCS,68,100,102,27.88,Completed,None,Charging,Paid,471.11
SES-11052,2025-03-18,09:25:32,STN-KOL-01,Kolkata,Crossover,CCS,75,100,84,18.85,Completed,None,Available,Paid,331.39
SES-11053,2025-03-19,06:14:01,STN-CHE-01,Chennai,SUV,CCS,89,100,20,9.02,Completed,None,Available,Paid,159.79
SES-11054,2025-03-19,20:06:31,STN-CHE-01,Chennai,Hatchback,CCS,61,97,57,15.28,Completed,None,Available,Paid,229.39
SES-11055,2025-03-19,22:49:52,STN-MUM-02,Mumbai,Hatchback,Type 2,39,42,55,1.20,Failed,Station Offline,Maintenance,Failed,0.00
SES-11056,2025-03-19,21:27:12,STN-VSKP-01,Visakhapatnam,Hatchback,CCS,41,64,36,9.63,Completed,None,Available,Paid,148.40
SES-11057,2025-03-19,09:55:34,STN-CHE-01,Chennai,Sedan,CCS,54,74,28,11.39,Completed,None,Charging,Paid,198.59
SES-11058,2025-03-19,09:53:35,STN-KOL-01,Kolkata,Sedan,Type 2,34,37,95,1.20,Failed,Network Error,Offline,Paid,20.68
SES-11059,2025-03-19,07:24:15,STN-CBE-01,Coimbatore,SUV,CCS,21,97,101,68.10,Completed,None,Available,Paid,"1,160.08"
SES-11060,2025-03-19,12:00:04,STN-MUM-01,Mumbai,Hatchback,CCS,37,39,68,0.78,Cancelled,None,Maintenance,Refunded,0.00
SES-11061,2025-03-19,07:21:23,STN-CBE-01,Coimbatore,Sedan,Type 2,20,60,77,22.81,Completed,None,Available,Paid,411.64
SES-11062,2025-03-19,17:51:36,STN-DEL-01,Delhi,Crossover,Type 2,19,80,110,43.57,Completed,None,Charging,Paid,740.19
SES-11063,2025-03-19,06:35:03,STN-HYD-01,Hyderabad,Sedan,CCS,17,54,63,19.28,Completed,None,Charging,Paid,290.46
SES-11064,2025-03-20,21:52:17,STN-HYD-01,Hyderabad,Sedan,CCS,7,72,92,38.87,Completed,None,Charging,Paid,673.31
SES-11065,2025-03-20,10:40:17,STN-PUN-01,Pune,Sedan,Type 2,28,45,26,8.80,Completed,None,Available,Paid,149.83
SES-11066,2025-03-20,16:20:35,STN-DEL-02,Delhi,SUV,Type 2,27,62,59,29.27,Completed,None,Available,Paid,532.06
SES-11067,2025-03-20,18:38:46,STN-VIJ-01,Vijayawada,Crossover,CCS,63,92,49,22.00,Completed,None,Available,Paid,380.52
SES-11068,2025-03-20,09:53:25,STN-MUM-01,Mumbai,Sedan,CCS,59,100,109,22.41,Completed,None,Charging,Paid,349.09
SES-11069,2025-03-20,13:15:59,STN-VIJ-01,Vijayawada,SUV,CCS,69,100,96,25.87,Completed,None,Available,Paid,471.43
SES-11070,2025-03-20,16:08:30,STN-DEL-02,Delhi,Sedan,Type 2,36,40,101,1.60,Failed,Charging Interrupted,Maintenance,Failed,0.00
SES-11071,2025-03-20,23:36:01,STN-HYD-01,Hyderabad,SUV,CCS,64,80,20,14.95,Completed,None,Available,Paid,262.93
SES-11072,2025-03-20,18:45:13,STN-BLR-02,Bengaluru,Sedan,Type 2,34,34,23,0.00,Failed,Connector Error,Maintenance,Failed,0.00
SES-11073,2025-03-20,23:34:57,STN-VSKP-01,Visakhapatnam,SUV,Type 2,70,88,22,13.91,Completed,None,Available,Paid,239.97
SES-11074,2025-03-20,18:46:50,STN-BLR-02,Bengaluru,Hatchback,Type 2,22,76,97,21.81,Completed,None,Charging,Paid,375.31
SES-11075,2025-03-21,19:50:40,STN-BLR-02,Bengaluru,SUV,CHAdeMO,63,100,89,29.64,Completed,None,Available,Paid,499.35
SES-11076,2025-03-21,19:36:17,STN-CHE-01,Chennai,Sedan,CCS,57,89,37,16.87,Completed,None,Available,Paid,307.16
SES-11077,2025-03-21,11:11:28,STN-VIJ-01,Vijayawada,Sedan,CCS,68,100,103,17.71,Completed,None,Charging,Paid,298.83
SES-11078,2025-03-21,13:54:11,STN-CHE-01,Chennai,Hatchback,CCS,34,72,53,16.63,Completed,None,Charging,Paid,259.28
SES-11079,2025-03-21,09:16:57,STN-BLR-01,Bengaluru,Hatchback,CCS,22,100,114,32.39,Completed,None,Charging,Paid,535.83
SES-11080,2025-03-21,21:09:42,STN-BLR-02,Bengaluru,Crossover,CCS,9,66,72,36.89,Completed,None,Available,Paid,578.41
SES-11081,2025-03-22,07:44:41,STN-BLR-02,Bengaluru,Hatchback,CCS,73,74,112,0.50,Cancelled,None,Available,Refunded,0.00
SES-11082,2025-03-22,18:32:35,STN-HYD-02,Hyderabad,Crossover,CHAdeMO,12,15,115,1.20,Failed,Payment Failure,Offline,Failed,0.00
SES-11083,2025-03-22,05:08:56,STN-MUM-02,Mumbai,SUV,Type 2,13,59,70,41.40,Completed,None,Available,Paid,692.42
SES-11084,2025-03-22,00:49:13,STN-HYD-01,Hyderabad,Sedan,Type 2,36,95,100,35.20,Completed,None,Available,Paid,597.91
SES-11085,2025-03-22,10:05:55,STN-CHE-01,Chennai,Sedan,CCS,18,35,26,10.11,Completed,None,Charging,Paid,164.45
SES-11086,2025-03-22,19:14:28,STN-KOL-01,Kolkata,SUV,Type 2,17,53,59,29.54,Completed,None,Charging,Paid,494.40
SES-11087,2025-03-22,09:49:56,STN-DEL-01,Delhi,Hatchback,CCS,22,49,35,10.26,Completed,None,Charging,Paid,184.33
SES-11088,2025-03-22,06:38:15,STN-CHE-01,Chennai,Hatchback,CCS,72,85,16,5.49,Completed,None,Available,Paid,99.76
SES-11089,2025-03-22,21:02:50,STN-DEL-01,Delhi,Sedan,Type 2,26,100,108,39.53,Completed,None,Charging,Paid,609.93
SES-11090,2025-03-22,20:41:37,STN-BLR-01,Bengaluru,SUV,CCS,24,86,88,53.28,Completed,None,Charging,Paid,893.52
SES-11091,2025-03-22,01:17:57,STN-DEL-01,Delhi,Hatchback,Type 2,19,40,25,8.66,Completed,None,Charging,Paid,138.27
SES-11092,2025-03-22,09:57:47,STN-CBE-01,Coimbatore,SUV,CCS,11,84,94,60.60,Completed,None,Charging,Paid,909.53
SES-11093,2025-03-22,23:37:12,STN-CHE-01,Chennai,Sedan,CCS,81,100,26,10.52,Completed,None,Charging,Paid,163.96
SES-11094,2025-03-23,08:13:32,STN-PUN-01,Pune,Hatchback,CCS,34,100,118,26.15,Completed,None,Available,Paid,435.63
SES-11095,2025-03-23,22:36:07,STN-CHE-01,Chennai,Sedan,CHAdeMO,9,91,99,44.95,Completed,None,Available,Paid,751.02
SES-11096,2025-03-23,15:43:04,STN-CBE-01,Coimbatore,Crossover,CCS,5,33,44,19.26,Completed,None,Available,Paid,308.72
SES-11097,2025-03-23,07:30:44,STN-VIJ-01,Vijayawada,Crossover,Type 2,64,100,93,24.46,Completed,None,Available,Paid,416.85
SES-11098,2025-03-23,22:31:32,STN-MUM-01,Mumbai,SUV,CCS,35,95,93,48.65,Completed,None,Charging,Paid,874.54
SES-11099,2025-03-23,09:29:49,STN-PUN-01,Pune,SUV,CCS,24,46,32,19.33,Completed,None,Available,Paid,298.26
SES-11100,2025-03-23,09:02:25,STN-BLR-02,Bengaluru,Hatchback,Type 2,87,100,78,4.95,Completed,None,Available,Paid,76.24
SES-11101,2025-03-23,11:29:08,STN-HYD-01,Hyderabad,SUV,CCS,68,68,18,0.00,Failed,Payment Failure,Maintenance,Failed,0.00
SES-11102,2025-03-23,10:02:45,STN-KOL-01,Kolkata,Sedan,CCS,68,100,96,19.34,Completed,None,Available,Paid,324.64
SES-11103,2025-03-23,15:50:12,STN-DEL-01,Delhi,Crossover,CCS,33,55,27,14.16,Completed,None,Charging,Paid,229.67
SES-11104,2025-03-23,20:34:54,STN-CHE-01,Chennai,SUV,Type 2,14,78,102,59.30,Completed,None,Charging,Paid,"1,091.50"
SES-11105,2025-03-23,05:01:53,STN-CHE-01,Chennai,Sedan,CCS,33,78,84,24.19,Completed,None,Available,Paid,422.83
SES-11106,2025-03-23,05:30:43,STN-DEL-01,Delhi,SUV,CCS,35,100,116,49.82,Completed,None,Charging,Paid,913.31
SES-11107,2025-03-23,19:31:17,STN-DEL-02,Delhi,Sedan,CCS,79,100,57,11.50,Completed,None,Available,Paid,212.37
SES-11108,2025-03-23,09:04:57,STN-HYD-01,Hyderabad,Sedan,CCS,34,80,81,23.04,Completed,None,Charging,Paid,392.63
SES-11109,2025-03-24,05:09:55,STN-CBE-01,Coimbatore,SUV,CCS,29,100,100,65.34,Completed,None,Available,Paid,"1,130.78"
SES-11110,2025-03-24,07:24:33,STN-HYD-02,Hyderabad,SUV,CCS,84,86,75,0.80,Failed,Station Offline,Offline,Paid,13.37
SES-11111,2025-03-24,17:06:05,STN-MUM-02,Mumbai,SUV,CCS,62,82,32,15.89,Completed,None,Available,Paid,260.12
SES-11112,2025-03-24,16:02:12,STN-BLR-02,Bengaluru,Crossover,CCS,61,100,94,27.05,Completed,None,Charging,Paid,466.32
SES-11113,2025-03-24,03:56:23,STN-PUN-01,Pune,Hatchback,Type 2,67,78,19,4.03,Completed,None,Charging,Paid,72.95
SES-11114,2025-03-24,13:42:59,STN-CHE-01,Chennai,Sedan,CCS,41,75,47,20.42,Completed,None,Charging,Paid,341.45
SES-11115,2025-03-24,17:41:11,STN-BLR-01,Bengaluru,Sedan,CCS,62,100,68,21.89,Completed,None,Charging,Paid,368.86
SES-11116,2025-03-24,12:01:10,STN-HYD-01,Hyderabad,SUV,CCS,32,99,77,60.88,Completed,None,Available,Paid,925.29
SES-11117,2025-03-24,17:25:17,STN-DEL-01,Delhi,SUV,CCS,31,88,94,46.35,Completed,None,Available,Paid,849.91
SES-11118,2025-03-24,07:39:51,STN-CHE-01,Chennai,Hatchback,Type 2,74,100,110,11.18,Completed,None,Charging,Paid,180.43
SES-11119,2025-03-25,01:21:52,STN-PUN-01,Pune,SUV,CCS,41,49,52,2.78,Cancelled,None,Available,Refunded,0.00
SES-11120,2025-03-25,08:49:42,STN-BLR-01,Bengaluru,Sedan,CCS,10,28,21,9.45,Completed,None,Charging,Paid,151.26
SES-11121,2025-03-25,18:59:29,STN-CBE-01,Coimbatore,SUV,CCS,81,100,62,14.92,Completed,None,Available,Paid,253.92
SES-11122,2025-03-25,15:56:46,STN-MUM-02,Mumbai,Hatchback,CCS,66,100,119,13.21,Completed,None,Available,Paid,214.70
SES-11123,2025-03-25,22:19:39,STN-MUM-02,Mumbai,Crossover,Type 2,37,51,23,9.43,Completed,None,Charging,Paid,164.21
SES-11124,2025-03-25,20:04:10,STN-PUN-01,Pune,Sedan,CCS,82,100,61,9.94,Completed,None,Charging,Paid,153.40
SES-11125,2025-03-25,18:07:18,STN-HYD-01,Hyderabad,SUV,CCS,44,100,93,48.44,Completed,None,Charging,Paid,888.67
SES-11126,2025-03-25,00:39:31,STN-BLR-01,Bengaluru,Sedan,CCS,45,100,120,30.98,Completed,None,Available,Paid,536.87
SES-11127,2025-03-25,16:18:49,STN-KOL-01,Kolkata,SUV,Type 2,46,47,81,0.40,Failed,Payment Failure,Offline,Failed,0.00
SES-11128,2025-03-25,00:38:59,STN-DEL-01,Delhi,Sedan,CCS,13,100,100,43.97,Completed,None,Available,Paid,719.42
SES-11129,2025-03-25,18:18:36,STN-BLR-01,Bengaluru,Crossover,CCS,22,100,110,59.22,Completed,None,Available,Paid,976.49
SES-11130,2025-03-25,18:46:15,STN-KOL-01,Kolkata,SUV,CCS,19,60,70,33.44,Completed,None,Available,Paid,553.85
SES-11131,2025-03-25,19:25:31,STN-MUM-01,Mumbai,Hatchback,CCS,8,51,50,18.02,Completed,None,Charging,Paid,289.73
SES-11132,2025-03-25,08:04:41,STN-DEL-01,Delhi,Crossover,CCS,38,42,30,1.60,Failed,Network Error,Maintenance,Failed,0.00
SES-11133,2025-03-25,17:04:48,STN-CBE-01,Coimbatore,Sedan,CCS,66,100,57,18.56,Completed,None,Available,Paid,318.63
SES-11134,2025-03-25,12:21:14,STN-BLR-02,Bengaluru,Hatchback,Type 2,42,77,65,14.58,Completed,None,Available,Paid,237.50
SES-11135,2025-03-25,20:32:42,STN-HYD-02,Hyderabad,Hatchback,CHAdeMO,85,100,44,6.39,Completed,None,Available,Paid,108.16
SES-11136,2025-03-25,13:42:17,STN-BLR-02,Bengaluru,SUV,Type 2,75,100,53,20.45,Completed,None,Charging,Paid,310.89
SES-11137,2025-03-25,08:29:25,STN-HYD-02,Hyderabad,SUV,CCS,27,68,48,34.49,Completed,None,Charging,Paid,626.81
SES-11138,2025-03-25,10:38:32,STN-BLR-02,Bengaluru,SUV,Type 2,24,40,24,14.25,Completed,None,Charging,Paid,247.67
SES-11139,2025-03-25,14:00:48,STN-VIJ-01,Vijayawada,Hatchback,Type 2,60,100,120,17.44,Completed,None,Available,Paid,304.18
SES-11140,2025-03-25,16:48:05,STN-BLR-01,Bengaluru,SUV,Type 2,57,68,21,9.07,Completed,None,Available,Paid,157.43
SES-11141,2025-03-26,19:37:41,STN-KOL-01,Kolkata,SUV,Type 2,6,60,107,41.88,Completed,None,Available,Paid,737.38
SES-11142,2025-03-26,18:26:40,STN-HYD-01,Hyderabad,Sedan,Type 2,25,34,17,5.35,Completed,None,Available,Paid,91.88
SES-11143,2025-03-26,15:09:16,STN-PUN-01,Pune,Sedan,CCS,80,100,110,10.45,Completed,None,Available,Paid,173.98
SES-11144,2025-03-26,14:28:57,STN-CHE-01,Chennai,Sedan,CCS,46,100,103,29.13,Completed,None,Available,Paid,522.56
SES-11145,2025-03-26,21:21:53,STN-HYD-02,Hyderabad,Sedan,CCS,61,100,76,23.08,Completed,None,Available,Paid,424.19
SES-11146,2025-03-26,22:38:11,STN-CHE-01,Chennai,SUV,CCS,53,100,103,41.37,Completed,None,Charging,Paid,720.47
SES-11147,2025-03-26,17:21:50,STN-MUM-01,Mumbai,Sedan,CCS,14,18,102,1.53,Cancelled,None,Available,Refunded,0.00
SES-11148,2025-03-27,07:06:39,STN-MUM-01,Mumbai,Sedan,CCS,76,80,10,1.60,Failed,Network Error,Offline,Failed,0.00
SES-11149,2025-03-27,06:12:20,STN-CHE-01,Chennai,Hatchback,Type 2,65,100,89,15.19,Completed,None,Charging,Paid,266.65
SES-11150,2025-03-27,13:52:54,STN-VIJ-01,Vijayawada,Hatchback,CHAdeMO,25,52,51,10.98,Completed,None,Available,Paid,170.05
SES-11151,2025-03-27,08:14:51,STN-KOL-01,Kolkata,Hatchback,CCS,64,96,40,11.93,Completed,None,Available,Paid,190.84
SES-11152,2025-03-27,12:12:33,STN-VIJ-01,Vijayawada,Crossover,CCS,90,100,83,7.37,Completed,None,Available,Paid,113.45
SES-11153,2025-03-27,18:33:34,STN-MUM-01,Mumbai,Sedan,Type 2,17,45,39,16.06,Completed,None,Available,Paid,286.08
SES-11154,2025-03-27,15:41:55,STN-DEL-01,Delhi,Sedan,CHAdeMO,52,90,52,19.20,Completed,None,Available,Paid,339.97
SES-11155,2025-03-27,19:54:47,STN-CHE-01,Chennai,Sedan,CCS,44,62,35,10.09,Completed,None,Available,Paid,172.82
SES-11156,2025-03-27,17:18:02,STN-VSKP-01,Visakhapatnam,Crossover,CCS,67,81,21,9.79,Completed,None,Charging,Paid,165.14
SES-11157,2025-03-27,13:08:51,STN-MUM-01,Mumbai,Hatchback,CCS,80,100,113,8.59,Completed,None,Available,Paid,145.60
SES-11158,2025-03-27,22:02:10,STN-HYD-02,Hyderabad,Sedan,CCS,85,100,68,8.02,Completed,None,Charging,Paid,120.87
SES-11159,2025-03-27,09:03:04,STN-VSKP-01,Visakhapatnam,Sedan,Type 2,13,77,78,33.44,Completed,None,Available,Paid,559.71
SES-11160,2025-03-27,22:27:28,STN-HYD-01,Hyderabad,SUV,Type 2,61,65,82,1.60,Failed,Network Error,Maintenance,Failed,0.00
SES-11161,2025-03-27,20:12:40,STN-VSKP-01,Visakhapatnam,Sedan,CCS,55,66,20,6.32,Completed,None,Available,Paid,114.82
SES-11162,2025-03-27,10:44:15,STN-VIJ-01,Vijayawada,SUV,Type 2,44,44,56,0.00,Failed,Connector Error,Maintenance,Failed,0.00
SES-11163,2025-03-27,23:34:21,STN-MUM-01,Mumbai,Crossover,Type 2,80,80,32,0.00,Failed,Charging Interrupted,Offline,Paid,0.00
SES-11164,2025-03-27,18:54:57,STN-KOL-01,Kolkata,SUV,CHAdeMO,77,100,90,20.12,Completed,None,Charging,Paid,368.72
SES-11165,2025-03-27,08:34:47,STN-KOL-01,Kolkata,Crossover,CHAdeMO,68,100,52,22.02,Completed,None,Available,Paid,342.86
SES-11166,2025-03-28,09:59:30,STN-CHE-01,Chennai,SUV,CCS,74,100,86,23.71,Completed,None,Available,Paid,375.21
SES-11167,2025-03-28,08:42:15,STN-HYD-02,Hyderabad,SUV,CCS,68,75,90,2.70,Cancelled,None,Available,Refunded,0.00
SES-11168,2025-03-28,20:31:50,STN-CHE-01,Chennai,Hatchback,CCS,29,91,96,22.54,Completed,None,Available,Paid,343.84
SES-11169,2025-03-28,10:22:01,STN-MUM-02,Mumbai,SUV,CHAdeMO,32,69,48,30.52,Completed,None,Charging,Paid,482.69
SES-11170,2025-03-28,18:50:39,STN-BLR-01,Bengaluru,SUV,CHAdeMO,14,65,82,45.93,Completed,None,Available,Paid,779.42
SES-11171,2025-03-28,07:02:57,STN-CBE-01,Coimbatore,Hatchback,Type 2,32,87,91,20.84,Completed,None,Charging,Paid,351.02
SES-11172,2025-03-28,19:24:47,STN-BLR-01,Bengaluru,Hatchback,CCS,40,77,64,13.35,Completed,None,Charging,Paid,205.62
SES-11173,2025-03-28,04:02:53,STN-KOL-01,Kolkata,Sedan,CCS,15,31,27,9.23,Completed,None,Charging,Paid,144.40
SES-11174,2025-03-28,09:08:37,STN-VSKP-01,Visakhapatnam,Sedan,Type 2,25,100,103,40.33,Completed,None,Available,Paid,700.79
SES-11175,2025-03-28,18:56:00,STN-BLR-01,Bengaluru,SUV,Type 2,30,57,51,23.72,Completed,None,Available,Paid,418.34
SES-11176,2025-03-28,12:41:58,STN-BLR-02,Bengaluru,Crossover,CCS,22,92,117,49.42,Completed,None,Available,Paid,808.13
SES-11177,2025-03-29,12:43:35,STN-DEL-01,Delhi,Crossover,CCS,72,97,35,18.24,Completed,None,Available,Paid,320.14
SES-11178,2025-03-29,06:16:58,STN-VSKP-01,Visakhapatnam,Sedan,Type 2,45,58,27,6.77,Completed,None,Available,Paid,112.38
SES-11179,2025-03-29,06:51:02,STN-CHE-01,Chennai,Sedan,Type 2,19,100,94,47.83,Completed,None,Charging,Paid,801.34
SES-11180,2025-03-29,19:11:01,STN-CBE-01,Coimbatore,Crossover,CCS,27,96,114,48.89,Completed,None,Available,Paid,762.67
SES-11181,2025-03-29,08:21:22,STN-DEL-01,Delhi,Sedan,CCS,45,81,50,18.21,Completed,None,Charging,Paid,331.88
SES-11182,2025-03-29,19:08:20,STN-VSKP-01,Visakhapatnam,Sedan,Type 2,10,45,51,20.17,Completed,None,Available,Paid,367.55
SES-11183,2025-03-29,22:34:26,STN-CHE-01,Chennai,Sedan,CHAdeMO,75,79,42,1.30,Cancelled,None,Maintenance,Refunded,0.00
SES-11184,2025-03-29,07:23:30,STN-CBE-01,Coimbatore,Sedan,CCS,64,100,52,21.72,Completed,None,Available,Paid,334.08
SES-11185,2025-03-29,16:29:45,STN-MUM-02,Mumbai,Hatchback,CCS,83,94,23,4.36,Completed,None,Charging,Paid,68.38
SES-11186,2025-03-30,01:27:59,STN-CBE-01,Coimbatore,SUV,CCS,56,95,64,30.83,Completed,None,Charging,Paid,484.05
SES-11187,2025-03-30,04:22:56,STN-CBE-01,Coimbatore,SUV,CCS,13,61,67,44.61,Completed,None,Charging,Paid,804.13
SES-11188,2025-03-30,01:40:26,STN-MUM-01,Mumbai,Crossover,CCS,34,45,19,8.02,Completed,None,Available,Paid,142.14
SES-11189,2025-03-30,21:38:36,STN-BLR-02,Bengaluru,Sedan,Type 2,48,74,37,13.83,Completed,None,Available,Paid,239.49
SES-11190,2025-03-30,19:04:51,STN-HYD-01,Hyderabad,Sedan,CCS,66,77,23,6.59,Completed,None,Available,Paid,120.01
SES-11191,2025-03-30,16:28:19,STN-CHE-01,Chennai,Hatchback,Type 2,47,100,92,23.15,Completed,None,Charging,Paid,358.60
SES-11192,2025-03-30,15:37:19,STN-HYD-02,Hyderabad,Hatchback,CCS,32,53,35,8.38,Completed,None,Charging,Paid,145.09
SES-11193,2025-03-30,18:01:56,STN-CBE-01,Coimbatore,Sedan,CCS,12,71,83,33.43,Completed,None,Available,Paid,582.06
SES-11194,2025-03-30,18:05:40,STN-KOL-01,Kolkata,Sedan,CCS,55,73,26,10.77,Completed,None,Available,Paid,190.04
SES-11195,2025-03-30,07:32:00,STN-MUM-01,Mumbai,Sedan,CCS,34,61,43,16.12,Completed,None,Charging,Paid,294.21
SES-11196,2025-03-30,07:12:18,STN-PUN-01,Pune,SUV,CCS,15,19,23,1.60,Failed,Payment Failure,Offline,Failed,0.00
SES-11197,2025-03-30,17:24:56,STN-PUN-01,Pune,Sedan,Type 2,24,25,35,0.50,Cancelled,None,Maintenance,Refunded,0.00
SES-11198,2025-03-30,22:11:29,STN-HYD-01,Hyderabad,SUV,CCS,35,57,43,18.57,Completed,None,Available,Paid,283.53
SES-11199,2025-03-31,06:21:38,STN-HYD-02,Hyderabad,Sedan,CCS,38,100,92,33.27,Completed,None,Available,Paid,509.53
SES-11200,2025-03-31,08:46:53,STN-BLR-01,Bengaluru,Hatchback,Type 2,16,36,33,7.75,Completed,None,Charging,Paid,119.37
SES-11201,2025-03-31,19:52:19,STN-BLR-02,Bengaluru,SUV,Type 2,52,100,104,43.24,Completed,None,Available,Paid,745.27
SES-11202,2025-03-31,15:23:39,STN-VSKP-01,Visakhapatnam,SUV,CCS,32,100,113,61.95,Completed,None,Available,Paid,"1,072.53"
SES-11203,2025-03-31,18:07:23,STN-DEL-01,Delhi,Sedan,CCS,71,75,79,1.44,Cancelled,None,Maintenance,Refunded,0.00
SES-11204,2025-03-31,16:59:15,STN-VIJ-01,Vijayawada,Sedan,Type 2,67,81,29,8.19,Completed,None,Charging,Paid,134.31
SES-11205,2025-03-31,06:11:12,STN-DEL-02,Delhi,Hatchback,CCS,52,94,48,16.97,Completed,None,Available,Paid,310.74
SES-11206,2025-03-31,19:38:24,STN-DEL-02,Delhi,Hatchback,Type 2,46,91,54,18.72,Completed,None,Charging,Paid,308.89
SES-11207,2025-03-31,06:31:23,STN-BLR-02,Bengaluru,Hatchback,CCS,56,59,43,1.20,Failed,Payment Failure,Offline,Failed,0.00
SES-11208,2025-03-31,06:43:08,STN-VIJ-01,Vijayawada,Hatchback,Type 2,9,28,31,7.04,Completed,None,Available,Paid,120.59
SES-11209,2025-03-31,06:22:49,STN-MUM-01,Mumbai,Sedan,CCS,81,100,80,10.68,Completed,None,Available,Paid,171.83
SES-11210,2025-03-31,17:58:31,STN-CBE-01,Coimbatore,Hatchback,CHAdeMO,16,41,42,9.01,Completed,None,Available,Paid,146.43
SES-11211,2025-03-31,19:35:48,STN-MUM-02,Mumbai,Sedan,CCS,63,70,15,4.13,Completed,None,Available,Paid,69.22
SES-11212,2025-03-31,17:21:15,STN-MUM-01,Mumbai,Sedan,Type 2,69,81,25,6.92,Completed,None,Available,Paid,104.42
SES-11213,2025-03-31,18:23:17,STN-PUN-01,Pune,Hatchback,CCS,56,96,81,15.80,Completed,None,Available,Paid,254.66
SES-11214,2025-03-31,07:06:03,STN-DEL-01,Delhi,Hatchback,CCS,47,100,118,21.27,Completed,None,Available,Paid,368.64
SES-11215,2025-03-31,17:59:54,STN-PUN-01,Pune,Hatchback,CCS,87,100,32,5.47,Completed,None,Available,Paid,89.16
SES-11216,2025-03-31,12:25:17,STN-CHE-01,Chennai,Hatchback,Type 2,67,89,27,8.16,Completed,None,Available,Paid,141.92
SES-11217,2025-04-01,13:52:13,STN-PUN-01,Pune,Crossover,CCS,54,74,23,14.06,Completed,None,Charging,Paid,219.67
SES-11218,2025-04-01,16:32:24,STN-DEL-02,Delhi,Sedan,CCS,43,75,59,16.77,Completed,None,Available,Paid,300.48
SES-11219,2025-04-01,08:22:56,STN-DEL-02,Delhi,Crossover,CCS,46,87,70,26.09,Completed,None,Charging,Paid,429.72
SES-11220,2025-04-01,10:57:13,STN-DEL-01,Delhi,SUV,CHAdeMO,84,86,45,0.80,Failed,Station Offline,Offline,Paid,12.54
SES-11221,2025-04-01,15:29:18,STN-CBE-01,Coimbatore,Hatchback,CCS,21,37,24,6.49,Completed,None,Available,Paid,107.73
SES-11222,2025-04-01,19:55:12,STN-PUN-01,Pune,Hatchback,CCS,47,54,14,2.89,Completed,None,Charging,Paid,51.21
SES-11223,2025-04-01,19:45:32,STN-BLR-02,Bengaluru,SUV,CHAdeMO,53,85,62,24.72,Completed,None,Available,Paid,455.23
SES-11224,2025-04-01,19:17:08,STN-BLR-02,Bengaluru,Hatchback,CHAdeMO,9,100,119,37.89,Completed,None,Charging,Paid,694.05
SES-11225,2025-04-02,10:53:16,STN-VIJ-01,Vijayawada,Sedan,CCS,5,43,57,22.42,Completed,None,Available,Paid,355.64
SES-11226,2025-04-02,21:05:34,STN-HYD-01,Hyderabad,Crossover,Type 2,71,100,88,18.32,Completed,None,Charging,Paid,275.98
SES-11227,2025-04-02,17:33:19,STN-MUM-02,Mumbai,Sedan,CCS,28,42,20,7.82,Completed,None,Available,Paid,140.63
SES-11228,2025-04-02,16:09:09,STN-DEL-01,Delhi,Sedan,CCS,33,41,11,4.06,Completed,None,Available,Paid,61.31
SES-11229,2025-04-02,18:10:26,STN-PUN-01,Pune,Sedan,Type 2,19,92,96,40.10,Completed,None,Charging,Paid,628.41
SES-11230,2025-04-02,19:29:48,STN-DEL-01,Delhi,Sedan,Type 2,8,36,33,16.74,Completed,None,Charging,Paid,299.04
SES-11231,2025-04-02,03:15:34,STN-MUM-01,Mumbai,Sedan,CCS,48,100,91,29.83,Completed,None,Charging,Paid,450.04
SES-11232,2025-04-02,16:39:11,STN-BLR-01,Bengaluru,Sedan,CCS,69,70,77,0.40,Failed,Network Error,Maintenance,Failed,0.00
SES-11233,2025-04-02,09:20:49,STN-CBE-01,Coimbatore,SUV,CCS,83,100,88,14.41,Completed,None,Charging,Paid,253.05
SES-11234,2025-04-02,10:47:16,STN-VIJ-01,Vijayawada,SUV,Type 2,35,52,21,13.46,Completed,None,Available,Paid,216.22
SES-11235,2025-04-02,08:05:23,STN-HYD-02,Hyderabad,Sedan,CHAdeMO,24,59,68,18.94,Completed,None,Available,Paid,336.48
SES-11236,2025-04-02,09:24:01,STN-VSKP-01,Visakhapatnam,Sedan,CCS,14,62,76,25.27,Completed,None,Available,Paid,417.44
SES-11237,2025-04-02,06:52:37,STN-MUM-01,Mumbai,Crossover,Type 2,15,46,41,21.70,Completed,None,Available,Paid,347.56
SES-11238,2025-04-02,12:05:38,STN-VIJ-01,Vijayawada,Sedan,CCS,86,100,45,7.58,Completed,None,Charging,Paid,124.97
SES-11239,2025-04-02,10:00:36,STN-MUM-01,Mumbai,Sedan,Type 2,32,34,30,0.70,Cancelled,None,Available,Refunded,0.00
SES-11240,2025-04-02,08:33:46,STN-PUN-01,Pune,Sedan,CCS,42,90,79,28.68,Completed,None,Available,Paid,505.03
SES-11241,2025-04-02,05:25:56,STN-BLR-01,Bengaluru,Sedan,Type 2,84,100,75,9.38,Completed,None,Charging,Paid,151.03
SES-11242,2025-04-03,08:53:06,STN-VSKP-01,Visakhapatnam,Hatchback,CCS,28,43,18,5.43,Completed,None,Charging,Paid,86.24
SES-11243,2025-04-03,10:57:30,STN-KOL-01,Kolkata,SUV,CHAdeMO,43,93,85,38.76,Completed,None,Charging,Paid,699.41
SES-11244,2025-04-03,09:30:28,STN-BLR-02,Bengaluru,SUV,CCS,55,96,53,35.24,Completed,None,Charging,Paid,632.79
SES-11245,2025-04-03,07:16:13,STN-BLR-02,Bengaluru,Sedan,CCS,80,100,68,11.30,Completed,None,Charging,Paid,196.50
SES-11246,2025-04-03,15:57:47,STN-VSKP-01,Visakhapatnam,Hatchback,Type 2,54,62,33,2.63,Cancelled,None,Maintenance,Refunded,0.00
SES-11247,2025-04-03,07:53:26,STN-MUM-01,Mumbai,Hatchback,CCS,11,67,72,21.42,Completed,None,Available,Paid,385.20
SES-11248,2025-04-03,11:31:51,STN-CBE-01,Coimbatore,Sedan,CCS,85,100,87,7.45,Completed,None,Charging,Paid,122.29
SES-11249,2025-04-03,16:17:36,STN-CBE-01,Coimbatore,Sedan,CCS,72,100,50,14.97,Completed,None,Available,Paid,261.15
SES-11250,2025-04-03,18:59:34,STN-KOL-01,Kolkata,Sedan,Type 2,57,65,85,2.95,Cancelled,None,Available,Refunded,0.00
SES-11251,2025-04-03,23:19:53,STN-MUM-02,Mumbai,Hatchback,CCS,41,100,100,25.24,Completed,None,Charging,Paid,401.29
SES-11252,2025-04-03,17:18:29,STN-BLR-02,Bengaluru,Sedan,CCS,87,90,83,1.20,Failed,Connector Error,Offline,Failed,0.00
SES-11253,2025-04-03,07:34:42,STN-CHE-01,Chennai,SUV,CCS,58,100,116,35.97,Completed,None,Available,Paid,603.24
SES-11254,2025-04-03,23:30:48,STN-MUM-01,Mumbai,Sedan,CHAdeMO,59,66,11,3.63,Completed,None,Available,Paid,65.96
SES-11255,2025-04-03,19:35:29,STN-HYD-02,Hyderabad,Sedan,CCS,79,100,104,12.57,Completed,None,Available,Paid,217.28
SES-11256,2025-04-03,09:11:14,STN-BLR-01,Bengaluru,Sedan,CCS,35,54,37,10.02,Completed,None,Charging,Paid,161.06
SES-11257,2025-04-03,09:36:36,STN-HYD-01,Hyderabad,Sedan,Type 2,69,88,25,9.55,Completed,None,Charging,Paid,144.64
SES-11258,2025-04-03,18:49:42,STN-CBE-01,Coimbatore,Sedan,CCS,63,100,68,22.03,Completed,None,Charging,Paid,347.95
SES-11259,2025-04-04,06:01:19,STN-DEL-02,Delhi,SUV,CCS,51,53,10,0.80,Failed,Network Error,Maintenance,Failed,0.00
SES-11260,2025-04-04,06:03:21,STN-DEL-01,Delhi,SUV,CHAdeMO,53,57,95,1.60,Failed,Payment Failure,Maintenance,Failed,0.00
SES-11261,2025-04-04,21:22:58,STN-VSKP-01,Visakhapatnam,SUV,CCS,22,27,10,4.09,Completed,None,Available,Paid,71.73
SES-11262,2025-04-04,19:10:27,STN-MUM-01,Mumbai,Hatchback,Type 2,7,30,40,9.58,Completed,None,Available,Paid,170.84
SES-11263,2025-04-04,10:58:07,STN-BLR-02,Bengaluru,Hatchback,Type 2,22,45,31,8.91,Completed,None,Charging,Paid,161.38
SES-11264,2025-04-04,20:36:17,STN-DEL-01,Delhi,Hatchback,CCS,62,100,107,15.98,Completed,None,Available,Paid,252.02
SES-11265,2025-04-04,07:49:13,STN-HYD-02,Hyderabad,Crossover,CCS,75,78,85,1.04,Cancelled,None,Available,Refunded,0.00
SES-11266,2025-04-04,14:34:08,STN-KOL-01,Kolkata,Sedan,CHAdeMO,85,100,68,8.73,Completed,None,Available,Paid,132.46
SES-11267,2025-04-04,21:43:11,STN-VSKP-01,Visakhapatnam,Sedan,Type 2,29,88,96,30.16,Completed,None,Charging,Paid,496.82
SES-11268,2025-04-04,07:38:13,STN-PUN-01,Pune,SUV,CCS,22,43,37,19.07,Completed,None,Charging,Paid,311.70
SES-11269,2025-04-05,15:10:38,STN-DEL-02,Delhi,SUV,CCS,56,100,85,36.02,Completed,None,Charging,Paid,598.68
SES-11270,2025-04-05,08:09:42,STN-MUM-02,Mumbai,SUV,Type 2,47,71,36,22.14,Completed,None,Charging,Paid,352.27
SES-11271,2025-04-05,23:47:21,STN-VIJ-01,Vijayawada,Sedan,CCS,71,100,96,17.24,Completed,None,Available,Paid,259.70
SES-11272,2025-04-05,15:51:43,STN-KOL-01,Kolkata,SUV,CCS,11,18,10,5.62,Completed,None,Available,Paid,101.92
SES-11273,2025-04-05,01:22:12,STN-HYD-01,Hyderabad,Crossover,CHAdeMO,78,100,116,14.30,Completed,None,Available,Paid,238.74
SES-11274,2025-04-05,20:27:13,STN-PUN-01,Pune,Sedan,CCS,48,55,11,3.86,Completed,None,Available,Paid,67.30
SES-11275,2025-04-05,13:56:50,STN-HYD-02,Hyderabad,Crossover,Type 2,48,100,117,34.18,Completed,None,Available,Paid,537.91
SES-11276,2025-04-05,16:20:57,STN-BLR-02,Bengaluru,SUV,Type 2,55,100,104,37.29,Completed,None,Available,Paid,614.33
SES-11277,2025-04-05,09:07:50,STN-KOL-01,Kolkata,Sedan,CCS,87,89,75,0.80,Failed,Network Error,Offline,Failed,0.00
SES-11278,2025-04-05,09:16:42,STN-CHE-01,Chennai,SUV,Type 2,83,100,58,13.03,Completed,None,Available,Paid,197.95
SES-11279,2025-04-05,07:05:21,STN-BLR-01,Bengaluru,SUV,CCS,89,100,98,8.95,Completed,None,Charging,Paid,156.32
SES-11280,2025-04-05,00:11:35,STN-VSKP-01,Visakhapatnam,SUV,CCS,25,100,111,59.31,Completed,None,Charging,Paid,919.28
SES-11281,2025-04-06,16:01:01,STN-PUN-01,Pune,SUV,CCS,41,61,28,15.47,Completed,None,Available,Paid,249.40
SES-11282,2025-04-06,18:28:16,STN-CBE-01,Coimbatore,SUV,Type 2,32,63,37,24.70,Completed,None,Available,Paid,411.63
SES-11283,2025-04-06,15:29:27,STN-PUN-01,Pune,Sedan,Type 2,36,95,79,30.87,Completed,None,Charging,Paid,517.63
SES-11284,2025-04-06,11:29:16,STN-HYD-01,Hyderabad,Sedan,CHAdeMO,61,97,48,20.07,Completed,None,Available,Paid,301.83
SES-11285,2025-04-06,01:05:50,STN-BLR-01,Bengaluru,Sedan,Type 2,45,63,28,9.31,Completed,None,Available,Paid,162.86
SES-11286,2025-04-06,06:26:17,STN-HYD-02,Hyderabad,Crossover,CCS,58,60,73,0.80,Failed,Network Error,Offline,Failed,0.00
SES-11287,2025-04-06,06:55:23,STN-DEL-01,Delhi,Sedan,Type 2,31,68,67,19.62,Completed,None,Charging,Paid,320.53
SES-11288,2025-04-06,08:39:46,STN-DEL-01,Delhi,Hatchback,CCS,78,97,26,8.23,Completed,None,Available,Paid,136.35
SES-11289,2025-04-06,00:21:53,STN-BLR-01,Bengaluru,Sedan,CCS,44,98,79,30.87,Completed,None,Available,Paid,553.22
SES-11290,2025-04-06,07:17:43,STN-KOL-01,Kolkata,Sedan,CCS,45,100,88,31.96,Completed,None,Available,Paid,537.07
SES-11291,2025-04-06,06:42:27,STN-MUM-02,Mumbai,Sedan,Type 2,74,76,95,0.80,Failed,Charging Interrupted,Maintenance,Failed,0.00
SES-11292,2025-04-06,17:06:22,STN-MUM-01,Mumbai,Sedan,CCS,28,70,50,22.89,Completed,None,Charging,Paid,362.66
SES-11293,2025-04-06,20:10:21,STN-CBE-01,Coimbatore,Crossover,CCS,22,86,107,48.84,Completed,None,Available,Paid,779.55
SES-11294,2025-04-06,08:51:28,STN-MUM-02,Mumbai,Hatchback,CCS,78,85,14,2.56,Cancelled,None,Available,Refunded,0.00
SES-11295,2025-04-07,21:58:17,STN-MUM-02,Mumbai,Crossover,CCS,60,82,32,14.43,Completed,None,Available,Paid,247.32
SES-11296,2025-04-07,09:27:23,STN-PUN-01,Pune,Hatchback,CHAdeMO,19,73,78,22.75,Completed,None,Available,Paid,408.79
SES-11297,2025-04-07,18:53:44,STN-PUN-01,Pune,SUV,CHAdeMO,76,100,117,19.43,Completed,None,Available,Paid,352.70
SES-11298,2025-04-07,18:03:26,STN-DEL-02,Delhi,Hatchback,Type 2,39,43,19,1.60,Failed,Network Error,Maintenance,Failed,0.00
SES-11299,2025-04-07,21:32:48,STN-CBE-01,Coimbatore,SUV,Type 2,31,94,77,52.74,Completed,None,Available,Paid,865.38
SES-11300,2025-04-07,09:07:38,STN-KOL-01,Kolkata,Hatchback,Type 2,7,18,21,4.17,Completed,None,Charging,Paid,64.10
SES-11301,2025-04-07,16:25:56,STN-BLR-02,Bengaluru,Sedan,Type 2,25,28,120,1.20,Failed,Connector Error,Offline,Failed,0.00
SES-11302,2025-04-07,19:06:39,STN-VIJ-01,Vijayawada,SUV,Type 2,43,53,19,8.25,Completed,None,Charging,Paid,133.74
SES-11303,2025-04-07,08:38:27,STN-VIJ-01,Vijayawada,SUV,CCS,36,73,69,28.72,Completed,None,Available,Paid,518.80
SES-11304,2025-04-08,04:52:49,STN-VIJ-01,Vijayawada,Sedan,CCS,54,84,39,17.39,Completed,None,Available,Paid,305.33
SES-11305,2025-04-08,22:41:17,STN-HYD-02,Hyderabad,SUV,CCS,89,100,33,9.13,Completed,None,Charging,Paid,168.01
SES-11306,2025-04-08,10:24:06,STN-HYD-02,Hyderabad,Hatchback,CCS,13,58,78,17.81,Completed,None,Available,Paid,314.40
SES-11307,2025-04-08,15:04:02,STN-VSKP-01,Visakhapatnam,SUV,CCS,54,69,22,13.21,Completed,None,Available,Paid,234.06
SES-11308,2025-04-08,15:46:41,STN-KOL-01,Kolkata,SUV,Type 2,5,88,109,65.10,Completed,None,Available,Paid,984.62
SES-11309,2025-04-08,22:18:47,STN-DEL-02,Delhi,Sedan,Type 2,8,9,18,0.40,Failed,Station Offline,Maintenance,Failed,0.00
SES-11310,2025-04-08,10:39:02,STN-VIJ-01,Vijayawada,Hatchback,CCS,8,24,27,6.05,Completed,None,Available,Paid,93.44
SES-11311,2025-04-08,11:22:06,STN-VSKP-01,Visakhapatnam,SUV,CCS,38,74,44,32.87,Completed,None,Charging,Paid,522.59
SES-11312,2025-04-08,06:41:18,STN-PUN-01,Pune,Crossover,Type 2,31,94,104,44.10,Completed,None,Charging,Paid,678.35
SES-11313,2025-04-08,18:47:50,STN-CBE-01,Coimbatore,Crossover,CCS,19,93,97,49.17,Completed,None,Charging,Paid,797.61
SES-11314,2025-04-08,17:47:44,STN-VSKP-01,Visakhapatnam,Crossover,CCS,36,38,116,0.80,Failed,Network Error,Maintenance,Failed,0.00
SES-11315,2025-04-08,19:51:13,STN-VSKP-01,Visakhapatnam,Sedan,Type 2,45,49,13,1.60,Failed,Connector Error,Maintenance,Failed,0.00
SES-11316,2025-04-08,06:18:38,STN-HYD-01,Hyderabad,Sedan,CCS,75,100,50,13.34,Completed,None,Available,Paid,209.64
SES-11317,2025-04-08,07:15:26,STN-VIJ-01,Vijayawada,Crossover,Type 2,65,68,35,1.20,Failed,Network Error,Maintenance,Failed,0.00
SES-11318,2025-04-08,01:03:50,STN-VSKP-01,Visakhapatnam,Hatchback,Type 2,67,98,53,13.27,Completed,None,Available,Paid,207.91
SES-11319,2025-04-08,03:27:20,STN-VSKP-01,Visakhapatnam,Crossover,Type 2,65,100,51,22.39,Completed,None,Available,Paid,387.04
SES-11320,2025-04-09,17:13:32,STN-VIJ-01,Vijayawada,SUV,CCS,18,28,19,8.21,Completed,None,Charging,Paid,150.97
SES-11321,2025-04-09,20:18:29,STN-HYD-01,Hyderabad,SUV,CCS,27,100,114,57.15,Completed,None,Charging,Paid,858.83
SES-11322,2025-04-09,15:36:40,STN-VSKP-01,Visakhapatnam,Sedan,CCS,69,100,115,15.60,Completed,None,Available,Paid,286.31
SES-11323,2025-04-09,14:47:01,STN-BLR-02,Bengaluru,Hatchback,CCS,36,37,82,0.40,Failed,Connector Error,Maintenance,Failed,0.00
SES-11324,2025-04-09,04:05:42,STN-BLR-01,Bengaluru,Hatchback,CCS,45,53,10,3.05,Completed,None,Available,Paid,50.95
SES-11325,2025-04-09,10:43:28,STN-PUN-01,Pune,Sedan,Type 2,30,63,63,16.79,Completed,None,Available,Paid,263.82
SES-11326,2025-04-09,21:01:08,STN-CBE-01,Coimbatore,Sedan,CHAdeMO,52,67,25,8.18,Completed,None,Available,Paid,131.54
SES-11327,2025-04-09,17:28:32,STN-DEL-01,Delhi,SUV,Type 2,77,79,55,0.80,Failed,Station Offline,Maintenance,Failed,0.00
SES-11328,2025-04-09,19:43:54,STN-DEL-01,Delhi,Hatchback,CCS,20,34,22,5.05,Completed,None,Charging,Paid,77.72
SES-11329,2025-04-09,18:53:59,STN-KOL-01,Kolkata,Sedan,Type 2,35,36,111,0.40,Failed,Station Offline,Offline,Paid,7.34
SES-11330,2025-04-09,17:05:43,STN-PUN-01,Pune,Sedan,CCS,70,72,73,0.80,Failed,Station Offline,Offline,Failed,0.00
SES-11331,2025-04-09,16:44:18,STN-CHE-01,Chennai,Sedan,CCS,36,81,87,24.25,Completed,None,Available,Paid,430.48
SES-11332,2025-04-09,15:00:42,STN-BLR-01,Bengaluru,Sedan,Type 2,14,100,113,43.59,Completed,None,Available,Paid,712.53
SES-11333,2025-04-09,11:39:31,STN-DEL-01,Delhi,Crossover,CCS,29,96,96,47.83,Completed,None,Available,Paid,738.79
SES-11334,2025-04-09,20:07:56,STN-MUM-01,Mumbai,Hatchback,CCS,86,100,64,5.13,Completed,None,Available,Paid,90.95
SES-11335,2025-04-09,06:08:55,STN-VIJ-01,Vijayawada,Hatchback,Type 2,49,90,72,14.81,Completed,None,Available,Paid,240.68
SES-11336,2025-04-09,18:49:06,STN-MUM-02,Mumbai,Hatchback,CCS,28,51,27,8.96,Completed,None,Charging,Paid,154.31
SES-11337,2025-04-10,18:53:19,STN-PUN-01,Pune,SUV,CHAdeMO,7,43,70,30.44,Completed,None,Available,Paid,515.22
SES-11338,2025-04-10,18:02:59,STN-VSKP-01,Visakhapatnam,Hatchback,CCS,66,100,101,14.38,Completed,None,Available,Paid,224.52
SES-11339,2025-04-10,17:45:23,STN-CHE-01,Chennai,Crossover,Type 2,83,100,29,12.38,Completed,None,Available,Paid,202.91
SES-11340,2025-04-10,11:21:10,STN-MUM-01,Mumbai,Hatchback,CCS,71,75,74,1.60,Failed,Payment Failure,Maintenance,Failed,0.00
SES-11341,2025-04-10,18:38:42,STN-VIJ-01,Vijayawada,SUV,CCS,59,100,73,34.16,Completed,None,Available,Paid,516.19
SES-11342,2025-04-10,17:45:37,STN-VSKP-01,Visakhapatnam,Hatchback,CCS,14,81,85,25.73,Completed,None,Available,Paid,405.71
SES-11343,2025-04-10,16:36:26,STN-MUM-02,Mumbai,Crossover,Type 2,59,100,100,29.88,Completed,None,Available,Paid,452.55
SES-11344,2025-04-10,01:33:31,STN-MUM-02,Mumbai,Sedan,Type 2,26,76,73,28.05,Completed,None,Charging,Paid,485.06
SES-11345,2025-04-10,17:16:32,STN-BLR-02,Bengaluru,Sedan,Type 2,18,100,116,45.90,Completed,None,Available,Paid,727.56
SES-11346,2025-04-10,15:51:53,STN-CBE-01,Coimbatore,Crossover,CHAdeMO,77,81,22,1.60,Failed,Charging Interrupted,Offline,Failed,0.00
SES-11347,2025-04-10,09:08:32,STN-KOL-01,Kolkata,Crossover,Type 2,86,100,77,8.92,Completed,None,Charging,Paid,163.07
SES-11348,2025-04-10,21:28:12,STN-VIJ-01,Vijayawada,SUV,CCS,12,64,98,41.67,Completed,None,Available,Paid,667.80
SES-11349,2025-04-10,16:20:04,STN-CBE-01,Coimbatore,SUV,Type 2,19,65,79,42.39,Completed,None,Charging,Paid,682.78
SES-11350,2025-04-10,02:55:50,STN-BLR-01,Bengaluru,Sedan,CCS,19,19,66,0.00,Failed,Network Error,Offline,Failed,0.00
SES-11351,2025-04-11,15:00:19,STN-PUN-01,Pune,SUV,CCS,56,59,54,1.20,Failed,Network Error,Offline,Paid,18.17
SES-11352,2025-04-11,10:45:07,STN-CHE-01,Chennai,Crossover,CCS,74,100,95,19.81,Completed,None,Charging,Paid,330.52
SES-11353,2025-04-11,08:48:40,STN-DEL-02,Delhi,Sedan,CCS,58,100,118,24.07,Completed,None,Available,Paid,435.88
SES-11354,2025-04-11,12:11:09,STN-BLR-02,Bengaluru,SUV,Type 2,80,83,47,1.20,Failed,Network Error,Offline,Failed,0.00
SES-11355,2025-04-11,05:48:24,STN-HYD-01,Hyderabad,Crossover,CCS,46,99,63,36.32,Completed,None,Available,Paid,609.48
SES-11356,2025-04-11,18:53:35,STN-MUM-01,Mumbai,Sedan,Type 2,23,61,45,20.77,Completed,None,Available,Paid,372.80
SES-11357,2025-04-11,15:25:13,STN-DEL-02,Delhi,Hatchback,CHAdeMO,44,46,76,0.80,Failed,Network Error,Maintenance,Failed,0.00
SES-11358,2025-04-11,18:39:00,STN-MUM-01,Mumbai,SUV,CCS,73,77,88,1.60,Failed,Network Error,Maintenance,Failed,0.00
SES-11359,2025-04-11,08:03:29,STN-PUN-01,Pune,Hatchback,Type 2,31,46,20,5.89,Completed,None,Charging,Paid,99.23
SES-11360,2025-04-11,17:34:12,STN-CHE-01,Chennai,Crossover,Type 2,78,100,107,14.58,Completed,None,Available,Paid,265.61
SES-11361,2025-04-11,17:37:42,STN-CHE-01,Chennai,SUV,CCS,47,72,36,20.90,Completed,None,Charging,Paid,355.24
SES-11362,2025-04-11,19:51:15,STN-MUM-02,Mumbai,Hatchback,Type 2,56,100,96,16.66,Completed,None,Available,Paid,307.57
SES-11363,2025-04-11,20:28:10,STN-DEL-02,Delhi,Crossover,CCS,50,54,26,1.60,Failed,Payment Failure,Maintenance,Failed,0.00
SES-11364,2025-04-11,18:57:28,STN-VSKP-01,Visakhapatnam,Crossover,CCS,18,100,96,58.43,Completed,None,Available,Paid,891.06
SES-11365,2025-04-11,23:38:11,STN-CBE-01,Coimbatore,SUV,CCS,68,100,107,29.87,Completed,None,Available,Paid,532.74
SES-11366,2025-04-11,00:58:54,STN-CHE-01,Chennai,SUV,CCS,65,100,94,28.19,Completed,None,Available,Paid,463.18
SES-11367,2025-04-11,19:47:25,STN-DEL-01,Delhi,Sedan,CCS,62,87,42,13.74,Completed,None,Charging,Paid,210.01
SES-11368,2025-04-11,16:40:33,STN-MUM-01,Mumbai,Sedan,CCS,53,63,14,5.92,Completed,None,Available,Paid,90.08
SES-11369,2025-04-11,21:54:54,STN-MUM-02,Mumbai,SUV,CCS,83,100,90,14.88,Completed,None,Available,Paid,242.68
SES-11370,2025-04-12,05:23:43,STN-VIJ-01,Vijayawada,Sedan,Type 2,33,68,71,21.02,Completed,None,Charging,Paid,356.17
SES-11371,2025-04-12,08:12:30,STN-PUN-01,Pune,Hatchback,Type 2,30,93,74,27.33,Completed,None,Charging,Paid,462.02
SES-11372,2025-04-12,13:27:59,STN-VSKP-01,Visakhapatnam,SUV,CCS,31,73,80,38.53,Completed,None,Charging,Paid,636.53
SES-11373,2025-04-12,10:30:39,STN-CHE-01,Chennai,Hatchback,CCS,71,100,76,12.31,Completed,None,Charging,Paid,211.17
SES-11374,2025-04-12,15:19:41,STN-CBE-01,Coimbatore,Hatchback,CCS,71,100,99,12.12,Completed,None,Charging,Paid,186.73
SES-11375,2025-04-12,17:08:22,STN-KOL-01,Kolkata,Sedan,Type 2,39,100,89,32.81,Completed,None,Available,Paid,562.75
SES-11376,2025-04-12,21:47:13,STN-HYD-02,Hyderabad,SUV,CCS,64,100,89,29.25,Completed,None,Available,Paid,451.40
SES-11377,2025-04-12,08:12:54,STN-VIJ-01,Vijayawada,Hatchback,CCS,65,71,53,2.06,Cancelled,None,Available,Refunded,0.00
SES-11378,2025-04-12,18:30:36,STN-PUN-01,Pune,Sedan,CCS,74,100,114,14.82,Completed,None,Charging,Paid,254.15
SES-11379,2025-04-12,22:42:53,STN-VIJ-01,Vijayawada,Sedan,Type 2,82,90,23,2.64,Cancelled,None,Available,Refunded,0.00
SES-11380,2025-04-12,17:27:42,STN-DEL-02,Delhi,Hatchback,CCS,7,68,117,23.99,Completed,None,Available,Paid,405.48
SES-11381,2025-04-12,02:34:46,STN-DEL-01,Delhi,Sedan,CCS,37,100,99,33.06,Completed,None,Charging,Paid,499.96
SES-11382,2025-04-12,14:37:31,STN-BLR-01,Bengaluru,Hatchback,Type 2,46,97,100,20.19,Completed,None,Available,Paid,303.29
SES-11383,2025-04-12,16:44:38,STN-HYD-01,Hyderabad,Crossover,Type 2,17,51,66,24.53,Completed,None,Charging,Paid,435.28
SES-11384,2025-04-12,09:49:21,STN-VIJ-01,Vijayawada,SUV,Type 2,33,75,57,34.13,Completed,None,Available,Paid,600.02
SES-11385,2025-04-13,06:16:51,STN-HYD-02,Hyderabad,Hatchback,CCS,13,35,26,9.66,Completed,None,Charging,Paid,178.22
SES-11386,2025-04-13,18:45:16,STN-VSKP-01,Visakhapatnam,SUV,Type 2,36,64,53,21.85,Completed,None,Charging,Paid,345.86
SES-11387,2025-04-13,23:47:45,STN-MUM-02,Mumbai,Hatchback,CCS,26,34,13,3.08,Completed,None,Available,Paid,52.67
SES-11388,2025-04-13,15:47:07,STN-MUM-01,Mumbai,Hatchback,CCS,90,100,90,3.90,Completed,None,Available,Paid,70.85
SES-11389,2025-04-13,13:41:48,STN-DEL-02,Delhi,Sedan,CCS,62,100,106,21.14,Completed,None,Available,Paid,339.92
SES-11390,2025-04-13,16:28:49,STN-DEL-02,Delhi,SUV,CCS,61,84,39,17.71,Completed,None,Charging,Paid,302.55
SES-11391,2025-04-13,20:16:15,STN-KOL-01,Kolkata,SUV,CCS,14,83,94,55.51,Completed,None,Available,Paid,988.30
SES-11392,2025-04-13,20:55:07,STN-BLR-01,Bengaluru,Sedan,CCS,29,37,90,3.15,Cancelled,None,Maintenance,Refunded,0.00
SES-11393,2025-04-13,09:52:28,STN-HYD-02,Hyderabad,Crossover,CCS,66,100,84,25.10,Completed,None,Available,Paid,382.43
SES-11394,2025-04-13,21:25:30,STN-MUM-01,Mumbai,SUV,CCS,67,100,64,26.49,Completed,None,Charging,Paid,460.33
SES-11395,2025-04-13,10:11:54,STN-HYD-01,Hyderabad,SUV,Type 2,80,100,39,17.61,Completed,None,Charging,Paid,275.89
SES-11396,2025-04-14,11:08:38,STN-BLR-02,Bengaluru,Sedan,CCS,7,21,27,7.40,Completed,None,Charging,Paid,135.94
SES-11397,2025-04-14,12:11:31,STN-BLR-02,Bengaluru,SUV,CHAdeMO,87,100,93,11.67,Completed,None,Available,Paid,175.19
SES-11398,2025-04-14,21:17:14,STN-DEL-02,Delhi,Hatchback,CCS,51,100,107,18.68,Completed,None,Available,Paid,298.10
SES-11399,2025-04-14,15:57:43,STN-VIJ-01,Vijayawada,SUV,CCS,59,100,114,36.39,Completed,None,Available,Paid,590.85
SES-11400,2025-04-14,14:34:33,STN-VIJ-01,Vijayawada,Hatchback,CCS,30,100,101,27.32,Completed,None,Charging,Paid,445.01
SES-11401,2025-04-14,08:53:56,STN-HYD-02,Hyderabad,Hatchback,Type 2,17,18,82,0.40,Failed,Connector Error,Maintenance,Failed,0.00
SES-11402,2025-04-14,07:17:15,STN-VSKP-01,Visakhapatnam,Sedan,Type 2,11,53,53,24.66,Completed,None,Charging,Paid,393.22
SES-11403,2025-04-14,18:31:25,STN-BLR-01,Bengaluru,SUV,CHAdeMO,38,80,71,36.58,Completed,None,Charging,Paid,553.94
SES-11404,2025-04-14,07:30:42,STN-DEL-02,Delhi,Sedan,CCS,26,30,40,1.60,Failed,Station Offline,Offline,Failed,0.00
SES-11405,2025-04-14,08:56:11,STN-BLR-02,Bengaluru,Sedan,CCS,88,92,118,1.60,Failed,Payment Failure,Offline,Failed,0.00
SES-11406,2025-04-14,06:05:58,STN-VSKP-01,Visakhapatnam,Sedan,Type 2,27,29,25,0.80,Failed,Station Offline,Maintenance,Failed,0.00
SES-11407,2025-04-14,17:22:08,STN-DEL-02,Delhi,Crossover,Type 2,52,53,104,0.40,Failed,Payment Failure,Offline,Failed,0.00
SES-11408,2025-04-14,22:28:15,STN-BLR-02,Bengaluru,Crossover,CHAdeMO,18,85,102,43.25,Completed,None,Available,Paid,666.77
SES-11409,2025-04-14,18:21:07,STN-HYD-02,Hyderabad,Sedan,CCS,56,100,86,25.03,Completed,None,Available,Paid,429.05
SES-11410,2025-04-14,18:50:13,STN-HYD-02,Hyderabad,Sedan,Type 2,87,100,32,7.01,Completed,None,Charging,Paid,105.56
SES-11411,2025-04-14,17:49:33,STN-BLR-01,Bengaluru,Sedan,CCS,43,63,23,11.51,Completed,None,Available,Paid,198.02
SES-11412,2025-04-14,22:39:32,STN-MUM-02,Mumbai,Hatchback,CCS,45,100,112,21.23,Completed,None,Available,Paid,365.86
SES-11413,2025-04-14,05:53:43,STN-MUM-02,Mumbai,SUV,CCS,40,49,11,7.55,Completed,None,Available,Paid,137.22
SES-11414,2025-04-14,19:06:57,STN-DEL-02,Delhi,SUV,Type 2,10,20,21,8.81,Completed,None,Available,Paid,155.72
SES-11415,2025-04-14,13:22:45,STN-KOL-01,Kolkata,SUV,Type 2,27,70,67,34.62,Completed,None,Charging,Paid,546.83
SES-11416,2025-04-14,17:53:24,STN-DEL-02,Delhi,Hatchback,CCS,14,97,101,35.96,Completed,None,Charging,Paid,593.42
SES-11417,2025-04-15,18:58:37,STN-DEL-02,Delhi,Sedan,CCS,89,100,105,6.50,Completed,None,Charging,Paid,118.68
SES-11418,2025-04-15,18:48:43,STN-BLR-01,Bengaluru,Sedan,CCS,64,100,65,20.78,Completed,None,Charging,Paid,375.55
SES-11419,2025-04-15,18:29:16,STN-KOL-01,Kolkata,Sedan,CCS,34,34,33,0.00,Failed,Connector Error,Maintenance,Paid,0.00
SES-11420,2025-04-15,21:34:19,STN-PUN-01,Pune,SUV,CCS,74,76,46,0.80,Failed,Payment Failure,Maintenance,Failed,0.00
SES-11421,2025-04-15,18:44:43,STN-DEL-02,Delhi,Crossover,CCS,9,37,38,20.04,Completed,None,Available,Paid,345.58
SES-11422,2025-04-15,10:58:48,STN-CBE-01,Coimbatore,Sedan,Type 2,83,100,51,8.64,Completed,None,Available,Paid,139.37
SES-11423,2025-04-15,18:22:31,STN-CBE-01,Coimbatore,Sedan,CCS,61,61,27,0.00,Failed,Payment Failure,Offline,Failed,0.00
SES-11424,2025-04-15,19:37:05,STN-MUM-02,Mumbai,Crossover,CCS,47,55,12,5.95,Completed,None,Charging,Paid,96.70
SES-11425,2025-04-16,22:46:33,STN-MUM-02,Mumbai,Sedan,CHAdeMO,56,100,86,22.01,Completed,None,Charging,Paid,365.14
SES-11426,2025-04-16,18:16:39,STN-KOL-01,Kolkata,Sedan,CCS,81,95,22,7.57,Completed,None,Charging,Paid,138.14
SES-11427,2025-04-16,16:11:20,STN-MUM-01,Mumbai,Hatchback,Type 2,10,100,115,37.67,Completed,None,Available,Paid,642.48
SES-11428,2025-04-16,18:02:17,STN-VIJ-01,Vijayawada,Hatchback,CCS,6,25,38,7.44,Completed,None,Charging,Paid,128.19
SES-11429,2025-04-16,10:18:46,STN-HYD-02,Hyderabad,SUV,CHAdeMO,21,66,75,36.03,Completed,None,Available,Paid,564.82
SES-11430,2025-04-16,08:07:47,STN-KOL-01,Kolkata,Hatchback,CCS,16,59,68,17.57,Completed,None,Available,Paid,266.28
SES-11431,2025-04-16,22:47:42,STN-PUN-01,Pune,Hatchback,Type 2,48,100,101,19.51,Completed,None,Available,Paid,323.77
SES-11432,2025-04-16,12:48:48,STN-BLR-02,Bengaluru,Sedan,CCS,58,100,57,23.12,Completed,None,Available,Paid,370.73
SES-11433,2025-04-16,17:09:06,STN-MUM-02,Mumbai,Hatchback,CHAdeMO,82,83,13,0.40,Failed,Network Error,Maintenance,Failed,0.00
SES-11434,2025-04-16,12:00:48,STN-HYD-01,Hyderabad,SUV,CCS,11,54,60,35.63,Completed,None,Available,Paid,547.24
SES-11435,2025-04-16,22:36:51,STN-CBE-01,Coimbatore,Crossover,CCS,36,42,14,2.37,Cancelled,None,Maintenance,Refunded,0.00
SES-11436,2025-04-17,11:24:06,STN-HYD-01,Hyderabad,Crossover,CCS,33,36,48,1.20,Failed,Network Error,Maintenance,Failed,0.00
SES-11437,2025-04-17,08:16:28,STN-CBE-01,Coimbatore,SUV,CHAdeMO,50,76,50,22.34,Completed,None,Available,Paid,340.69
SES-11438,2025-04-17,08:32:06,STN-MUM-02,Mumbai,SUV,Type 2,77,87,14,9.00,Completed,None,Charging,Paid,153.45
SES-11439,2025-04-17,14:10:08,STN-VIJ-01,Vijayawada,Sedan,CCS,82,91,17,4.86,Completed,None,Available,Paid,82.11
SES-11440,2025-04-17,06:03:35,STN-HYD-01,Hyderabad,Sedan,CCS,57,100,107,24.44,Completed,None,Available,Paid,396.64
SES-11441,2025-04-17,16:12:22,STN-CHE-01,Chennai,SUV,CCS,85,100,65,11.59,Completed,None,Charging,Paid,212.63
SES-11442,2025-04-17,10:36:38,STN-PUN-01,Pune,Hatchback,CCS,29,46,34,6.71,Completed,None,Available,Paid,113.76
SES-11443,2025-04-17,08:32:11,STN-CBE-01,Coimbatore,SUV,CCS,57,100,100,38.43,Completed,None,Charging,Paid,656.54
SES-11444,2025-04-17,02:10:30,STN-VSKP-01,Visakhapatnam,SUV,CHAdeMO,33,37,61,1.60,Failed,Payment Failure,Offline,Failed,0.00
SES-11445,2025-04-17,19:12:30,STN-HYD-02,Hyderabad,Hatchback,Type 2,86,100,61,5.07,Completed,None,Charging,Paid,91.28
SES-11446,2025-04-17,18:14:56,STN-MUM-02,Mumbai,Hatchback,CHAdeMO,87,97,16,3.99,Completed,None,Available,Paid,61.73
SES-11447,2025-04-17,07:38:03,STN-MUM-02,Mumbai,Hatchback,CCS,85,100,70,5.44,Completed,None,Charging,Paid,97.40
SES-11448,2025-04-17,08:01:15,STN-BLR-02,Bengaluru,Sedan,Type 2,10,12,109,0.80,Failed,Network Error,Offline,Failed,0.00
SES-11449,2025-04-17,18:36:16,STN-CBE-01,Coimbatore,Hatchback,CCS,80,81,105,0.40,Failed,Network Error,Maintenance,Paid,6.16
SES-11450,2025-04-18,18:59:18,STN-PUN-01,Pune,Crossover,CCS,42,100,94,38.59,Completed,None,Available,Paid,670.14
SES-11451,2025-04-18,06:07:12,STN-DEL-02,Delhi,Sedan,CCS,7,43,56,18.99,Completed,None,Charging,Paid,319.05
SES-11452,2025-04-18,20:40:10,STN-VIJ-01,Vijayawada,SUV,CCS,39,89,91,46.15,Completed,None,Available,Paid,806.42
SES-11453,2025-04-18,21:25:06,STN-DEL-02,Delhi,Crossover,CHAdeMO,59,62,75,1.20,Failed,Payment Failure,Maintenance,Failed,0.00
SES-11454,2025-04-18,21:18:05,STN-CBE-01,Coimbatore,SUV,CCS,51,57,68,2.36,Cancelled,None,Available,Refunded,0.00
SES-11455,2025-04-18,15:42:38,STN-DEL-01,Delhi,SUV,Type 2,37,100,119,50.52,Completed,None,Available,Paid,825.85
SES-11456,2025-04-18,18:03:57,STN-MUM-01,Mumbai,Sedan,Type 2,7,8,115,0.40,Failed,Payment Failure,Offline,Failed,0.00
SES-11457,2025-04-18,22:56:36,STN-CBE-01,Coimbatore,SUV,CCS,73,76,14,1.20,Failed,Payment Failure,Offline,Failed,0.00
SES-11458,2025-04-18,10:29:06,STN-CHE-01,Chennai,SUV,CCS,63,100,53,31.86,Completed,None,Charging,Paid,523.56
SES-11459,2025-04-18,22:32:00,STN-BLR-01,Bengaluru,Sedan,CCS,82,100,51,9.24,Completed,None,Available,Paid,143.87
SES-11460,2025-04-18,15:17:09,STN-BLR-01,Bengaluru,SUV,CCS,22,65,70,37.29,Completed,None,Charging,Paid,566.20
SES-11461,2025-04-18,13:32:00,STN-DEL-01,Delhi,Sedan,Type 2,81,100,72,9.45,Completed,None,Charging,Paid,170.63
SES-11462,2025-04-18,15:19:00,STN-CBE-01,Coimbatore,Hatchback,CHAdeMO,70,100,59,11.21,Completed,None,Charging,Paid,178.76
SES-11463,2025-04-18,00:17:40,STN-HYD-02,Hyderabad,Crossover,CCS,29,69,47,28.30,Completed,None,Charging,Paid,516.26
SES-11464,2025-04-18,18:26:16,STN-BLR-01,Bengaluru,SUV,CHAdeMO,24,98,101,59.51,Completed,None,Charging,Paid,950.62
SES-11465,2025-04-18,05:28:35,STN-KOL-01,Kolkata,SUV,CCS,75,78,104,1.00,Cancelled,None,Available,Refunded,0.00
SES-11466,2025-04-19,22:52:16,STN-DEL-02,Delhi,SUV,CCS,79,100,63,18.75,Completed,None,Available,Paid,294.56
SES-11467,2025-04-19,09:24:01,STN-VIJ-01,Vijayawada,Sedan,CCS,73,99,53,14.41,Completed,None,Available,Paid,248.07
SES-11468,2025-04-19,16:04:03,STN-HYD-01,Hyderabad,Crossover,CCS,33,58,33,19.19,Completed,None,Available,Paid,332.57
SES-11469,2025-04-19,10:51:20,STN-MUM-01,Mumbai,Sedan,CCS,22,31,72,3.11,Cancelled,None,Available,Refunded,0.00
SES-11470,2025-04-19,16:36:54,STN-CBE-01,Coimbatore,Sedan,CCS,76,100,106,12.82,Completed,None,Available,Paid,201.87
SES-11471,2025-04-19,12:54:38,STN-KOL-01,Kolkata,SUV,CCS,31,56,48,19.83,Completed,None,Available,Paid,315.93
SES-11472,2025-04-19,00:13:55,STN-VSKP-01,Visakhapatnam,Hatchback,CCS,46,64,21,7.91,Completed,None,Available,Paid,124.55
SES-11473,2025-04-19,20:20:45,STN-VSKP-01,Visakhapatnam,SUV,CCS,70,100,72,25.52,Completed,None,Available,Paid,411.80
SES-11474,2025-04-19,18:15:55,STN-KOL-01,Kolkata,Sedan,CCS,30,30,112,0.00,Failed,Charging Interrupted,Offline,Failed,0.00
SES-11475,2025-04-19,09:27:07,STN-PUN-01,Pune,Hatchback,CCS,27,42,18,6.53,Completed,None,Charging,Paid,105.90
SES-11476,2025-04-19,16:24:18,STN-VSKP-01,Visakhapatnam,SUV,Type 2,9,74,88,58.88,Completed,None,Charging,Paid,958.51
SES-11477,2025-04-19,21:14:21,STN-DEL-02,Delhi,Sedan,Type 2,84,100,96,9.55,Completed,None,Available,Paid,162.63
SES-11478,2025-04-19,06:17:21,STN-BLR-02,Bengaluru,SUV,CCS,15,21,117,2.20,Cancelled,None,Available,Refunded,0.00
SES-11479,2025-04-19,12:26:12,STN-PUN-01,Pune,Sedan,CCS,23,100,118,45.00,Completed,None,Available,Paid,742.83
SES-11480,2025-04-19,04:25:12,STN-CBE-01,Coimbatore,SUV,Type 2,84,100,31,13.51,Completed,None,Charging,Paid,246.91
SES-11481,2025-04-19,19:13:23,STN-VSKP-01,Visakhapatnam,Hatchback,CCS,16,46,45,12.74,Completed,None,Charging,Paid,230.41
SES-11482,2025-04-19,18:50:48,STN-BLR-01,Bengaluru,Hatchback,Type 2,6,79,83,31.46,Completed,None,Charging,Paid,515.01
SES-11483,2025-04-20,18:47:13,STN-KOL-01,Kolkata,Sedan,CCS,47,76,37,14.62,Completed,None,Available,Paid,267.00
SES-11484,2025-04-20,02:43:28,STN-BLR-02,Bengaluru,Sedan,CCS,26,65,65,21.35,Completed,None,Available,Paid,377.66
SES-11485,2025-04-20,20:39:48,STN-PUN-01,Pune,Sedan,CCS,30,31,108,0.50,Cancelled,None,Available,Refunded,0.00
SES-11486,2025-04-20,16:22:19,STN-MUM-02,Mumbai,Sedan,CCS,37,67,38,16.26,Completed,None,Available,Paid,261.40
SES-11487,2025-04-20,08:56:56,STN-CHE-01,Chennai,Sedan,Type 2,28,39,14,5.62,Completed,None,Available,Paid,84.45
SES-11488,2025-04-20,14:09:42,STN-VSKP-01,Visakhapatnam,Sedan,CCS,73,81,13,4.59,Completed,None,Charging,Paid,69.47
SES-11489,2025-04-20,19:35:23,STN-DEL-02,Delhi,Sedan,CHAdeMO,25,76,60,29.69,Completed,None,Available,Paid,462.64
SES-11490,2025-04-20,19:54:22,STN-BLR-02,Bengaluru,SUV,CCS,50,68,24,16.66,Completed,None,Charging,Paid,251.44
SES-11491,2025-04-20,06:56:44,STN-DEL-01,Delhi,SUV,CHAdeMO,22,100,103,64.43,Completed,None,Charging,Paid,"1,117.68"
SES-11492,2025-04-21,05:00:05,STN-CHE-01,Chennai,Sedan,CCS,9,47,69,19.55,Completed,None,Charging,Paid,333.59
SES-11493,2025-04-21,15:40:23,STN-PUN-01,Pune,SUV,CCS,12,33,35,19.30,Completed,None,Available,Paid,308.66
SES-11494,2025-04-21,16:14:25,STN-VSKP-01,Visakhapatnam,Sedan,Type 2,89,100,32,6.56,Completed,None,Available,Paid,103.08
SES-11495,2025-04-21,08:23:47,STN-HYD-02,Hyderabad,Hatchback,CCS,61,100,112,14.59,Completed,None,Available,Paid,224.82
SES-11496,2025-04-21,15:05:53,STN-CBE-01,Coimbatore,SUV,Type 2,9,16,38,2.71,Cancelled,None,Available,Refunded,0.00
SES-11497,2025-04-21,19:00:59,STN-DEL-01,Delhi,Sedan,CCS,17,19,95,0.80,Failed,Connector Error,Maintenance,Failed,0.00
SES-11498,2025-04-21,22:57:11,STN-DEL-02,Delhi,Sedan,Type 2,87,100,108,7.77,Completed,None,Available,Paid,124.72
SES-11499,2025-04-21,05:11:41,STN-MUM-02,Mumbai,Sedan,CCS,70,100,66,15.16,Completed,None,Available,Paid,261.72
SES-11500,2025-04-21,18:06:10,STN-BLR-02,Bengaluru,Hatchback,Type 2,41,44,71,1.15,Cancelled,None,Available,Refunded,0.00
SES-11501,2025-04-21,19:30:32,STN-HYD-01,Hyderabad,Crossover,Type 2,33,93,68,40.07,Completed,None,Available,Paid,691.58
SES-11502,2025-04-21,21:40:57,STN-CBE-01,Coimbatore,Sedan,Type 2,73,100,57,16.24,Completed,None,Charging,Paid,268.34
SES-11503,2025-04-21,05:08:30,STN-BLR-02,Bengaluru,Hatchback,CCS,36,100,120,23.13,Completed,None,Available,Paid,347.15
SES-11504,2025-04-21,16:40:09,STN-CHE-01,Chennai,Sedan,CHAdeMO,52,100,91,25.84,Completed,None,Available,Paid,462.75
SES-11505,2025-04-21,13:37:14,STN-BLR-02,Bengaluru,Sedan,CHAdeMO,6,44,44,20.67,Completed,None,Available,Paid,318.93
SES-11506,2025-04-21,19:30:05,STN-CHE-01,Chennai,Sedan,Type 2,73,100,55,13.91,Completed,None,Charging,Paid,234.27
SES-11507,2025-04-21,20:10:14,STN-VSKP-01,Visakhapatnam,Hatchback,Type 2,55,86,42,12.45,Completed,None,Available,Paid,204.15
SES-11508,2025-04-21,08:27:09,STN-DEL-01,Delhi,SUV,CCS,39,96,80,46.34,Completed,None,Charging,Paid,733.67
SES-11509,2025-04-21,08:56:49,STN-BLR-02,Bengaluru,Crossover,CCS,87,100,107,9.82,Completed,None,Available,Paid,170.75
SES-11510,2025-04-21,13:14:17,STN-DEL-01,Delhi,SUV,CHAdeMO,19,22,19,1.20,Failed,Payment Failure,Offline,Failed,0.00
SES-11511,2025-04-22,13:40:23,STN-MUM-02,Mumbai,Sedan,CHAdeMO,76,77,97,0.40,Failed,Payment Failure,Offline,Failed,0.00
SES-11512,2025-04-22,13:19:33,STN-MUM-02,Mumbai,Hatchback,CCS,69,100,98,13.34,Completed,None,Available,Paid,220.92
SES-11513,2025-04-22,15:06:37,STN-CBE-01,Coimbatore,Crossover,CCS,42,85,57,33.09,Completed,None,Charging,Paid,568.17
SES-11514,2025-04-22,05:04:10,STN-CHE-01,Chennai,Hatchback,Type 2,90,94,53,1.60,Failed,Network Error,Maintenance,Failed,0.00
SES-11515,2025-04-22,16:55:00,STN-PUN-01,Pune,Hatchback,CCS,21,97,100,32.71,Completed,None,Available,Paid,552.49
SES-11516,2025-04-22,19:20:19,STN-MUM-02,Mumbai,Sedan,CCS,84,100,79,8.89,Completed,None,Charging,Paid,134.52
SES-11517,2025-04-22,19:20:23,STN-MUM-01,Mumbai,Sedan,CHAdeMO,49,90,72,22.72,Completed,None,Charging,Paid,413.27
SES-11518,2025-04-22,06:11:21,STN-BLR-02,Bengaluru,Sedan,Type 2,5,52,58,24.72,Completed,None,Available,Paid,444.80
SES-11519,2025-04-22,11:00:29,STN-MUM-01,Mumbai,SUV,CHAdeMO,7,48,81,33.83,Completed,None,Available,Paid,516.59
SES-11520,2025-04-22,09:23:13,STN-CBE-01,Coimbatore,Crossover,CCS,74,100,94,18.16,Completed,None,Available,Paid,304.91
SES-11521,2025-04-22,20:10:23,STN-BLR-02,Bengaluru,Hatchback,CCS,56,99,50,18.82,Completed,None,Available,Paid,347.51
SES-11522,2025-04-22,19:54:12,STN-BLR-01,Bengaluru,Hatchback,Type 2,57,100,92,18.12,Completed,None,Available,Paid,275.13
SES-11523,2025-04-22,17:12:23,STN-DEL-01,Delhi,Sedan,CCS,7,8,107,0.40,Failed,Connector Error,Maintenance,Failed,0.00
SES-11524,2025-04-23,20:01:15,STN-VSKP-01,Visakhapatnam,Hatchback,CCS,51,83,48,13.96,Completed,None,Available,Paid,223.52
SES-11525,2025-04-23,08:00:48,STN-CHE-01,Chennai,Hatchback,Type 2,79,80,116,0.40,Failed,Payment Failure,Offline,Failed,0.00
SES-11526,2025-04-23,18:34:42,STN-DEL-02,Delhi,SUV,CHAdeMO,90,100,32,8.01,Completed,None,Available,Paid,122.84
SES-11527,2025-04-23,15:16:57,STN-DEL-02,Delhi,SUV,CCS,10,29,22,16.87,Completed,None,Available,Paid,310.39
SES-11528,2025-04-23,12:41:27,STN-HYD-02,Hyderabad,Hatchback,CCS,50,100,115,19.99,Completed,None,Charging,Paid,304.67
SES-11529,2025-04-23,18:02:51,STN-VIJ-01,Vijayawada,SUV,CCS,65,100,120,27.24,Completed,None,Charging,Paid,464.84
SES-11530,2025-04-23,19:41:13,STN-KOL-01,Kolkata,Crossover,CCS,47,83,62,26.52,Completed,None,Charging,Paid,437.79
SES-11531,2025-04-23,12:41:29,STN-PUN-01,Pune,SUV,CCS,60,100,112,36.36,Completed,None,Available,Paid,629.97
SES-11532,2025-04-23,09:41:31,STN-CHE-01,Chennai,Sedan,CCS,74,100,101,14.55,Completed,None,Charging,Paid,266.49
SES-11533,2025-04-23,18:00:55,STN-CBE-01,Coimbatore,SUV,CCS,24,25,79,0.50,Cancelled,None,Available,Refunded,0.00
SES-11534,2025-04-23,17:41:01,STN-MUM-02,Mumbai,Sedan,Type 2,51,99,66,26.30,Completed,None,Charging,Paid,435.45
SES-11535,2025-04-23,09:55:38,STN-HYD-01,Hyderabad,SUV,CCS,58,61,85,1.20,Failed,Charging Interrupted,Maintenance,Failed,0.00
SES-11536,2025-04-23,00:26:08,STN-PUN-01,Pune,Sedan,Type 2,45,93,76,27.77,Completed,None,Available,Paid,509.52
SES-11537,2025-04-23,12:45:48,STN-PUN-01,Pune,Crossover,Type 2,79,79,57,0.00,Failed,Payment Failure,Maintenance,Failed,0.00
SES-11538,2025-04-23,19:19:52,STN-HYD-01,Hyderabad,Hatchback,Type 2,70,86,29,5.83,Completed,None,Available,Paid,105.84
SES-11539,2025-04-23,08:59:39,STN-DEL-01,Delhi,Sedan,CHAdeMO,35,95,114,33.82,Completed,None,Available,Paid,515.59
SES-11540,2025-04-23,10:08:40,STN-CBE-01,Coimbatore,Sedan,Type 2,68,100,115,15.99,Completed,None,Available,Paid,264.24
SES-11541,2025-04-23,13:17:11,STN-PUN-01,Pune,SUV,CHAdeMO,62,100,71,30.90,Completed,None,Available,Paid,549.24
SES-11542,2025-04-23,07:38:08,STN-BLR-01,Bengaluru,Hatchback,CCS,59,63,54,1.60,Failed,Payment Failure,Maintenance,Failed,0.00
SES-11543,2025-04-23,07:47:46,STN-PUN-01,Pune,Sedan,Type 2,50,87,72,19.45,Completed,None,Available,Paid,313.52
SES-11544,2025-04-23,08:04:15,STN-VIJ-01,Vijayawada,Sedan,CCS,28,39,17,6.31,Completed,None,Available,Paid,97.30
SES-11545,2025-04-24,18:36:38,STN-KOL-01,Kolkata,SUV,CHAdeMO,81,100,35,14.85,Completed,None,Charging,Paid,233.80
SES-11546,2025-04-24,19:36:16,STN-HYD-02,Hyderabad,Hatchback,CCS,41,76,47,12.88,Completed,None,Charging,Paid,213.37
SES-11547,2025-04-24,16:21:07,STN-MUM-01,Mumbai,Sedan,CCS,45,100,101,27.46,Completed,None,Charging,Paid,421.99
SES-11548,2025-04-24,06:32:01,STN-CBE-01,Coimbatore,Hatchback,Type 2,29,83,108,20.86,Completed,None,Available,Paid,353.51
SES-11549,2025-04-24,19:19:59,STN-VSKP-01,Visakhapatnam,Crossover,CCS,33,100,117,48.21,Completed,None,Charging,Paid,738.75
SES-11550,2025-04-24,08:56:09,STN-DEL-02,Delhi,Sedan,Type 2,35,100,114,35.23,Completed,None,Available,Paid,532.77
SES-11551,2025-04-24,10:03:36,STN-DEL-01,Delhi,SUV,CHAdeMO,6,49,50,37.97,Completed,None,Available,Paid,689.75
SES-11552,2025-04-24,16:24:12,STN-CHE-01,Chennai,Sedan,CHAdeMO,16,100,116,45.57,Completed,None,Available,Paid,694.45
SES-11553,2025-04-24,00:58:23,STN-MUM-02,Mumbai,Sedan,CCS,9,68,111,34.17,Completed,None,Available,Paid,542.13
SES-11554,2025-04-24,21:32:57,STN-VSKP-01,Visakhapatnam,Sedan,CCS,65,68,11,1.20,Failed,Payment Failure,Maintenance,Failed,0.00
SES-11555,2025-04-24,07:27:34,STN-BLR-01,Bengaluru,SUV,Type 2,60,72,16,9.77,Completed,None,Available,Paid,178.01
SES-11556,2025-04-24,20:09:00,STN-DEL-01,Delhi,Hatchback,Type 2,82,100,114,7.63,Completed,None,Available,Paid,129.21
SES-11557,2025-04-24,20:08:59,STN-CBE-01,Coimbatore,SUV,Type 2,75,95,34,15.69,Completed,None,Available,Paid,240.70
SES-11558,2025-04-25,18:34:56,STN-MUM-01,Mumbai,Sedan,Type 2,41,94,60,28.58,Completed,None,Charging,Paid,483.63
SES-11559,2025-04-25,18:57:21,STN-KOL-01,Kolkata,Sedan,Type 2,40,73,59,17.33,Completed,None,Available,Paid,313.40
SES-11560,2025-04-25,15:22:06,STN-HYD-02,Hyderabad,SUV,CCS,78,100,105,17.02,Completed,None,Available,Paid,292.76
SES-11561,2025-04-25,07:43:24,STN-MUM-01,Mumbai,Sedan,Type 2,33,73,73,20.53,Completed,None,Available,Paid,379.66
SES-11562,2025-04-25,07:05:54,STN-CHE-01,Chennai,Sedan,CCS,84,98,21,7.60,Completed,None,Available,Paid,134.59
SES-11563,2025-04-25,21:08:59,STN-HYD-01,Hyderabad,SUV,CCS,42,90,62,40.60,Completed,None,Charging,Paid,616.67
SES-11564,2025-04-25,05:32:50,STN-MUM-02,Mumbai,Crossover,Type 2,89,91,84,0.71,Cancelled,None,Available,Refunded,0.00
SES-11565,2025-04-26,17:36:30,STN-HYD-01,Hyderabad,Sedan,CCS,45,55,19,5.72,Completed,None,Available,Paid,91.44
SES-11566,2025-04-26,22:28:57,STN-VSKP-01,Visakhapatnam,Hatchback,Type 2,37,89,70,19.58,Completed,None,Charging,Paid,353.27
SES-11567,2025-04-26,22:35:52,STN-CBE-01,Coimbatore,Sedan,CCS,85,100,64,7.99,Completed,None,Available,Paid,123.84
SES-11568,2025-04-26,20:25:35,STN-VSKP-01,Visakhapatnam,SUV,CCS,17,100,108,72.38,Completed,None,Available,Paid,"1,094.86"
SES-11569,2025-04-26,07:27:03,STN-BLR-02,Bengaluru,SUV,CCS,10,13,117,1.20,Failed,Payment Failure,Maintenance,Failed,0.00
SES-11570,2025-04-26,17:21:11,STN-CBE-01,Coimbatore,Hatchback,Type 2,70,100,77,11.30,Completed,None,Available,Paid,176.65
SES-11571,2025-04-26,13:39:37,STN-HYD-02,Hyderabad,SUV,CCS,12,54,51,37.60,Completed,None,Charging,Paid,691.88
SES-11572,2025-04-26,18:28:17,STN-MUM-02,Mumbai,SUV,Type 2,68,100,75,25.67,Completed,None,Available,Paid,474.35
SES-11573,2025-04-26,16:38:17,STN-CHE-01,Chennai,Sedan,Type 2,13,43,53,17.97,Completed,None,Available,Paid,313.00
SES-11574,2025-04-26,12:20:00,STN-CBE-01,Coimbatore,Sedan,CCS,27,57,37,17.56,Completed,None,Charging,Paid,304.43
SES-11575,2025-04-26,17:59:19,STN-DEL-01,Delhi,SUV,Type 2,75,100,116,22.68,Completed,None,Available,Paid,363.74
SES-11576,2025-04-26,20:40:33,STN-DEL-02,Delhi,Hatchback,Type 2,25,100,119,27.31,Completed,None,Charging,Paid,422.92
SES-11577,2025-04-26,19:47:32,STN-MUM-02,Mumbai,SUV,Type 2,5,74,120,59.55,Completed,None,Available,Paid,969.97
SES-11578,2025-04-26,16:09:53,STN-VIJ-01,Vijayawada,Hatchback,Type 2,50,50,87,0.00,Failed,Station Offline,Offline,Failed,0.00
SES-11579,2025-04-26,07:12:00,STN-CBE-01,Coimbatore,Sedan,CCS,66,67,67,0.40,Failed,Connector Error,Offline,Failed,0.00
SES-11580,2025-04-26,18:14:48,STN-DEL-01,Delhi,SUV,CCS,6,10,117,1.60,Failed,Station Offline,Offline,Failed,0.00
SES-11581,2025-04-27,08:22:47,STN-CBE-01,Coimbatore,Sedan,Type 2,79,100,102,12.44,Completed,None,Charging,Paid,216.39
SES-11582,2025-04-27,08:16:48,STN-DEL-01,Delhi,Sedan,CCS,86,91,11,2.55,Completed,None,Available,Paid,43.04
SES-11583,2025-04-27,06:13:10,STN-VIJ-01,Vijayawada,SUV,Type 2,48,52,64,1.60,Failed,Payment Failure,Offline,Failed,0.00
SES-11584,2025-04-27,17:31:34,STN-BLR-02,Bengaluru,Hatchback,CCS,87,100,43,4.95,Completed,None,Charging,Paid,85.30
SES-11585,2025-04-27,16:30:16,STN-BLR-01,Bengaluru,SUV,CCS,9,97,106,74.71,Completed,None,Charging,Paid,"1,264.53"
SES-11586,2025-04-27,18:09:07,STN-KOL-01,Kolkata,Hatchback,Type 2,43,46,29,1.20,Failed,Payment Failure,Offline,Failed,0.00
SES-11587,2025-04-27,10:58:49,STN-HYD-02,Hyderabad,Hatchback,CCS,70,78,56,2.89,Cancelled,None,Maintenance,Refunded,0.00
SES-11588,2025-04-27,18:29:30,STN-HYD-02,Hyderabad,Sedan,CCS,85,100,103,8.37,Completed,None,Available,Paid,148.67
SES-11589,2025-04-27,01:19:47,STN-VSKP-01,Visakhapatnam,Hatchback,Type 2,49,100,115,22.12,Completed,None,Charging,Paid,346.62
SES-11590,2025-04-27,14:36:00,STN-BLR-02,Bengaluru,Sedan,CCS,79,85,35,1.97,Cancelled,None,Available,Refunded,0.00
SES-11591,2025-04-27,08:53:57,STN-HYD-01,Hyderabad,Sedan,CCS,17,17,93,0.00,Failed,Payment Failure,Maintenance,Failed,0.00
SES-11592,2025-04-27,20:08:21,STN-HYD-01,Hyderabad,Sedan,CCS,36,44,10,4.62,Completed,None,Charging,Paid,81.93
SES-11593,2025-04-27,14:09:33,STN-CHE-01,Chennai,Sedan,CCS,47,49,74,0.80,Failed,Payment Failure,Maintenance,Failed,0.00
SES-11594,2025-04-27,22:29:21,STN-BLR-01,Bengaluru,Hatchback,CCS,12,18,98,2.10,Cancelled,None,Available,Refunded,0.00
SES-11595,2025-04-27,08:01:29,STN-DEL-01,Delhi,Hatchback,Type 2,78,100,106,9.60,Completed,None,Available,Paid,153.93
SES-11596,2025-04-27,08:41:15,STN-PUN-01,Pune,Sedan,Type 2,63,100,96,20.02,Completed,None,Available,Paid,319.43
SES-11597,2025-04-27,18:52:07,STN-PUN-01,Pune,Sedan,Type 2,15,67,84,30.19,Completed,None,Available,Paid,483.57
SES-11598,2025-04-27,21:12:14,STN-HYD-01,Hyderabad,Sedan,CCS,32,100,117,35.92,Completed,None,Charging,Paid,663.19
SES-11599,2025-04-28,15:07:09,STN-BLR-02,Bengaluru,Hatchback,Type 2,43,56,24,4.87,Completed,None,Available,Paid,73.76
SES-11600,2025-04-28,20:49:18,STN-BLR-01,Bengaluru,SUV,Type 2,30,50,23,15.34,Completed,None,Available,Paid,270.95
SES-11601,2025-04-28,10:58:10,STN-VIJ-01,Vijayawada,SUV,CCS,76,100,64,20.93,Completed,None,Available,Paid,372.68
SES-11602,2025-04-28,07:19:19,STN-MUM-01,Mumbai,Hatchback,CCS,30,37,10,2.93,Completed,None,Available,Paid,45.01
SES-11603,2025-04-28,21:56:49,STN-VSKP-01,Visakhapatnam,SUV,Type 2,36,71,42,30.97,Completed,None,Available,Paid,542.17
SES-11604,2025-04-28,07:25:29,STN-DEL-02,Delhi,Crossover,Type 2,50,100,79,34.24,Completed,None,Charging,Paid,567.10
SES-11605,2025-04-28,21:50:30,STN-BLR-01,Bengaluru,Sedan,CCS,32,37,65,1.94,Cancelled,None,Maintenance,Refunded,0.00
SES-11606,2025-04-28,12:03:05,STN-CBE-01,Coimbatore,Crossover,CCS,11,31,32,12.63,Completed,None,Available,Paid,191.85
SES-11607,2025-04-28,06:25:46,STN-KOL-01,Kolkata,Sedan,CCS,39,77,63,19.41,Completed,None,Charging,Paid,299.39
SES-11608,2025-04-28,21:16:18,STN-CHE-01,Chennai,Sedan,CCS,70,100,99,15.39,Completed,None,Available,Paid,261.76
SES-11609,2025-04-28,19:48:05,STN-DEL-01,Delhi,Hatchback,CCS,26,34,12,3.23,Completed,None,Charging,Paid,49.06
SES-11610,2025-04-28,10:10:15,STN-KOL-01,Kolkata,Hatchback,CCS,26,58,55,12.48,Completed,None,Available,Paid,206.66
SES-11611,2025-04-28,09:39:10,STN-DEL-01,Delhi,Hatchback,Type 2,7,8,15,0.50,Cancelled,None,Maintenance,Refunded,0.00
SES-11612,2025-04-28,17:25:55,STN-VSKP-01,Visakhapatnam,Sedan,Type 2,50,100,113,27.22,Completed,None,Charging,Paid,416.73
SES-11613,2025-04-28,21:18:30,STN-VIJ-01,Vijayawada,Crossover,Type 2,54,82,34,21.55,Completed,None,Charging,Paid,351.92
SES-11614,2025-04-28,06:40:35,STN-HYD-02,Hyderabad,Sedan,Type 2,12,100,120,52.51,Completed,None,Charging,Paid,961.10
SES-11615,2025-04-28,09:12:24,STN-MUM-02,Mumbai,Sedan,CCS,8,27,26,9.98,Completed,None,Charging,Paid,153.04
SES-11616,2025-04-28,07:15:08,STN-CBE-01,Coimbatore,Sedan,CCS,19,50,37,17.90,Completed,None,Charging,Paid,308.85
SES-11617,2025-04-28,22:34:40,STN-KOL-01,Kolkata,Hatchback,CCS,48,77,41,12.63,Completed,None,Charging,Paid,228.42
SES-11618,2025-04-28,06:20:31,STN-MUM-02,Mumbai,Hatchback,CCS,43,100,102,24.79,Completed,None,Available,Paid,416.89
SES-11619,2025-04-28,10:07:58,STN-HYD-02,Hyderabad,SUV,CHAdeMO,80,100,32,15.85,Completed,None,Charging,Paid,292.77
SES-11620,2025-04-29,13:01:37,STN-CHE-01,Chennai,Sedan,Type 2,33,100,114,33.38,Completed,None,Available,Paid,548.13
SES-11621,2025-04-29,08:39:57,STN-KOL-01,Kolkata,Sedan,CCS,77,92,25,7.97,Completed,None,Charging,Paid,144.89
SES-11622,2025-04-29,09:40:00,STN-DEL-01,Delhi,Sedan,CCS,66,100,105,18.79,Completed,None,Available,Paid,319.04
SES-11623,2025-04-29,08:54:03,STN-MUM-02,Mumbai,SUV,CCS,88,100,35,9.39,Completed,None,Charging,Paid,142.20
SES-11624,2025-04-29,14:09:46,STN-MUM-02,Mumbai,Hatchback,CCS,38,69,42,11.70,Completed,None,Available,Paid,196.46
SES-11625,2025-04-29,21:37:11,STN-DEL-02,Delhi,SUV,CCS,30,74,67,38.88,Completed,None,Charging,Paid,713.67
SES-11626,2025-04-29,10:15:34,STN-MUM-02,Mumbai,Crossover,CCS,89,100,57,7.34,Completed,None,Charging,Paid,132.97
SES-11627,2025-04-29,15:40:02,STN-DEL-01,Delhi,Sedan,CCS,22,91,92,40.89,Completed,None,Available,Paid,716.46
SES-11628,2025-04-29,14:19:46,STN-CHE-01,Chennai,Sedan,CCS,67,100,64,18.21,Completed,None,Charging,Paid,313.24
SES-11629,2025-04-29,18:48:53,STN-MUM-01,Mumbai,SUV,Type 2,56,93,50,30.18,Completed,None,Available,Paid,538.14
SES-11630,2025-04-29,06:39:41,STN-HYD-01,Hyderabad,Hatchback,Type 2,58,59,71,0.40,Failed,Payment Failure,Maintenance,Failed,0.00
SES-11631,2025-04-29,19:17:29,STN-BLR-01,Bengaluru,SUV,Type 2,46,46,26,0.00,Failed,Station Offline,Maintenance,Failed,0.00
SES-11632,2025-04-29,14:18:07,STN-KOL-01,Kolkata,Crossover,CCS,58,100,111,31.70,Completed,None,Available,Paid,513.46
SES-11633,2025-04-29,03:30:02,STN-VIJ-01,Vijayawada,SUV,Type 2,56,100,68,36.30,Completed,None,Available,Paid,614.67
SES-11634,2025-04-29,08:21:16,STN-BLR-02,Bengaluru,Sedan,Type 2,17,36,23,10.42,Completed,None,Charging,Paid,158.28
SES-11635,2025-04-30,09:13:50,STN-PUN-01,Pune,Sedan,CCS,36,37,91,0.40,Failed,Network Error,Offline,Failed,0.00
SES-11636,2025-04-30,11:29:20,STN-VSKP-01,Visakhapatnam,Hatchback,CCS,87,94,30,2.76,Cancelled,None,Maintenance,Refunded,0.00
SES-11637,2025-04-30,05:31:10,STN-BLR-01,Bengaluru,Hatchback,CCS,85,100,72,5.96,Completed,None,Available,Paid,98.41
SES-11638,2025-04-30,21:52:46,STN-DEL-02,Delhi,Sedan,CCS,70,100,55,14.91,Completed,None,Available,Paid,240.46
SES-11639,2025-04-30,11:51:07,STN-MUM-02,Mumbai,Sedan,CCS,86,100,64,8.02,Completed,None,Available,Paid,125.33
SES-11640,2025-04-30,17:43:39,STN-CHE-01,Chennai,SUV,Type 2,62,100,71,32.19,Completed,None,Available,Paid,486.07
SES-11641,2025-04-30,06:29:43,STN-VSKP-01,Visakhapatnam,SUV,CCS,43,75,48,28.77,Completed,None,Charging,Paid,473.13
SES-11642,2025-04-30,20:26:20,STN-MUM-01,Mumbai,Sedan,CCS,31,76,51,25.82,Completed,None,Charging,Paid,469.49
SES-11643,2025-04-30,19:59:03,STN-PUN-01,Pune,SUV,CCS,82,100,57,16.79,Completed,None,Available,Paid,298.02
SES-11644,2025-04-30,16:08:03,STN-HYD-02,Hyderabad,Sedan,CCS,58,60,112,0.68,Cancelled,None,Available,Refunded,0.00
SES-11645,2025-04-30,17:12:47,STN-MUM-01,Mumbai,Crossover,Type 2,83,100,37,12.55,Completed,None,Charging,Paid,197.16
SES-11646,2025-04-30,17:37:41,STN-CBE-01,Coimbatore,Sedan,CHAdeMO,76,76,93,0.00,Failed,Network Error,Maintenance,Failed,0.00
SES-11647,2025-04-30,06:27:57,STN-KOL-01,Kolkata,Hatchback,CCS,77,79,15,0.80,Failed,Payment Failure,Offline,Failed,0.00
SES-11648,2025-04-30,07:18:48,STN-HYD-01,Hyderabad,SUV,CCS,89,100,68,9.24,Completed,None,Charging,Paid,165.90
SES-11649,2025-04-30,14:57:27,STN-MUM-02,Mumbai,Sedan,Type 2,47,50,99,1.20,Failed,Payment Failure,Maintenance,Failed,0.00
SES-11650,2025-05-01,18:09:21,STN-BLR-02,Bengaluru,SUV,CCS,56,100,79,37.45,Completed,None,Available,Paid,622.11
SES-11651,2025-05-01,09:08:32,STN-VIJ-01,Vijayawada,Sedan,Type 2,18,58,48,22.25,Completed,None,Available,Paid,337.08
SES-11652,2025-05-01,16:47:19,STN-PUN-01,Pune,Hatchback,CHAdeMO,12,62,66,18.64,Completed,None,Available,Paid,325.20
SES-11653,2025-05-01,06:32:16,STN-VSKP-01,Visakhapatnam,SUV,Type 2,39,87,63,41.46,Completed,None,Available,Paid,752.10
SES-11654,2025-05-01,20:12:58,STN-MUM-02,Mumbai,Sedan,CCS,22,66,69,25.67,Completed,None,Charging,Paid,456.18
SES-11655,2025-05-01,22:15:01,STN-VIJ-01,Vijayawada,Sedan,Type 2,59,100,99,21.87,Completed,None,Charging,Paid,338.07
SES-11656,2025-05-01,08:42:07,STN-VIJ-01,Vijayawada,Hatchback,CHAdeMO,82,98,26,6.57,Completed,None,Available,Paid,110.49
SES-11657,2025-05-01,06:11:19,STN-PUN-01,Pune,Sedan,Type 2,56,92,49,18.81,Completed,None,Available,Paid,337.47
SES-11658,2025-05-01,10:15:58,STN-BLR-02,Bengaluru,SUV,CCS,76,77,75,0.40,Failed,Charging Interrupted,Maintenance,Failed,0.00
SES-11659,2025-05-01,18:42:48,STN-HYD-01,Hyderabad,Sedan,CHAdeMO,53,55,94,0.80,Failed,Network Error,Offline,Failed,0.00
SES-11660,2025-05-02,16:32:29,STN-VIJ-01,Vijayawada,Crossover,CHAdeMO,12,61,63,31.79,Completed,None,Available,Paid,486.73
SES-11661,2025-05-02,22:14:17,STN-HYD-02,Hyderabad,SUV,CHAdeMO,41,95,80,43.74,Completed,None,Charging,Paid,714.55
SES-11662,2025-05-02,09:22:13,STN-VIJ-01,Vijayawada,Hatchback,CCS,70,100,53,11.23,Completed,None,Available,Paid,168.76
SES-11663,2025-05-02,20:44:14,STN-DEL-01,Delhi,Sedan,Type 2,85,100,93,8.70,Completed,None,Charging,Paid,153.66
SES-11664,2025-05-02,14:51:41,STN-VIJ-01,Vijayawada,Sedan,Type 2,81,100,76,9.42,Completed,None,Available,Paid,157.08
SES-11665,2025-05-02,17:37:45,STN-VIJ-01,Vijayawada,Sedan,CCS,82,100,66,9.04,Completed,None,Available,Paid,137.66
SES-11666,2025-05-02,12:53:43,STN-CHE-01,Chennai,Sedan,CCS,45,73,45,14.55,Completed,None,Available,Paid,218.28
SES-11667,2025-05-02,13:30:24,STN-MUM-01,Mumbai,Hatchback,Type 2,77,100,66,9.98,Completed,None,Available,Paid,182.99
SES-11668,2025-05-02,10:23:56,STN-BLR-01,Bengaluru,SUV,Type 2,31,67,52,32.36,Completed,None,Charging,Paid,512.25
SES-11669,2025-05-02,17:21:19,STN-HYD-02,Hyderabad,SUV,Type 2,24,67,53,33.84,Completed,None,Available,Paid,619.25
SES-11670,2025-05-02,18:24:45,STN-CBE-01,Coimbatore,Hatchback,CCS,42,85,71,16.10,Completed,None,Available,Paid,276.62
SES-11671,2025-05-02,09:56:22,STN-HYD-02,Hyderabad,Sedan,CCS,16,78,92,32.01,Completed,None,Available,Paid,587.54
SES-11672,2025-05-02,20:24:07,STN-DEL-02,Delhi,Sedan,CCS,46,91,70,22.47,Completed,None,Available,Paid,410.44
SES-11673,2025-05-02,07:47:44,STN-PUN-01,Pune,Hatchback,Type 2,90,100,103,3.88,Completed,None,Charging,Paid,69.77
SES-11674,2025-05-02,21:14:00,STN-PUN-01,Pune,SUV,CCS,54,64,20,8.00,Completed,None,Available,Paid,134.42
SES-11675,2025-05-03,08:37:53,STN-DEL-02,Delhi,SUV,Type 2,35,37,86,0.80,Failed,Station Offline,Maintenance,Paid,13.83
SES-11676,2025-05-03,21:17:46,STN-MUM-01,Mumbai,Sedan,Type 2,81,85,42,1.60,Failed,Payment Failure,Maintenance,Failed,0.00
SES-11677,2025-05-03,17:02:09,STN-PUN-01,Pune,SUV,CHAdeMO,69,100,111,28.62,Completed,None,Available,Paid,509.46
SES-11678,2025-05-03,10:46:00,STN-DEL-01,Delhi,Sedan,CCS,57,96,75,23.41,Completed,None,Available,Paid,363.65
SES-11679,2025-05-03,03:26:10,STN-CHE-01,Chennai,Hatchback,Type 2,44,100,119,22.24,Completed,None,Charging,Paid,401.26
SES-11680,2025-05-03,19:06:18,STN-BLR-01,Bengaluru,SUV,CHAdeMO,77,95,32,14.06,Completed,None,Available,Paid,257.44
SES-11681,2025-05-03,10:28:14,STN-BLR-01,Bengaluru,Sedan,Type 2,43,47,58,1.60,Failed,Connector Error,Maintenance,Failed,0.00
SES-11682,2025-05-03,16:36:54,STN-BLR-02,Bengaluru,Hatchback,CCS,14,38,29,9.55,Completed,None,Available,Paid,150.91
SES-11683,2025-05-04,08:19:36,STN-BLR-02,Bengaluru,SUV,CCS,33,100,103,55.01,Completed,None,Charging,Paid,889.06
SES-11684,2025-05-04,08:57:40,STN-CHE-01,Chennai,Hatchback,Type 2,44,60,24,6.19,Completed,None,Available,Paid,94.83
SES-11685,2025-05-04,09:01:22,STN-MUM-02,Mumbai,Sedan,CCS,34,100,75,36.14,Completed,None,Available,Paid,626.17
SES-11686,2025-05-04,15:20:15,STN-MUM-02,Mumbai,Sedan,Type 2,6,29,39,11.48,Completed,None,Charging,Paid,204.21
SES-11687,2025-05-04,08:27:26,STN-HYD-02,Hyderabad,Sedan,Type 2,86,89,98,1.14,Cancelled,None,Available,Refunded,0.00
SES-11688,2025-05-04,10:51:16,STN-VSKP-01,Visakhapatnam,Sedan,CHAdeMO,32,43,13,6.53,Completed,None,Charging,Paid,115.03
SES-11689,2025-05-04,16:00:17,STN-HYD-02,Hyderabad,Hatchback,CCS,51,100,73,19.57,Completed,None,Available,Paid,346.16
SES-11690,2025-05-04,22:08:12,STN-CBE-01,Coimbatore,Hatchback,Type 2,36,38,74,0.80,Failed,Network Error,Maintenance,Failed,0.00
SES-11691,2025-05-04,17:44:14,STN-CBE-01,Coimbatore,SUV,CCS,82,94,17,10.67,Completed,None,Available,Paid,170.33
SES-11692,2025-05-04,03:45:03,STN-KOL-01,Kolkata,Hatchback,CCS,36,88,61,22.47,Completed,None,Available,Paid,375.38
SES-11693,2025-05-04,11:35:50,STN-DEL-02,Delhi,Sedan,CCS,31,47,23,8.42,Completed,None,Available,Paid,130.58
SES-11694,2025-05-04,17:09:35,STN-HYD-01,Hyderabad,Crossover,Type 2,58,100,67,29.65,Completed,None,Charging,Paid,531.56
SES-11695,2025-05-04,16:40:44,STN-KOL-01,Kolkata,Crossover,Type 2,60,73,20,9.82,Completed,None,Available,Paid,162.58
SES-11696,2025-05-04,13:11:17,STN-BLR-02,Bengaluru,SUV,CCS,35,89,68,42.09,Completed,None,Charging,Paid,686.48
SES-11697,2025-05-05,23:47:36,STN-HYD-01,Hyderabad,Sedan,CCS,28,52,33,13.38,Completed,None,Available,Paid,213.73
SES-11698,2025-05-05,20:24:11,STN-PUN-01,Pune,Hatchback,Type 2,39,97,97,21.36,Completed,None,Charging,Paid,372.90
SES-11699,2025-05-05,16:10:08,STN-BLR-01,Bengaluru,Sedan,Type 2,34,57,41,11.64,Completed,None,Charging,Paid,206.09
SES-11700,2025-05-05,07:24:34,STN-HYD-02,Hyderabad,Hatchback,Type 2,59,100,98,17.95,Completed,None,Charging,Paid,330.87
SES-11701,2025-05-05,18:48:13,STN-MUM-02,Mumbai,Sedan,CHAdeMO,68,100,55,16.04,Completed,None,Charging,Paid,257.92
SES-11702,2025-05-05,08:24:58,STN-CHE-01,Chennai,SUV,Type 2,37,56,37,16.84,Completed,None,Available,Paid,264.64
SES-11703,2025-05-05,20:04:40,STN-BLR-02,Bengaluru,SUV,CCS,50,72,25,18.69,Completed,None,Charging,Paid,291.00
SES-11704,2025-05-05,21:22:08,STN-BLR-01,Bengaluru,Sedan,CCS,37,71,51,19.99,Completed,None,Charging,Paid,344.75
SES-11705,2025-05-05,15:49:15,STN-MUM-01,Mumbai,SUV,Type 2,72,100,112,22.81,Completed,None,Available,Paid,405.65
SES-11706,2025-05-05,19:13:45,STN-VSKP-01,Visakhapatnam,Sedan,Type 2,68,89,25,11.73,Completed,None,Charging,Paid,177.04
SES-11707,2025-05-05,20:57:24,STN-VSKP-01,Visakhapatnam,SUV,CCS,34,100,109,55.24,Completed,None,Available,Paid,982.53
SES-11708,2025-05-05,21:25:46,STN-CHE-01,Chennai,Hatchback,Type 2,83,97,21,5.56,Completed,None,Charging,Paid,98.41
SES-11709,2025-05-06,18:13:28,STN-HYD-01,Hyderabad,Sedan,CCS,33,36,85,1.09,Cancelled,None,Available,Refunded,0.00
SES-11710,2025-05-06,07:54:14,STN-KOL-01,Kolkata,Hatchback,CHAdeMO,66,100,71,12.46,Completed,None,Available,Paid,209.06
SES-11711,2025-05-06,03:33:01,STN-KOL-01,Kolkata,Sedan,Type 2,34,62,43,15.55,Completed,None,Available,Paid,263.85
SES-11712,2025-05-06,07:34:22,STN-KOL-01,Kolkata,Hatchback,CCS,16,55,47,14.98,Completed,None,Charging,Paid,256.47
SES-11713,2025-05-06,10:27:22,STN-DEL-01,Delhi,Crossover,CCS,71,100,93,20.79,Completed,None,Available,Paid,363.73
SES-11714,2025-05-06,17:52:41,STN-HYD-01,Hyderabad,Sedan,CCS,19,21,56,0.80,Failed,Station Offline,Offline,Failed,0.00
SES-11715,2025-05-06,19:03:31,STN-BLR-02,Bengaluru,Crossover,Type 2,14,79,88,43.87,Completed,None,Available,Paid,678.11
SES-11716,2025-05-06,20:25:16,STN-CHE-01,Chennai,SUV,Type 2,90,100,31,7.93,Completed,None,Charging,Paid,124.07
SES-11717,2025-05-06,00:31:51,STN-DEL-01,Delhi,Sedan,Type 2,65,65,89,0.00,Failed,Payment Failure,Maintenance,Failed,0.00
SES-11718,2025-05-06,13:59:01,STN-PUN-01,Pune,Hatchback,CCS,27,86,97,25.80,Completed,None,Charging,Paid,445.26
SES-11719,2025-05-06,17:23:44,STN-MUM-01,Mumbai,Sedan,CCS,15,21,12,3.32,Completed,None,Charging,Paid,50.45
SES-11720,2025-05-06,17:58:21,STN-HYD-01,Hyderabad,Sedan,CCS,20,25,10,2.91,Completed,None,Charging,Paid,44.64
SES-11721,2025-05-06,09:40:26,STN-MUM-01,Mumbai,SUV,CCS,53,100,62,40.17,Completed,None,Available,Paid,623.94
SES-11722,2025-05-06,06:51:27,STN-CHE-01,Chennai,Hatchback,CCS,84,87,73,1.20,Failed,Network Error,Maintenance,Failed,0.00
SES-11723,2025-05-06,13:30:43,STN-BLR-01,Bengaluru,Hatchback,CCS,18,45,53,10.45,Completed,None,Available,Paid,187.22
SES-11724,2025-05-06,09:36:28,STN-CHE-01,Chennai,Sedan,CCS,10,44,56,20.27,Completed,None,Available,Paid,343.18
SES-11725,2025-05-06,04:37:38,STN-CBE-01,Coimbatore,Crossover,Type 2,46,70,47,15.41,Completed,None,Available,Paid,238.39
SES-11726,2025-05-06,20:39:11,STN-MUM-02,Mumbai,Hatchback,Type 2,21,74,72,22.01,Completed,None,Available,Paid,359.40
SES-11727,2025-05-07,08:43:54,STN-DEL-01,Delhi,Crossover,CCS,46,99,90,36.50,Completed,None,Charging,Paid,573.38
SES-11728,2025-05-07,17:19:14,STN-VIJ-01,Vijayawada,Sedan,Type 2,14,53,50,22.33,Completed,None,Charging,Paid,349.87
SES-11729,2025-05-07,05:57:40,STN-BLR-01,Bengaluru,Hatchback,CCS,50,68,30,6.70,Completed,None,Available,Paid,121.58
SES-11730,2025-05-07,08:47:38,STN-HYD-01,Hyderabad,Hatchback,CCS,88,100,54,4.43,Completed,None,Charging,Paid,74.01
SES-11731,2025-05-07,18:36:54,STN-PUN-01,Pune,SUV,CHAdeMO,53,55,120,0.80,Failed,Network Error,Maintenance,Failed,0.00
SES-11732,2025-05-07,06:42:14,STN-MUM-01,Mumbai,Crossover,CCS,13,32,22,13.67,Completed,None,Available,Paid,229.63
SES-11733,2025-05-07,07:36:55,STN-VSKP-01,Visakhapatnam,Sedan,CCS,83,100,75,8.69,Completed,None,Available,Paid,140.15
SES-11734,2025-05-07,09:46:08,STN-CHE-01,Chennai,Sedan,CCS,43,96,75,26.41,Completed,None,Available,Paid,461.71
SES-11735,2025-05-07,01:27:22,STN-VSKP-01,Visakhapatnam,Crossover,CCS,6,34,52,18.47,Completed,None,Charging,Paid,307.36
SES-11736,2025-05-07,20:39:43,STN-DEL-02,Delhi,Crossover,Type 2,72,74,71,0.65,Cancelled,None,Available,Refunded,0.00
SES-11737,2025-05-07,19:50:57,STN-BLR-02,Bengaluru,Sedan,CCS,56,100,98,21.92,Completed,None,Available,Paid,350.38
SES-11738,2025-05-07,06:32:15,STN-HYD-01,Hyderabad,Sedan,CCS,86,88,101,0.80,Failed,Payment Failure,Offline,Failed,0.00
SES-11739,2025-05-07,05:56:49,STN-VIJ-01,Vijayawada,Hatchback,Type 2,15,66,57,21.83,Completed,None,Charging,Paid,393.65
SES-11740,2025-05-07,21:06:49,STN-BLR-02,Bengaluru,Crossover,CCS,41,71,35,20.66,Completed,None,Charging,Paid,325.29
SES-11741,2025-05-07,14:05:29,STN-BLR-01,Bengaluru,SUV,CCS,76,100,108,21.28,Completed,None,Charging,Paid,349.99
SES-11742,2025-05-08,07:31:21,STN-MUM-02,Mumbai,SUV,CHAdeMO,26,76,101,39.49,Completed,None,Charging,Paid,670.07
SES-11743,2025-05-08,18:56:44,STN-CBE-01,Coimbatore,Hatchback,CCS,56,97,70,15.89,Completed,None,Charging,Paid,272.26
SES-11744,2025-05-08,17:06:08,STN-HYD-01,Hyderabad,Sedan,Type 2,9,66,71,29.86,Completed,None,Charging,Paid,460.79
SES-11745,2025-05-08,07:02:34,STN-MUM-02,Mumbai,Crossover,CHAdeMO,6,8,106,0.80,Failed,Network Error,Offline,Paid,12.00
SES-11746,2025-05-08,07:30:51,STN-VIJ-01,Vijayawada,SUV,CCS,9,77,91,57.81,Completed,None,Charging,Paid,907.24
SES-11747,2025-05-08,04:56:34,STN-MUM-02,Mumbai,SUV,CCS,36,53,23,15.82,Completed,None,Charging,Paid,244.42
SES-11748,2025-05-08,17:31:05,STN-PUN-01,Pune,SUV,CCS,23,75,63,41.80,Completed,None,Available,Paid,718.58
SES-11749,2025-05-08,15:20:32,STN-BLR-01,Bengaluru,SUV,Type 2,8,45,50,32.79,Completed,None,Charging,Paid,576.50
SES-11750,2025-05-08,09:18:32,STN-CHE-01,Chennai,Hatchback,CCS,50,51,69,0.40,Failed,Payment Failure,Maintenance,Failed,0.00
SES-11751,2025-05-08,08:20:53,STN-DEL-02,Delhi,Crossover,Type 2,87,100,18,9.17,Completed,None,Available,Paid,137.60
SES-11752,2025-05-08,19:14:13,STN-DEL-01,Delhi,Hatchback,CHAdeMO,30,30,53,0.00,Failed,Network Error,Maintenance,Paid,0.00
SES-11753,2025-05-08,15:14:05,STN-VIJ-01,Vijayawada,Hatchback,Type 2,54,96,65,15.60,Completed,None,Charging,Paid,280.15
SES-11754,2025-05-08,09:36:19,STN-KOL-01,Kolkata,Sedan,CHAdeMO,30,100,103,35.58,Completed,None,Available,Paid,558.66
SES-11755,2025-05-08,18:25:17,STN-MUM-02,Mumbai,Hatchback,Type 2,75,78,12,1.20,Failed,Network Error,Maintenance,Failed,0.00
SES-11756,2025-05-08,17:54:50,STN-BLR-01,Bengaluru,Sedan,CHAdeMO,36,100,107,32.03,Completed,None,Charging,Paid,543.22
SES-11757,2025-05-08,18:58:52,STN-PUN-01,Pune,Sedan,CCS,48,100,106,30.34,Completed,None,Charging,Paid,476.60
SES-11758,2025-05-09,20:05:13,STN-HYD-01,Hyderabad,Sedan,Type 2,30,100,100,36.46,Completed,None,Available,Paid,628.94
SES-11759,2025-05-09,08:23:12,STN-VSKP-01,Visakhapatnam,Hatchback,Type 2,65,100,68,15.04,Completed,None,Charging,Paid,269.49
SES-11760,2025-05-09,19:50:18,STN-HYD-02,Hyderabad,Crossover,CCS,55,100,82,32.42,Completed,None,Available,Paid,593.96
SES-11761,2025-05-09,19:57:18,STN-HYD-02,Hyderabad,Hatchback,CCS,63,66,22,1.20,Failed,Station Offline,Offline,Paid,19.68
SES-11762,2025-05-09,06:44:27,STN-DEL-02,Delhi,Sedan,Type 2,42,70,39,13.89,Completed,None,Charging,Paid,253.35
SES-11763,2025-05-09,17:17:43,STN-CBE-01,Coimbatore,Sedan,CCS,30,73,62,24.25,Completed,None,Available,Paid,418.98
SES-11764,2025-05-09,11:28:16,STN-VIJ-01,Vijayawada,SUV,CCS,49,100,89,45.63,Completed,None,Charging,Paid,751.27
SES-11765,2025-05-09,23:44:58,STN-PUN-01,Pune,Sedan,CCS,35,73,60,20.97,Completed,None,Charging,Paid,379.36
SES-11766,2025-05-09,18:09:24,STN-BLR-01,Bengaluru,SUV,CHAdeMO,74,100,51,24.11,Completed,None,Charging,Paid,417.24
SES-11767,2025-05-09,21:46:01,STN-PUN-01,Pune,Hatchback,CCS,49,73,35,10.09,Completed,None,Charging,Paid,159.04
SES-11768,2025-05-09,11:48:05,STN-DEL-01,Delhi,Crossover,Type 2,35,89,68,39.13,Completed,None,Available,Paid,631.29
SES-11769,2025-05-09,17:34:26,STN-DEL-01,Delhi,SUV,CCS,65,100,78,29.35,Completed,None,Charging,Paid,507.34
SES-11770,2025-05-09,14:53:00,STN-CHE-01,Chennai,Sedan,CCS,52,100,119,27.76,Completed,None,Charging,Paid,446.35
SES-11771,2025-05-09,07:38:02,STN-HYD-02,Hyderabad,Hatchback,CCS,49,100,100,20.16,Completed,None,Available,Paid,349.68
SES-11772,2025-05-09,16:40:36,STN-HYD-02,Hyderabad,Hatchback,Type 2,64,100,88,14.83,Completed,None,Available,Paid,241.14
SES-11773,2025-05-10,18:07:37,STN-DEL-01,Delhi,Hatchback,Type 2,65,65,101,0.00,Failed,Charging Interrupted,Offline,Failed,0.00
SES-11774,2025-05-10,21:55:46,STN-PUN-01,Pune,Sedan,Type 2,56,66,12,5.82,Completed,None,Charging,Paid,89.12
SES-11775,2025-05-10,07:09:37,STN-DEL-02,Delhi,SUV,Type 2,56,65,50,3.22,Cancelled,None,Maintenance,Refunded,0.00
SES-11776,2025-05-10,07:40:18,STN-DEL-02,Delhi,Crossover,CCS,80,87,10,5.03,Completed,None,Charging,Paid,80.38
SES-11777,2025-05-10,07:54:30,STN-VIJ-01,Vijayawada,Sedan,Type 2,85,100,74,7.64,Completed,None,Available,Paid,130.15
SES-11778,2025-05-10,12:30:51,STN-MUM-02,Mumbai,Hatchback,CCS,66,100,79,14.45,Completed,None,Charging,Paid,249.79
SES-11779,2025-05-10,19:23:33,STN-VIJ-01,Vijayawada,Sedan,CCS,30,74,84,25.29,Completed,None,Charging,Paid,427.34
SES-11780,2025-05-10,07:47:44,STN-HYD-01,Hyderabad,SUV,Type 2,71,100,59,22.70,Completed,None,Charging,Paid,378.51
SES-11781,2025-05-10,15:37:40,STN-HYD-02,Hyderabad,Hatchback,Type 2,83,100,119,7.16,Completed,None,Available,Paid,116.76
SES-11782,2025-05-10,17:10:04,STN-DEL-01,Delhi,SUV,CCS,53,100,89,39.40,Completed,None,Available,Paid,726.56
SES-11783,2025-05-10,18:51:06,STN-CBE-01,Coimbatore,Hatchback,CHAdeMO,48,100,106,21.51,Completed,None,Charging,Paid,360.31
SES-11784,2025-05-10,21:56:14,STN-VSKP-01,Visakhapatnam,SUV,Type 2,40,95,97,45.52,Completed,None,Available,Paid,744.49
SES-11785,2025-05-10,08:10:59,STN-PUN-01,Pune,Crossover,CCS,57,100,68,30.66,Completed,None,Available,Paid,494.00
SES-11786,2025-05-10,09:21:27,STN-VIJ-01,Vijayawada,SUV,CCS,48,100,105,41.55,Completed,None,Charging,Paid,742.49
SES-11787,2025-05-11,22:08:41,STN-VIJ-01,Vijayawada,Sedan,CHAdeMO,26,88,83,32.79,Completed,None,Charging,Paid,561.29
SES-11788,2025-05-11,06:45:55,STN-BLR-01,Bengaluru,SUV,Type 2,6,68,72,48.27,Completed,None,Available,Paid,810.73
SES-11789,2025-05-11,12:15:32,STN-HYD-01,Hyderabad,Hatchback,CCS,11,40,34,12.62,Completed,None,Available,Paid,219.29
SES-11790,2025-05-11,13:59:09,STN-CBE-01,Coimbatore,Hatchback,Type 2,20,33,19,5.61,Completed,None,Available,Paid,85.52
SES-11791,2025-05-11,16:30:27,STN-VIJ-01,Vijayawada,SUV,Type 2,48,100,86,41.88,Completed,None,Available,Paid,677.01
SES-11792,2025-05-11,14:02:53,STN-DEL-02,Delhi,SUV,CCS,69,74,10,4.58,Completed,None,Charging,Paid,78.69
SES-11793,2025-05-11,20:57:24,STN-BLR-02,Bengaluru,Hatchback,Type 2,77,100,108,9.79,Completed,None,Charging,Paid,147.04
SES-11794,2025-05-11,13:23:13,STN-BLR-02,Bengaluru,Hatchback,CCS,75,92,23,6.44,Completed,None,Charging,Paid,111.64
SES-11795,2025-05-11,20:06:35,STN-VSKP-01,Visakhapatnam,Hatchback,Type 2,73,92,30,7.89,Completed,None,Available,Paid,142.75
SES-11796,2025-05-11,16:26:36,STN-VSKP-01,Visakhapatnam,Hatchback,CHAdeMO,65,100,67,13.07,Completed,None,Charging,Paid,197.88
SES-11797,2025-05-11,04:26:38,STN-PUN-01,Pune,SUV,CHAdeMO,34,69,47,27.19,Completed,None,Available,Paid,436.70
SES-11798,2025-05-11,20:25:00,STN-MUM-01,Mumbai,Sedan,Type 2,46,53,10,4.07,Completed,None,Available,Paid,62.23
SES-11799,2025-05-11,19:28:56,STN-VIJ-01,Vijayawada,Sedan,CHAdeMO,78,100,93,12.96,Completed,None,Available,Paid,234.71
SES-11800,2025-05-12,21:49:45,STN-VIJ-01,Vijayawada,Crossover,Type 2,29,37,14,5.23,Completed,None,Available,Paid,82.61
SES-11801,2025-05-12,20:09:58,STN-VIJ-01,Vijayawada,Sedan,CCS,86,100,113,7.85,Completed,None,Available,Paid,139.51
SES-11802,2025-05-12,16:35:55,STN-VSKP-01,Visakhapatnam,SUV,CHAdeMO,75,100,53,23.36,Completed,None,Available,Paid,382.62
SES-11803,2025-05-12,04:47:20,STN-MUM-01,Mumbai,Crossover,CCS,61,100,105,25.26,Completed,None,Charging,Paid,460.09
SES-11804,2025-05-12,13:10:10,STN-HYD-02,Hyderabad,Sedan,CCS,36,81,74,25.63,Completed,None,Available,Paid,418.92
SES-11805,2025-05-12,08:53:05,STN-BLR-01,Bengaluru,Hatchback,Type 2,54,57,118,0.98,Cancelled,None,Available,Refunded,0.00
SES-11806,2025-05-12,00:55:30,STN-KOL-01,Kolkata,Hatchback,CCS,79,100,114,8.84,Completed,None,Available,Paid,163.14
SES-11807,2025-05-12,06:46:26,STN-MUM-02,Mumbai,Crossover,CCS,14,19,66,1.99,Cancelled,None,Available,Refunded,0.00
SES-11808,2025-05-12,11:13:46,STN-PUN-01,Pune,Sedan,Type 2,26,89,113,33.10,Completed,None,Available,Paid,517.47
SES-11809,2025-05-12,20:57:35,STN-BLR-02,Bengaluru,Sedan,CCS,45,74,54,15.73,Completed,None,Charging,Paid,268.71
SES-11810,2025-05-12,07:06:41,STN-BLR-02,Bengaluru,Crossover,CHAdeMO,51,89,69,26.06,Completed,None,Available,Paid,424.65
SES-11811,2025-05-12,13:49:16,STN-BLR-01,Bengaluru,Sedan,CCS,18,72,75,27.09,Completed,None,Available,Paid,435.27
SES-11812,2025-05-13,09:59:12,STN-HYD-02,Hyderabad,SUV,CHAdeMO,7,59,104,45.22,Completed,None,Available,Paid,827.76
SES-11813,2025-05-13,18:46:32,STN-MUM-01,Mumbai,Hatchback,CCS,82,100,56,7.51,Completed,None,Available,Paid,135.81
SES-11814,2025-05-13,16:25:12,STN-CBE-01,Coimbatore,Sedan,Type 2,57,100,119,24.91,Completed,None,Available,Paid,442.75
SES-11815,2025-05-13,07:32:36,STN-CHE-01,Chennai,Crossover,CCS,20,48,35,20.13,Completed,None,Available,Paid,324.37
SES-11816,2025-05-13,08:29:56,STN-HYD-02,Hyderabad,Hatchback,Type 2,65,78,18,5.17,Completed,None,Available,Paid,78.33
SES-11817,2025-05-13,16:07:48,STN-CBE-01,Coimbatore,Sedan,CCS,32,65,60,19.71,Completed,None,Available,Paid,297.86
SES-11818,2025-05-13,21:00:11,STN-HYD-02,Hyderabad,Sedan,CCS,39,97,103,33.76,Completed,None,Available,Paid,535.38
SES-11819,2025-05-13,18:05:24,STN-DEL-02,Delhi,Sedan,CCS,6,8,119,0.80,Failed,Connector Error,Maintenance,Failed,0.00
SES-11820,2025-05-13,05:00:31,STN-MUM-02,Mumbai,Sedan,Type 2,65,73,17,4.32,Completed,None,Available,Paid,65.84
SES-11821,2025-05-13,16:02:48,STN-MUM-02,Mumbai,Hatchback,CHAdeMO,60,72,14,5.16,Completed,None,Available,Paid,87.88
SES-11822,2025-05-13,17:42:28,STN-BLR-02,Bengaluru,Sedan,CCS,59,93,48,18.59,Completed,None,Available,Paid,299.37
SES-11823,2025-05-13,22:08:55,STN-VSKP-01,Visakhapatnam,SUV,Type 2,22,75,77,48.72,Completed,None,Charging,Paid,891.81
SES-11824,2025-05-13,17:45:35,STN-MUM-02,Mumbai,Crossover,Type 2,75,78,49,1.20,Failed,Station Offline,Maintenance,Paid,19.51
SES-11825,2025-05-13,11:48:11,STN-BLR-02,Bengaluru,SUV,CCS,53,93,45,34.44,Completed,None,Available,Paid,586.36
SES-11826,2025-05-13,06:49:02,STN-HYD-02,Hyderabad,Sedan,CCS,46,50,30,1.60,Failed,Network Error,Maintenance,Failed,0.00
SES-11827,2025-05-13,18:49:03,STN-BLR-01,Bengaluru,Crossover,CCS,11,12,106,0.50,Cancelled,None,Maintenance,Refunded,0.00
SES-11828,2025-05-14,12:36:45,STN-CHE-01,Chennai,Sedan,CCS,8,12,35,1.60,Failed,Network Error,Maintenance,Failed,0.00
SES-11829,2025-05-14,13:32:15,STN-BLR-01,Bengaluru,Crossover,CCS,47,100,113,36.01,Completed,None,Available,Paid,582.81
SES-11830,2025-05-14,08:19:37,STN-HYD-02,Hyderabad,Hatchback,CCS,84,100,112,6.56,Completed,None,Charging,Paid,100.90
SES-11831,2025-05-14,17:53:15,STN-VSKP-01,Visakhapatnam,Hatchback,CCS,63,100,84,13.60,Completed,None,Available,Paid,225.54
SES-11832,2025-05-14,17:00:23,STN-DEL-01,Delhi,Hatchback,Type 2,53,100,94,17.40,Completed,None,Charging,Paid,289.02
SES-11833,2025-05-14,21:21:11,STN-VSKP-01,Visakhapatnam,SUV,Type 2,64,100,95,29.73,Completed,None,Charging,Paid,540.10
SES-11834,2025-05-14,16:24:27,STN-VIJ-01,Vijayawada,Hatchback,Type 2,10,52,65,16.87,Completed,None,Charging,Paid,303.10
SES-11835,2025-05-14,18:29:50,STN-PUN-01,Pune,Hatchback,Type 2,24,58,66,13.96,Completed,None,Charging,Paid,251.14
SES-11836,2025-05-14,08:09:57,STN-MUM-01,Mumbai,SUV,CCS,35,73,68,33.91,Completed,None,Available,Paid,567.27
SES-11837,2025-05-14,08:11:45,STN-PUN-01,Pune,SUV,CCS,87,100,110,10.30,Completed,None,Charging,Paid,156.25
SES-11838,2025-05-14,16:31:40,STN-CHE-01,Chennai,Hatchback,CCS,26,35,16,3.94,Completed,None,Charging,Paid,63.36
SES-11839,2025-05-14,08:34:52,STN-MUM-02,Mumbai,SUV,Type 2,89,100,51,8.93,Completed,None,Available,Paid,154.19
SES-11840,2025-05-14,06:20:09,STN-PUN-01,Pune,Hatchback,CHAdeMO,86,99,22,5.24,Completed,None,Charging,Paid,95.87
SES-11841,2025-05-14,19:03:26,STN-MUM-02,Mumbai,SUV,CCS,36,98,93,56.33,Completed,None,Available,Paid,870.61
SES-11842,2025-05-15,08:24:30,STN-CBE-01,Coimbatore,SUV,CCS,51,100,88,45.45,Completed,None,Charging,Paid,783.41
SES-11843,2025-05-15,07:19:35,STN-HYD-02,Hyderabad,Sedan,Type 2,38,100,111,31.39,Completed,None,Available,Paid,550.81
SES-11844,2025-05-15,19:54:16,STN-CHE-01,Chennai,Sedan,Type 2,31,64,43,18.41,Completed,None,Charging,Paid,289.65
SES-11845,2025-05-15,15:29:34,STN-VSKP-01,Visakhapatnam,SUV,CCS,48,100,109,42.09,Completed,None,Available,Paid,674.74
SES-11846,2025-05-15,13:21:52,STN-CBE-01,Coimbatore,SUV,CCS,34,78,62,40.13,Completed,None,Charging,Paid,644.44
SES-11847,2025-05-15,18:50:26,STN-DEL-02,Delhi,SUV,Type 2,37,40,55,1.20,Failed,Connector Error,Maintenance,Paid,21.32
SES-11848,2025-05-15,10:48:34,STN-MUM-01,Mumbai,Hatchback,CCS,31,67,66,14.14,Completed,None,Available,Paid,256.27
SES-11849,2025-05-16,15:15:20,STN-CBE-01,Coimbatore,Hatchback,Type 2,60,60,70,0.00,Failed,Connector Error,Offline,Failed,0.00
SES-11850,2025-05-16,07:35:18,STN-CBE-01,Coimbatore,Hatchback,Type 2,27,99,98,30.08,Completed,None,Available,Paid,545.35
SES-11851,2025-05-16,23:44:25,STN-VIJ-01,Vijayawada,Sedan,CHAdeMO,47,96,65,27.57,Completed,None,Available,Paid,417.48
SES-11852,2025-05-16,08:57:55,STN-KOL-01,Kolkata,SUV,CCS,87,100,38,11.89,Completed,None,Charging,Paid,181.01
SES-11853,2025-05-16,09:43:35,STN-MUM-01,Mumbai,Sedan,CCS,58,100,120,21.88,Completed,None,Charging,Paid,347.87
SES-11854,2025-05-16,11:01:16,STN-VSKP-01,Visakhapatnam,SUV,CCS,72,100,101,22.07,Completed,None,Available,Paid,383.20
SES-11855,2025-05-16,18:20:08,STN-DEL-01,Delhi,Sedan,Type 2,57,74,23,8.80,Completed,None,Available,Paid,147.78
SES-11856,2025-05-16,16:15:15,STN-DEL-02,Delhi,SUV,Type 2,87,100,77,10.97,Completed,None,Charging,Paid,201.60
SES-11857,2025-05-16,18:41:43,STN-CBE-01,Coimbatore,SUV,CHAdeMO,44,100,111,45.44,Completed,None,Available,Paid,703.17
SES-11858,2025-05-16,09:41:12,STN-CBE-01,Coimbatore,Sedan,CCS,64,100,80,18.67,Completed,None,Available,Paid,299.70
SES-11859,2025-05-16,07:38:23,STN-BLR-02,Bengaluru,SUV,Type 2,90,100,22,8.82,Completed,None,Available,Paid,137.60
SES-11860,2025-05-16,15:51:12,STN-MUM-01,Mumbai,Crossover,CCS,13,31,26,13.46,Completed,None,Available,Paid,227.45
SES-11861,2025-05-16,16:08:18,STN-VSKP-01,Visakhapatnam,Sedan,CCS,14,42,38,16.56,Completed,None,Charging,Paid,251.72
SES-11862,2025-05-16,13:39:21,STN-HYD-01,Hyderabad,Hatchback,CCS,14,83,90,30.10,Completed,None,Charging,Paid,470.10
SES-11863,2025-05-16,23:22:01,STN-CBE-01,Coimbatore,SUV,CCS,34,100,109,55.78,Completed,None,Available,Paid,955.59
SES-11864,2025-05-17,18:10:30,STN-BLR-02,Bengaluru,Sedan,Type 2,14,91,92,45.43,Completed,None,Available,Paid,781.12
SES-11865,2025-05-17,06:15:10,STN-MUM-01,Mumbai,Sedan,CCS,62,100,99,19.28,Completed,None,Available,Paid,350.80
SES-11866,2025-05-17,09:06:30,STN-HYD-02,Hyderabad,Sedan,CCS,40,100,118,32.77,Completed,None,Available,Paid,501.33
SES-11867,2025-05-17,02:45:46,STN-CHE-01,Chennai,Hatchback,CCS,86,100,82,5.69,Completed,None,Charging,Paid,98.66
SES-11868,2025-05-17,16:52:42,STN-CHE-01,Chennai,Sedan,CCS,48,56,11,4.23,Completed,None,Available,Paid,69.27
SES-11869,2025-05-17,19:16:58,STN-HYD-01,Hyderabad,Sedan,CCS,61,100,71,19.64,Completed,None,Available,Paid,331.53
SES-11870,2025-05-17,01:42:48,STN-VIJ-01,Vijayawada,Sedan,Type 2,47,72,29,13.91,Completed,None,Charging,Paid,236.40
SES-11871,2025-05-17,09:16:30,STN-HYD-02,Hyderabad,SUV,CHAdeMO,87,100,96,11.90,Completed,None,Available,Paid,188.62
SES-11872,2025-05-17,07:53:53,STN-HYD-01,Hyderabad,Hatchback,CCS,27,100,91,26.68,Completed,None,Charging,Paid,459.98
SES-11873,2025-05-17,15:42:35,STN-MUM-02,Mumbai,SUV,Type 2,8,58,65,44.25,Completed,None,Available,Paid,738.61
SES-11874,2025-05-17,15:02:57,STN-BLR-01,Bengaluru,SUV,CCS,16,86,99,60.91,Completed,None,Available,Paid,945.54
SES-11875,2025-05-17,10:56:16,STN-MUM-01,Mumbai,SUV,CCS,53,56,61,1.20,Failed,Connector Error,Maintenance,Paid,18.90
SES-11876,2025-05-17,06:03:54,STN-HYD-02,Hyderabad,Sedan,Type 2,28,46,34,9.34,Completed,None,Available,Paid,145.05
SES-11877,2025-05-17,10:00:20,STN-BLR-01,Bengaluru,SUV,CCS,17,76,71,54.04,Completed,None,Available,Paid,980.63
SES-11878,2025-05-17,09:51:17,STN-BLR-01,Bengaluru,SUV,CCS,72,87,26,13.40,Completed,None,Charging,Paid,231.92
SES-11879,2025-05-18,20:02:48,STN-CHE-01,Chennai,SUV,CCS,76,100,48,19.30,Completed,None,Available,Paid,312.04
SES-11880,2025-05-18,06:09:39,STN-CBE-01,Coimbatore,Hatchback,CCS,38,51,19,5.17,Completed,None,Available,Paid,79.48
SES-11881,2025-05-18,13:03:57,STN-CHE-01,Chennai,Hatchback,CCS,13,73,68,24.74,Completed,None,Available,Paid,378.33
SES-11882,2025-05-18,17:51:50,STN-DEL-02,Delhi,Sedan,CCS,14,38,34,13.19,Completed,None,Available,Paid,201.83
SES-11883,2025-05-18,16:14:16,STN-MUM-02,Mumbai,Sedan,CCS,69,100,119,18.61,Completed,None,Available,Paid,342.59
SES-11884,2025-05-18,18:09:46,STN-VSKP-01,Visakhapatnam,SUV,Type 2,76,100,37,20.56,Completed,None,Available,Paid,349.65
SES-11885,2025-05-18,20:22:17,STN-VIJ-01,Vijayawada,Hatchback,CCS,78,100,99,8.85,Completed,None,Available,Paid,141.81
SES-11886,2025-05-18,08:52:57,STN-HYD-02,Hyderabad,Sedan,CCS,58,58,85,0.00,Failed,Connector Error,Offline,Paid,0.00
SES-11887,2025-05-18,08:43:00,STN-CBE-01,Coimbatore,Crossover,CCS,47,89,70,31.15,Completed,None,Available,Paid,473.70
SES-11888,2025-05-18,20:36:18,STN-DEL-01,Delhi,SUV,Type 2,63,66,67,1.20,Failed,Station Offline,Maintenance,Failed,0.00
SES-11889,2025-05-18,08:32:35,STN-HYD-02,Hyderabad,Sedan,CCS,63,100,53,21.76,Completed,None,Available,Paid,339.28
SES-11890,2025-05-18,07:57:25,STN-MUM-02,Mumbai,Hatchback,Type 2,71,100,92,10.81,Completed,None,Charging,Paid,182.45
SES-11891,2025-05-18,06:13:49,STN-CHE-01,Chennai,Sedan,CCS,65,85,32,10.63,Completed,None,Available,Paid,183.72
SES-11892,2025-05-18,17:21:47,STN-CHE-01,Chennai,SUV,CHAdeMO,42,90,87,38.79,Completed,None,Available,Paid,683.36
SES-11893,2025-05-18,18:20:40,STN-MUM-01,Mumbai,SUV,CCS,12,26,26,10.88,Completed,None,Charging,Paid,167.92
SES-11894,2025-05-19,08:20:36,STN-PUN-01,Pune,Sedan,CCS,69,100,88,16.60,Completed,None,Available,Paid,272.14
SES-11895,2025-05-19,07:20:25,STN-CHE-01,Chennai,Hatchback,CCS,9,90,94,34.08,Completed,None,Available,Paid,529.61
SES-11896,2025-05-19,13:34:37,STN-HYD-01,Hyderabad,Hatchback,Type 2,47,81,47,14.86,Completed,None,Charging,Paid,252.22
SES-11897,2025-05-19,17:40:28,STN-MUM-01,Mumbai,Sedan,Type 2,64,83,39,11.16,Completed,None,Charging,Paid,189.28
SES-11898,2025-05-19,23:59:02,STN-CBE-01,Coimbatore,SUV,CCS,30,50,28,17.27,Completed,None,Available,Paid,286.58
SES-11899,2025-05-19,12:53:18,STN-VIJ-01,Vijayawada,Sedan,CCS,15,46,41,16.48,Completed,None,Charging,Paid,300.64
SES-11900,2025-05-19,23:21:13,STN-CBE-01,Coimbatore,Hatchback,Type 2,38,100,102,23.35,Completed,None,Available,Paid,430.94
SES-11901,2025-05-19,17:58:13,STN-BLR-02,Bengaluru,Sedan,CHAdeMO,6,70,95,33.31,Completed,None,Charging,Paid,544.82
SES-11902,2025-05-19,20:32:12,STN-VIJ-01,Vijayawada,SUV,CHAdeMO,25,42,29,13.54,Completed,None,Available,Paid,232.82
SES-11903,2025-05-19,20:11:54,STN-VIJ-01,Vijayawada,Sedan,Type 2,30,88,111,31.00,Completed,None,Available,Paid,471.53
SES-11904,2025-05-19,19:38:32,STN-PUN-01,Pune,Sedan,CCS,80,100,111,11.59,Completed,None,Charging,Paid,212.95
SES-11905,2025-05-19,09:04:05,STN-PUN-01,Pune,Hatchback,CCS,77,100,73,9.56,Completed,None,Charging,Paid,170.41
SES-11906,2025-05-19,09:30:24,STN-HYD-01,Hyderabad,Hatchback,Type 2,9,43,45,12.68,Completed,None,Charging,Paid,222.63
SES-11907,2025-05-20,16:32:12,STN-VIJ-01,Vijayawada,SUV,Type 2,13,74,74,51.23,Completed,None,Charging,Paid,944.34
SES-11908,2025-05-20,19:23:09,STN-PUN-01,Pune,Hatchback,CHAdeMO,54,55,92,0.40,Failed,Charging Interrupted,Offline,Failed,0.00
SES-11909,2025-05-20,16:12:02,STN-DEL-01,Delhi,SUV,Type 2,14,46,52,28.43,Completed,None,Available,Paid,455.25
SES-11910,2025-05-20,06:51:33,STN-CHE-01,Chennai,Sedan,Type 2,62,64,35,0.80,Failed,Station Offline,Maintenance,Failed,0.00
SES-11911,2025-05-20,18:18:22,STN-CHE-01,Chennai,Sedan,Type 2,14,27,16,7.82,Completed,None,Charging,Paid,140.55
SES-11912,2025-05-20,18:12:32,STN-MUM-01,Mumbai,SUV,Type 2,82,100,43,14.78,Completed,None,Available,Paid,231.18
SES-11913,2025-05-20,20:55:04,STN-MUM-02,Mumbai,Hatchback,Type 2,40,74,45,12.60,Completed,None,Available,Paid,190.56
SES-11914,2025-05-20,22:59:06,STN-HYD-01,Hyderabad,Crossover,CCS,78,87,15,5.95,Completed,None,Charging,Paid,92.23
SES-11915,2025-05-20,06:21:44,STN-CHE-01,Chennai,Sedan,Type 2,60,96,46,20.09,Completed,None,Available,Paid,312.42
SES-11916,2025-05-21,10:29:59,STN-BLR-01,Bengaluru,SUV,CHAdeMO,66,100,71,26.15,Completed,None,Charging,Paid,424.33
SES-11917,2025-05-21,20:55:52,STN-KOL-01,Kolkata,Sedan,CCS,41,98,95,33.71,Completed,None,Charging,Paid,558.73
SES-11918,2025-05-21,06:04:48,STN-DEL-02,Delhi,Hatchback,Type 2,45,98,82,21.05,Completed,None,Available,Paid,346.01
SES-11919,2025-05-21,08:07:14,STN-CHE-01,Chennai,Hatchback,CCS,52,100,116,17.42,Completed,None,Available,Paid,276.64
SES-11920,2025-05-21,16:33:04,STN-HYD-02,Hyderabad,Sedan,Type 2,26,28,69,0.80,Failed,Station Offline,Maintenance,Failed,0.00
SES-11921,2025-05-21,07:04:37,STN-BLR-01,Bengaluru,Hatchback,Type 2,84,100,102,7.01,Completed,None,Available,Paid,129.06
SES-11922,2025-05-21,16:25:00,STN-MUM-02,Mumbai,Hatchback,CHAdeMO,65,100,73,14.03,Completed,None,Available,Paid,234.36
SES-11923,2025-05-21,12:53:25,STN-BLR-01,Bengaluru,Sedan,Type 2,79,100,59,12.04,Completed,None,Charging,Paid,202.98
SES-11924,2025-05-21,16:07:19,STN-VSKP-01,Visakhapatnam,SUV,CCS,52,95,61,35.30,Completed,None,Available,Paid,605.49
SES-11925,2025-05-21,08:44:54,STN-PUN-01,Pune,SUV,CCS,68,73,26,1.67,Cancelled,None,Maintenance,Refunded,0.00
SES-11926,2025-05-21,22:25:22,STN-CBE-01,Coimbatore,Sedan,Type 2,88,100,69,6.17,Completed,None,Charging,Paid,105.66
SES-11927,2025-05-21,14:30:51,STN-DEL-02,Delhi,SUV,CCS,41,100,86,46.22,Completed,None,Available,Paid,840.15
SES-11928,2025-05-21,16:00:41,STN-VIJ-01,Vijayawada,Sedan,Type 2,45,100,90,32.97,Completed,None,Available,Paid,533.35
SES-11929,2025-05-21,19:59:50,STN-BLR-02,Bengaluru,SUV,CCS,9,54,63,38.70,Completed,None,Available,Paid,669.09
SES-11930,2025-05-21,18:41:50,STN-DEL-02,Delhi,Hatchback,Type 2,81,95,19,6.01,Completed,None,Available,Paid,94.19
SES-11931,2025-05-21,22:49:13,STN-VSKP-01,Visakhapatnam,SUV,CCS,56,75,34,14.83,Completed,None,Available,Paid,262.33
SES-11932,2025-05-21,19:33:32,STN-VIJ-01,Vijayawada,Sedan,CHAdeMO,21,37,27,8.15,Completed,None,Charging,Paid,136.61
SES-11933,2025-05-21,09:08:12,STN-CHE-01,Chennai,Sedan,Type 2,66,100,73,19.64,Completed,None,Available,Paid,313.56
SES-11934,2025-05-22,12:47:20,STN-VSKP-01,Visakhapatnam,SUV,CCS,56,100,117,34.05,Completed,None,Available,Paid,544.71
SES-11935,2025-05-22,07:46:21,STN-MUM-01,Mumbai,Sedan,Type 2,24,90,88,34.17,Completed,None,Available,Paid,623.56
SES-11936,2025-05-22,15:31:20,STN-DEL-01,Delhi,SUV,CHAdeMO,20,79,68,53.46,Completed,None,Available,Paid,824.71
SES-11937,2025-05-22,19:19:07,STN-CBE-01,Coimbatore,Sedan,Type 2,11,34,36,12.46,Completed,None,Available,Paid,227.74
SES-11938,2025-05-22,12:08:24,STN-MUM-02,Mumbai,Hatchback,CCS,70,100,67,12.26,Completed,None,Charging,Paid,223.29
SES-11939,2025-05-22,08:01:18,STN-MUM-01,Mumbai,Hatchback,CHAdeMO,16,51,70,13.62,Completed,None,Charging,Paid,228.13
SES-11940,2025-05-22,16:41:40,STN-CHE-01,Chennai,Hatchback,CCS,47,100,92,19.19,Completed,None,Available,Paid,343.93
SES-11941,2025-05-22,07:05:16,STN-MUM-01,Mumbai,Sedan,CCS,44,44,88,0.00,Failed,Charging Interrupted,Offline,Failed,0.00
SES-11942,2025-05-22,19:37:03,STN-CBE-01,Coimbatore,Hatchback,Type 2,5,73,118,26.29,Completed,None,Charging,Paid,472.62
SES-11943,2025-05-22,19:02:22,STN-KOL-01,Kolkata,Sedan,CCS,62,100,80,20.42,Completed,None,Available,Paid,342.93
SES-11944,2025-05-22,21:25:55,STN-HYD-02,Hyderabad,Hatchback,CCS,7,48,52,17.96,Completed,None,Available,Paid,274.63
SES-11945,2025-05-23,17:07:16,STN-BLR-01,Bengaluru,Sedan,Type 2,12,91,113,46.41,Completed,None,Available,Paid,800.91
SES-11946,2025-05-23,17:44:56,STN-VIJ-01,Vijayawada,Hatchback,Type 2,79,100,89,8.51,Completed,None,Charging,Paid,152.99
SES-11947,2025-05-23,08:44:03,STN-DEL-01,Delhi,SUV,CCS,65,100,97,30.04,Completed,None,Available,Paid,510.36
SES-11948,2025-05-23,15:25:31,STN-KOL-01,Kolkata,Hatchback,Type 2,89,100,96,4.25,Completed,None,Charging,Paid,76.46
SES-11949,2025-05-23,18:34:36,STN-CHE-01,Chennai,Hatchback,Type 2,9,23,20,5.56,Completed,None,Available,Paid,87.24
SES-11950,2025-05-23,07:32:30,STN-PUN-01,Pune,SUV,Type 2,30,32,97,0.80,Failed,Payment Failure,Offline,Failed,0.00
SES-11951,2025-05-23,15:11:10,STN-MUM-02,Mumbai,Crossover,Type 2,89,96,14,5.11,Completed,None,Charging,Paid,86.14
SES-11952,2025-05-23,21:31:56,STN-PUN-01,Pune,Sedan,CCS,77,100,67,12.47,Completed,None,Charging,Paid,224.35
SES-11953,2025-05-23,19:21:33,STN-BLR-01,Bengaluru,Crossover,Type 2,21,64,48,32.47,Completed,None,Available,Paid,532.41
SES-11954,2025-05-23,10:19:55,STN-DEL-01,Delhi,Hatchback,Type 2,70,100,57,12.66,Completed,None,Available,Paid,228.91
SES-11955,2025-05-23,07:09:15,STN-BLR-01,Bengaluru,Crossover,Type 2,55,100,103,28.63,Completed,None,Available,Paid,491.66
SES-11956,2025-05-23,00:03:26,STN-HYD-01,Hyderabad,Sedan,CCS,51,100,89,27.97,Completed,None,Available,Paid,438.64
SES-11957,2025-05-23,21:42:15,STN-PUN-01,Pune,Sedan,CCS,44,45,29,0.50,Cancelled,None,Available,Refunded,0.00
SES-11958,2025-05-23,17:32:47,STN-VIJ-01,Vijayawada,Hatchback,CCS,31,32,102,0.50,Cancelled,None,Maintenance,Refunded,0.00
SES-11959,2025-05-23,11:21:08,STN-KOL-01,Kolkata,Crossover,Type 2,44,92,90,36.95,Completed,None,Available,Paid,620.93
SES-11960,2025-05-23,18:26:16,STN-BLR-01,Bengaluru,Sedan,CCS,5,24,28,10.04,Completed,None,Charging,Paid,184.63
SES-11961,2025-05-23,14:44:07,STN-CBE-01,Coimbatore,Sedan,CCS,50,86,69,20.45,Completed,None,Available,Paid,377.32
SES-11962,2025-05-24,08:58:32,STN-BLR-01,Bengaluru,Sedan,Type 2,15,34,35,10.87,Completed,None,Charging,Paid,180.97
SES-11963,2025-05-24,06:05:40,STN-MUM-01,Mumbai,Hatchback,Type 2,43,97,88,20.90,Completed,None,Available,Paid,375.72
SES-11964,2025-05-24,19:58:15,STN-CHE-01,Chennai,Hatchback,CCS,22,44,34,9.24,Completed,None,Available,Paid,167.00
SES-11965,2025-05-24,20:17:00,STN-KOL-01,Kolkata,Sedan,CHAdeMO,51,63,24,7.12,Completed,None,Available,Paid,123.05
SES-11966,2025-05-24,23:07:02,STN-MUM-01,Mumbai,Sedan,CCS,78,82,93,1.60,Failed,Charging Interrupted,Offline,Failed,0.00
SES-11967,2025-05-24,08:57:04,STN-HYD-01,Hyderabad,SUV,CCS,25,92,103,61.10,Completed,None,Charging,Paid,968.34
SES-11968,2025-05-24,09:18:17,STN-DEL-02,Delhi,Sedan,Type 2,32,53,30,12.34,Completed,None,Available,Paid,218.24
SES-11969,2025-05-24,19:30:32,STN-VIJ-01,Vijayawada,Hatchback,CCS,5,40,56,13.08,Completed,None,Charging,Paid,206.53
SES-11970,2025-05-24,21:56:38,STN-DEL-02,Delhi,SUV,CHAdeMO,18,45,44,21.96,Completed,None,Available,Paid,356.64
SES-11971,2025-05-24,08:15:46,STN-MUM-01,Mumbai,Hatchback,CCS,24,62,53,14.16,Completed,None,Charging,Paid,227.84
SES-11972,2025-05-24,10:06:13,STN-BLR-02,Bengaluru,Hatchback,CCS,77,77,15,0.00,Failed,Network Error,Maintenance,Failed,0.00
SES-11973,2025-05-24,09:47:24,STN-PUN-01,Pune,SUV,Type 2,49,100,110,47.34,Completed,None,Charging,Paid,766.34
SES-11974,2025-05-24,19:21:58,STN-VIJ-01,Vijayawada,Sedan,Type 2,65,100,84,18.32,Completed,None,Available,Paid,328.80
SES-11975,2025-05-24,03:28:15,STN-MUM-01,Mumbai,Hatchback,CHAdeMO,31,36,32,1.61,Cancelled,None,Available,Refunded,0.00
SES-11976,2025-05-24,04:36:26,STN-VSKP-01,Visakhapatnam,Sedan,CCS,60,100,117,22.57,Completed,None,Available,Paid,351.75
SES-11977,2025-05-25,13:07:55,STN-VSKP-01,Visakhapatnam,Hatchback,CCS,56,60,48,1.60,Failed,Station Offline,Offline,Failed,0.00
SES-11978,2025-05-25,16:40:02,STN-HYD-02,Hyderabad,Sedan,CCS,72,100,82,15.25,Completed,None,Available,Paid,274.53
SES-11979,2025-05-25,18:56:21,STN-HYD-02,Hyderabad,Hatchback,Type 2,41,65,27,8.79,Completed,None,Available,Paid,134.45
SES-11980,2025-05-25,17:43:08,STN-CBE-01,Coimbatore,Sedan,Type 2,86,100,119,7.98,Completed,None,Available,Paid,122.58
SES-11981,2025-05-25,13:49:28,STN-KOL-01,Kolkata,Sedan,CHAdeMO,35,100,109,38.10,Completed,None,Charging,Paid,587.16
SES-11982,2025-05-25,18:35:44,STN-MUM-02,Mumbai,SUV,Type 2,53,88,49,29.77,Completed,None,Available,Paid,523.62
SES-11983,2025-05-25,17:33:45,STN-CBE-01,Coimbatore,Crossover,CHAdeMO,57,84,45,17.37,Completed,None,Available,Paid,299.78
SES-11984,2025-05-25,23:13:02,STN-HYD-01,Hyderabad,Crossover,CHAdeMO,43,44,37,0.50,Cancelled,None,Maintenance,Refunded,0.00
SES-11985,2025-05-25,04:29:49,STN-KOL-01,Kolkata,Sedan,CCS,14,55,73,24.58,Completed,None,Available,Paid,398.72
SES-11986,2025-05-25,17:22:26,STN-HYD-01,Hyderabad,Sedan,CCS,13,63,92,28.01,Completed,None,Available,Paid,510.67
SES-11987,2025-05-25,02:24:12,STN-MUM-01,Mumbai,SUV,CCS,17,19,103,0.80,Failed,Network Error,Maintenance,Failed,0.00
SES-11988,2025-05-25,10:33:54,STN-DEL-01,Delhi,Sedan,CCS,22,61,67,22.71,Completed,None,Available,Paid,378.64
SES-11989,2025-05-25,08:21:16,STN-BLR-01,Bengaluru,Hatchback,CCS,16,23,47,2.46,Cancelled,None,Available,Refunded,0.00
SES-11990,2025-05-25,15:35:48,STN-CHE-01,Chennai,SUV,CCS,76,100,88,19.03,Completed,None,Charging,Paid,322.72
SES-11991,2025-05-26,09:01:31,STN-BLR-01,Bengaluru,Hatchback,CCS,9,10,53,0.50,Cancelled,None,Available,Refunded,0.00
SES-11992,2025-05-26,06:52:58,STN-BLR-01,Bengaluru,Hatchback,CCS,11,82,85,28.55,Completed,None,Charging,Paid,433.39
SES-11993,2025-05-26,06:12:07,STN-HYD-01,Hyderabad,SUV,CCS,19,26,11,5.89,Completed,None,Available,Paid,103.64
SES-11994,2025-05-26,18:16:11,STN-HYD-01,Hyderabad,Hatchback,CCS,71,100,82,10.73,Completed,None,Available,Paid,185.81
SES-11995,2025-05-26,18:12:30,STN-HYD-02,Hyderabad,Sedan,CCS,22,46,44,12.72,Completed,None,Available,Paid,213.21
SES-11996,2025-05-26,14:58:06,STN-HYD-01,Hyderabad,Sedan,CCS,42,48,10,3.25,Completed,None,Charging,Paid,49.09
SES-11997,2025-05-26,18:04:04,STN-MUM-01,Mumbai,Hatchback,CCS,30,32,55,0.80,Failed,Network Error,Maintenance,Failed,0.00
SES-11998,2025-05-26,15:08:05,STN-VIJ-01,Vijayawada,Sedan,Type 2,42,98,69,31.81,Completed,None,Available,Paid,527.00
SES-11999,2025-05-26,09:15:20,STN-HYD-02,Hyderabad,Sedan,CCS,63,100,72,19.10,Completed,None,Available,Paid,304.79
SES-12000,2025-05-26,18:15:36,STN-PUN-01,Pune,Crossover,Type 2,56,100,104,33.30,Completed,None,Available,Paid,605.26
SES-12001,2025-05-26,10:12:31,STN-BLR-01,Bengaluru,SUV,Type 2,37,100,101,49.59,Completed,None,Charging,Paid,778.60
SES-12002,2025-05-26,16:45:07,STN-PUN-01,Pune,SUV,CCS,25,28,54,1.13,Cancelled,None,Available,Refunded,0.00
SES-12003,2025-05-26,15:55:35,STN-KOL-01,Kolkata,Hatchback,CCS,21,72,66,21.88,Completed,None,Charging,Paid,379.52
SES-12004,2025-05-26,16:30:32,STN-BLR-01,Bengaluru,Sedan,CCS,66,100,46,20.06,Completed,None,Charging,Paid,329.89
SES-12005,2025-05-26,22:12:00,STN-KOL-01,Kolkata,Crossover,CCS,63,63,16,0.00,Failed,Payment Failure,Maintenance,Failed,0.00
SES-12006,2025-05-27,05:02:02,STN-BLR-01,Bengaluru,Sedan,Type 2,6,88,119,40.95,Completed,None,Charging,Paid,636.03
SES-12007,2025-05-27,15:34:14,STN-MUM-02,Mumbai,SUV,CHAdeMO,68,82,25,11.53,Completed,None,Available,Paid,186.96
SES-12008,2025-05-27,14:28:29,STN-BLR-01,Bengaluru,Hatchback,CHAdeMO,29,79,59,19.15,Completed,None,Available,Paid,296.13
SES-12009,2025-05-27,18:10:42,STN-DEL-01,Delhi,SUV,Type 2,45,49,23,1.60,Failed,Station Offline,Maintenance,Paid,29.30
SES-12010,2025-05-27,09:37:39,STN-CBE-01,Coimbatore,Hatchback,CCS,23,82,106,23.53,Completed,None,Charging,Paid,393.04
SES-12011,2025-05-27,19:09:27,STN-PUN-01,Pune,Crossover,CCS,42,53,15,8.37,Completed,None,Available,Paid,130.04
SES-12012,2025-05-27,20:18:02,STN-VSKP-01,Visakhapatnam,Hatchback,Type 2,29,66,70,14.21,Completed,None,Available,Paid,240.44
SES-12013,2025-05-27,17:14:32,STN-BLR-01,Bengaluru,Sedan,Type 2,43,62,30,11.37,Completed,None,Available,Paid,186.01
SES-12014,2025-05-27,18:50:44,STN-BLR-02,Bengaluru,SUV,CCS,8,21,19,11.57,Completed,None,Charging,Paid,194.42
SES-12015,2025-05-27,18:35:32,STN-BLR-02,Bengaluru,Crossover,CHAdeMO,7,13,41,2.39,Cancelled,None,Available,Refunded,0.00
SES-12016,2025-05-27,09:32:04,STN-BLR-02,Bengaluru,SUV,CCS,38,49,15,10.00,Completed,None,Available,Paid,150.32
SES-12017,2025-05-27,18:26:22,STN-MUM-01,Mumbai,Hatchback,CCS,14,19,11,2.00,Completed,None,Charging,Paid,32.70
SES-12018,2025-05-27,10:03:38,STN-HYD-02,Hyderabad,SUV,CHAdeMO,31,70,48,31.83,Completed,None,Available,Paid,520.72
SES-12019,2025-05-27,03:46:53,STN-PUN-01,Pune,Sedan,CHAdeMO,5,50,58,25.79,Completed,None,Available,Paid,449.57
SES-12020,2025-05-27,18:18:30,STN-BLR-01,Bengaluru,Sedan,Type 2,48,75,36,15.46,Completed,None,Available,Paid,241.93
SES-12021,2025-05-27,19:52:12,STN-DEL-02,Delhi,Crossover,CCS,88,100,65,8.97,Completed,None,Available,Paid,148.88
SES-12022,2025-05-27,10:59:45,STN-CBE-01,Coimbatore,SUV,CCS,56,72,23,14.00,Completed,None,Charging,Paid,218.98
SES-12023,2025-05-27,13:47:30,STN-HYD-02,Hyderabad,Sedan,CCS,29,50,32,11.52,Completed,None,Available,Paid,205.13
SES-12024,2025-05-27,22:26:05,STN-DEL-02,Delhi,Hatchback,Type 2,78,82,112,1.53,Cancelled,None,Available,Refunded,0.00
SES-12025,2025-05-27,21:44:12,STN-KOL-01,Kolkata,SUV,CCS,69,100,94,28.23,Completed,None,Charging,Paid,487.19
SES-12026,2025-05-27,05:59:18,STN-CHE-01,Chennai,Hatchback,Type 2,84,100,114,6.15,Completed,None,Charging,Paid,109.54
SES-12027,2025-05-27,07:31:21,STN-DEL-01,Delhi,Sedan,CCS,15,60,60,22.43,Completed,None,Available,Paid,393.22
SES-12028,2025-05-27,16:01:39,STN-CHE-01,Chennai,Crossover,CCS,72,100,103,18.61,Completed,None,Available,Paid,284.18
SES-12029,2025-05-28,05:54:10,STN-VSKP-01,Visakhapatnam,SUV,Type 2,81,99,34,16.33,Completed,None,Charging,Paid,268.76
SES-12030,2025-05-28,18:50:42,STN-KOL-01,Kolkata,Hatchback,CHAdeMO,89,91,62,0.80,Failed,Payment Failure,Maintenance,Failed,0.00
SES-12031,2025-05-28,19:21:03,STN-HYD-01,Hyderabad,Sedan,CCS,19,75,97,32.61,Completed,None,Charging,Paid,506.09
SES-12032,2025-05-28,22:08:25,STN-KOL-01,Kolkata,Sedan,Type 2,61,78,20,8.97,Completed,None,Charging,Paid,162.96
SES-12033,2025-05-28,10:30:05,STN-HYD-02,Hyderabad,Sedan,CCS,78,100,44,13.11,Completed,None,Available,Paid,197.28
SES-12034,2025-05-28,16:25:58,STN-DEL-02,Delhi,Crossover,Type 2,68,100,64,24.20,Completed,None,Available,Paid,388.78
SES-12035,2025-05-28,18:07:13,STN-MUM-02,Mumbai,Sedan,CHAdeMO,15,70,67,32.68,Completed,None,Available,Paid,603.06
SES-12036,2025-05-28,07:43:36,STN-BLR-01,Bengaluru,Hatchback,CCS,24,86,77,24.12,Completed,None,Charging,Paid,419.63
SES-12037,2025-05-28,07:30:55,STN-KOL-01,Kolkata,Sedan,CCS,34,58,46,14.23,Completed,None,Charging,Paid,229.89
SES-12038,2025-05-28,23:49:40,STN-MUM-01,Mumbai,Sedan,CCS,14,100,109,43.55,Completed,None,Available,Paid,762.31
SES-12039,2025-05-28,13:51:43,STN-PUN-01,Pune,Sedan,CCS,58,100,86,21.95,Completed,None,Charging,Paid,329.44
SES-12040,2025-05-28,01:41:00,STN-BLR-01,Bengaluru,Hatchback,Type 2,62,71,18,3.47,Completed,None,Available,Paid,54.82
SES-12041,2025-05-28,07:11:08,STN-PUN-01,Pune,Hatchback,CCS,83,100,37,6.26,Completed,None,Available,Paid,114.75
SES-12042,2025-05-28,19:27:37,STN-MUM-02,Mumbai,Crossover,CCS,33,84,64,39.07,Completed,None,Available,Paid,648.93
SES-12043,2025-05-28,08:45:21,STN-BLR-01,Bengaluru,Crossover,Type 2,5,39,55,24.34,Completed,None,Charging,Paid,436.85
SES-12044,2025-05-28,22:17:05,STN-DEL-01,Delhi,Sedan,Type 2,62,70,89,3.09,Cancelled,None,Maintenance,Refunded,0.00
SES-12045,2025-05-28,16:15:14,STN-KOL-01,Kolkata,Hatchback,CCS,25,83,79,23.16,Completed,None,Charging,Paid,426.85
SES-12046,2025-05-29,06:12:54,STN-HYD-01,Hyderabad,SUV,Type 2,19,46,36,22.25,Completed,None,Available,Paid,359.86
SES-12047,2025-05-29,21:56:06,STN-BLR-02,Bengaluru,Hatchback,Type 2,71,82,19,4.11,Completed,None,Available,Paid,68.28
SES-12048,2025-05-29,17:31:21,STN-MUM-02,Mumbai,Sedan,CCS,37,59,32,12.01,Completed,None,Available,Paid,215.98
SES-12049,2025-05-29,11:56:12,STN-KOL-01,Kolkata,Hatchback,Type 2,42,68,30,10.35,Completed,None,Available,Paid,168.09
SES-12050,2025-05-29,18:53:28,STN-HYD-01,Hyderabad,Sedan,Type 2,23,79,99,29.79,Completed,None,Available,Paid,460.35
SES-12051,2025-05-29,20:28:47,STN-BLR-01,Bengaluru,Sedan,CCS,8,53,54,25.11,Completed,None,Available,Paid,387.32
SES-12052,2025-05-29,21:34:54,STN-DEL-02,Delhi,Sedan,Type 2,80,89,12,5.08,Completed,None,Available,Paid,78.01
SES-12053,2025-05-29,18:36:06,STN-VSKP-01,Visakhapatnam,Sedan,Type 2,85,100,68,8.22,Completed,None,Charging,Paid,152.07
SES-12054,2025-05-29,18:44:12,STN-HYD-01,Hyderabad,SUV,Type 2,62,93,52,24.93,Completed,None,Available,Paid,460.05
SES-12055,2025-05-29,21:05:07,STN-MUM-01,Mumbai,Hatchback,Type 2,74,100,108,11.35,Completed,None,Charging,Paid,193.99
SES-12056,2025-05-29,09:43:59,STN-HYD-01,Hyderabad,Hatchback,Type 2,16,25,16,3.59,Completed,None,Charging,Paid,65.21
SES-12057,2025-05-29,09:06:45,STN-CHE-01,Chennai,Sedan,Type 2,83,100,36,9.52,Completed,None,Available,Paid,146.78
SES-12058,2025-05-29,12:45:21,STN-DEL-01,Delhi,Sedan,Type 2,21,83,71,37.18,Completed,None,Available,Paid,640.37
SES-12059,2025-05-29,15:20:00,STN-MUM-02,Mumbai,SUV,CCS,5,45,51,30.96,Completed,None,Available,Paid,465.04
SES-12060,2025-05-29,11:59:32,STN-BLR-02,Bengaluru,Hatchback,CCS,18,100,106,35.97,Completed,None,Charging,Paid,633.32
SES-12061,2025-05-29,13:02:26,STN-BLR-01,Bengaluru,Sedan,CCS,6,15,13,5.18,Completed,None,Available,Paid,79.31
SES-12062,2025-05-29,18:34:27,STN-MUM-02,Mumbai,SUV,CCS,8,66,99,45.33,Completed,None,Available,Paid,691.79
SES-12063,2025-05-29,21:54:56,STN-HYD-02,Hyderabad,Sedan,CCS,70,100,71,15.70,Completed,None,Charging,Paid,280.80
SES-12064,2025-05-30,08:32:15,STN-KOL-01,Kolkata,SUV,CCS,50,63,17,10.73,Completed,None,Charging,Paid,191.02
SES-12065,2025-05-30,19:04:40,STN-MUM-02,Mumbai,Sedan,CHAdeMO,54,100,93,27.14,Completed,None,Available,Paid,414.73
SES-12066,2025-05-30,17:46:11,STN-MUM-01,Mumbai,Sedan,CHAdeMO,64,78,26,6.94,Completed,None,Available,Paid,111.37
SES-12067,2025-05-30,11:30:27,STN-MUM-02,Mumbai,Sedan,Type 2,56,66,14,6.04,Completed,None,Charging,Paid,95.95
SES-12068,2025-05-30,08:17:43,STN-HYD-02,Hyderabad,Sedan,CHAdeMO,52,100,72,28.55,Completed,None,Charging,Paid,506.84
SES-12069,2025-05-30,19:25:56,STN-HYD-01,Hyderabad,Sedan,CHAdeMO,43,52,18,4.94,Completed,None,Available,Paid,91.36
SES-12070,2025-05-30,12:50:59,STN-VIJ-01,Vijayawada,SUV,Type 2,74,89,17,13.45,Completed,None,Available,Paid,207.32
SES-12071,2025-05-30,14:24:55,STN-CHE-01,Chennai,Sedan,CCS,64,76,16,7.04,Completed,None,Charging,Paid,108.86
SES-12072,2025-05-30,10:58:59,STN-HYD-01,Hyderabad,Sedan,CCS,34,57,46,12.04,Completed,None,Charging,Paid,188.95
SES-12073,2025-05-30,17:38:42,STN-CBE-01,Coimbatore,Sedan,CCS,90,100,109,5.31,Completed,None,Charging,Paid,88.99
SES-12074,2025-05-30,16:31:17,STN-HYD-01,Hyderabad,Hatchback,CCS,31,80,64,18.74,Completed,None,Charging,Paid,343.89
SES-12075,2025-05-30,11:38:06,STN-HYD-02,Hyderabad,SUV,Type 2,87,100,76,11.60,Completed,None,Charging,Paid,187.23
SES-12076,2025-05-30,18:52:34,STN-PUN-01,Pune,Hatchback,CCS,78,89,17,4.68,Completed,None,Available,Paid,85.56
SES-12077,2025-05-30,19:34:10,STN-BLR-02,Bengaluru,SUV,CCS,59,100,78,34.29,Completed,None,Available,Paid,531.90
SES-12078,2025-05-30,10:56:03,STN-HYD-02,Hyderabad,Sedan,CCS,74,82,14,4.36,Completed,None,Available,Paid,65.61
SES-12079,2025-05-31,06:31:19,STN-KOL-01,Kolkata,Sedan,CCS,30,44,26,7.25,Completed,None,Available,Paid,121.96
SES-12080,2025-05-31,12:03:53,STN-HYD-01,Hyderabad,SUV,Type 2,46,100,120,45.46,Completed,None,Available,Paid,752.90
SES-12081,2025-05-31,20:46:00,STN-MUM-02,Mumbai,SUV,Type 2,71,100,67,26.10,Completed,None,Charging,Paid,439.82
SES-12082,2025-05-31,08:21:16,STN-BLR-02,Bengaluru,Hatchback,CCS,71,100,72,11.37,Completed,None,Available,Paid,185.64
SES-12083,2025-05-31,14:40:34,STN-BLR-01,Bengaluru,Hatchback,Type 2,56,75,36,8.03,Completed,None,Charging,Paid,122.30
SES-12084,2025-05-31,13:34:42,STN-DEL-02,Delhi,SUV,Type 2,10,77,113,53.51,Completed,None,Charging,Paid,810.92
SES-12085,2025-05-31,14:46:12,STN-BLR-01,Bengaluru,SUV,Type 2,14,70,112,48.12,Completed,None,Available,Paid,875.99
SES-12086,2025-05-31,17:50:53,STN-MUM-01,Mumbai,Sedan,CCS,42,88,85,24.56,Completed,None,Charging,Paid,430.75
SES-12087,2025-05-31,15:06:44,STN-HYD-01,Hyderabad,Sedan,CCS,81,100,101,10.24,Completed,None,Available,Paid,181.26
SES-12088,2025-05-31,01:29:41,STN-MUM-02,Mumbai,Crossover,CCS,16,84,77,45.12,Completed,None,Available,Paid,680.39
SES-12089,2025-05-31,18:14:59,STN-PUN-01,Pune,Sedan,Type 2,50,74,37,12.54,Completed,None,Charging,Paid,206.89
SES-12090,2025-05-31,09:42:36,STN-CHE-01,Chennai,Crossover,CCS,53,100,98,30.37,Completed,None,Available,Paid,491.31
SES-12091,2025-06-01,12:47:54,STN-CHE-01,Chennai,SUV,CCS,76,100,67,19.15,Completed,None,Charging,Paid,289.77
SES-12092,2025-06-01,08:40:42,STN-VIJ-01,Vijayawada,SUV,CCS,67,100,59,25.66,Completed,None,Available,Paid,412.77
SES-12093,2025-06-01,08:57:30,STN-BLR-02,Bengaluru,Sedan,Type 2,73,74,109,0.40,Failed,Network Error,Offline,Paid,6.38
SES-12094,2025-06-01,08:55:43,STN-PUN-01,Pune,Hatchback,Type 2,47,100,115,22.22,Completed,None,Available,Paid,388.23
SES-12095,2025-06-01,12:27:31,STN-DEL-02,Delhi,SUV,CCS,64,66,76,0.80,Failed,Network Error,Maintenance,Failed,0.00
SES-12096,2025-06-01,07:49:17,STN-VSKP-01,Visakhapatnam,SUV,Type 2,33,36,40,1.14,Cancelled,None,Maintenance,Refunded,0.00
SES-12097,2025-06-01,23:08:06,STN-BLR-01,Bengaluru,Sedan,CCS,90,92,110,0.80,Failed,Network Error,Offline,Failed,0.00
SES-12098,2025-06-01,17:42:06,STN-DEL-02,Delhi,Sedan,CCS,82,100,21,10.89,Completed,None,Charging,Paid,167.48
SES-12099,2025-06-01,21:02:16,STN-DEL-01,Delhi,SUV,CCS,78,78,64,0.00,Failed,Payment Failure,Offline,Failed,0.00
SES-12100,2025-06-01,16:45:28,STN-BLR-01,Bengaluru,Sedan,CCS,15,100,110,45.49,Completed,None,Available,Paid,713.24
SES-12101,2025-06-01,17:51:21,STN-BLR-01,Bengaluru,Hatchback,Type 2,39,100,110,24.25,Completed,None,Available,Paid,434.91
SES-12102,2025-06-01,17:51:05,STN-BLR-01,Bengaluru,Hatchback,Type 2,27,35,13,3.05,Completed,None,Charging,Paid,53.62
SES-12103,2025-06-01,05:10:25,STN-MUM-02,Mumbai,Sedan,Type 2,76,100,103,13.29,Completed,None,Available,Paid,232.33
SES-12104,2025-06-01,16:27:34,STN-HYD-02,Hyderabad,Hatchback,CCS,25,100,111,27.27,Completed,None,Available,Paid,465.30
SES-12105,2025-06-01,06:53:34,STN-VIJ-01,Vijayawada,Sedan,CCS,41,71,51,15.64,Completed,None,Charging,Paid,237.83
SES-12106,2025-06-01,08:42:17,STN-MUM-02,Mumbai,Hatchback,CCS,32,100,111,26.16,Completed,None,Charging,Paid,397.60
SES-12107,2025-06-01,09:47:47,STN-CHE-01,Chennai,Sedan,Type 2,62,65,100,1.12,Cancelled,None,Maintenance,Refunded,0.00
SES-12108,2025-06-01,19:26:54,STN-VIJ-01,Vijayawada,Sedan,CCS,57,100,63,23.50,Completed,None,Available,Paid,364.46
SES-12109,2025-06-01,06:44:53,STN-CBE-01,Coimbatore,Sedan,CCS,32,51,31,10.70,Completed,None,Available,Paid,195.70
SES-12110,2025-06-02,14:38:37,STN-MUM-02,Mumbai,Hatchback,Type 2,46,53,10,2.85,Completed,None,Charging,Paid,45.41
SES-12111,2025-06-02,15:14:20,STN-DEL-02,Delhi,Sedan,CHAdeMO,89,100,57,6.47,Completed,None,Charging,Paid,108.12
SES-12112,2025-06-02,20:41:32,STN-CBE-01,Coimbatore,Sedan,CCS,77,100,52,13.73,Completed,None,Available,Paid,244.35
SES-12113,2025-06-02,08:54:22,STN-MUM-02,Mumbai,SUV,CCS,65,100,111,30.60,Completed,None,Available,Paid,462.88
SES-12114,2025-06-02,19:43:00,STN-HYD-02,Hyderabad,Sedan,CCS,83,100,29,9.56,Completed,None,Available,Paid,163.96
SES-12115,2025-06-02,23:23:15,STN-BLR-02,Bengaluru,Hatchback,Type 2,37,45,27,2.77,Cancelled,None,Available,Refunded,0.00
SES-12116,2025-06-02,19:22:27,STN-PUN-01,Pune,SUV,CCS,59,100,79,34.69,Completed,None,Available,Paid,564.36
SES-12117,2025-06-02,15:42:55,STN-BLR-02,Bengaluru,Crossover,Type 2,41,41,58,0.00,Failed,Network Error,Maintenance,Failed,0.00
SES-12118,2025-06-02,12:02:14,STN-DEL-01,Delhi,Sedan,Type 2,51,54,85,1.20,Failed,Station Offline,Maintenance,Failed,0.00
SES-12119,2025-06-02,04:00:48,STN-CHE-01,Chennai,Sedan,CCS,40,59,26,10.34,Completed,None,Charging,Paid,169.01
SES-12120,2025-06-02,08:28:25,STN-DEL-01,Delhi,Hatchback,CCS,32,70,62,14.23,Completed,None,Available,Paid,224.25
SES-12121,2025-06-02,07:42:28,STN-DEL-01,Delhi,Hatchback,CCS,14,38,31,9.41,Completed,None,Available,Paid,153.34
SES-12122,2025-06-02,12:32:06,STN-CBE-01,Coimbatore,Sedan,CCS,27,29,91,0.80,Failed,Connector Error,Maintenance,Paid,12.49
SES-12123,2025-06-02,18:31:53,STN-PUN-01,Pune,SUV,CCS,9,24,19,13.66,Completed,None,Available,Paid,225.52
SES-12124,2025-06-02,06:50:16,STN-PUN-01,Pune,Hatchback,CCS,86,100,33,5.35,Completed,None,Available,Paid,83.22
SES-12125,2025-06-02,08:00:49,STN-HYD-02,Hyderabad,Sedan,Type 2,10,60,93,28.14,Completed,None,Available,Paid,504.62
SES-12126,2025-06-03,20:46:39,STN-CBE-01,Coimbatore,Hatchback,CCS,46,56,21,3.96,Completed,None,Charging,Paid,70.67
SES-12127,2025-06-03,07:13:35,STN-HYD-02,Hyderabad,Sedan,Type 2,51,58,13,3.56,Completed,None,Charging,Paid,63.21
SES-12128,2025-06-03,18:44:59,STN-CBE-01,Coimbatore,Crossover,CCS,32,66,51,24.98,Completed,None,Available,Paid,410.04
SES-12129,2025-06-03,10:05:32,STN-BLR-02,Bengaluru,SUV,Type 2,17,24,14,6.06,Completed,None,Charging,Paid,106.73
SES-12130,2025-06-03,07:12:28,STN-HYD-02,Hyderabad,Sedan,Type 2,29,59,35,16.15,Completed,None,Available,Paid,248.01
SES-12131,2025-06-03,23:14:15,STN-HYD-02,Hyderabad,SUV,Type 2,11,11,109,0.00,Failed,Charging Interrupted,Offline,Failed,0.00
SES-12132,2025-06-03,04:47:09,STN-MUM-01,Mumbai,Crossover,CCS,70,100,68,22.44,Completed,None,Charging,Paid,367.40
SES-12133,2025-06-03,17:40:48,STN-HYD-01,Hyderabad,Hatchback,Type 2,84,100,71,5.79,Completed,None,Charging,Paid,95.89
SES-12134,2025-06-03,07:55:43,STN-BLR-02,Bengaluru,Sedan,Type 2,62,100,89,21.51,Completed,None,Available,Paid,393.66
SES-12135,2025-06-03,22:43:45,STN-PUN-01,Pune,SUV,CCS,70,74,14,1.60,Failed,Payment Failure,Maintenance,Failed,0.00
SES-12136,2025-06-03,19:18:28,STN-BLR-02,Bengaluru,SUV,Type 2,40,69,35,25.26,Completed,None,Available,Paid,429.35
SES-12137,2025-06-03,10:18:06,STN-PUN-01,Pune,Sedan,Type 2,6,69,92,33.71,Completed,None,Available,Paid,574.79
SES-12138,2025-06-03,06:46:55,STN-MUM-02,Mumbai,Sedan,CCS,42,55,15,6.50,Completed,None,Available,Paid,114.61
SES-12139,2025-06-03,19:37:15,STN-HYD-01,Hyderabad,SUV,CCS,78,100,33,17.75,Completed,None,Charging,Paid,307.38
SES-12140,2025-06-03,17:27:06,STN-MUM-01,Mumbai,SUV,Type 2,18,100,104,76.24,Completed,None,Charging,Paid,"1,325.93"
SES-12141,2025-06-03,07:57:06,STN-MUM-01,Mumbai,Sedan,CCS,31,100,104,39.12,Completed,None,Available,Paid,714.46
SES-12142,2025-06-03,16:23:51,STN-DEL-02,Delhi,Hatchback,CCS,19,61,62,16.65,Completed,None,Charging,Paid,271.53
SES-12143,2025-06-03,23:28:43,STN-CBE-01,Coimbatore,SUV,CCS,89,100,16,10.07,Completed,None,Available,Paid,179.00
SES-12144,2025-06-03,03:28:29,STN-CHE-01,Chennai,Sedan,CCS,16,30,19,7.05,Completed,None,Available,Paid,118.03
SES-12145,2025-06-03,17:18:25,STN-VSKP-01,Visakhapatnam,Sedan,CCS,47,48,48,0.40,Failed,Station Offline,Offline,Failed,0.00
SES-12146,2025-06-03,08:29:50,STN-PUN-01,Pune,SUV,CCS,61,100,95,32.08,Completed,None,Available,Paid,575.93
SES-12147,2025-06-03,08:02:58,STN-KOL-01,Kolkata,Hatchback,CCS,90,100,87,4.07,Completed,None,Available,Paid,64.90
SES-12148,2025-06-03,03:06:48,STN-VIJ-01,Vijayawada,Hatchback,Type 2,52,79,37,10.57,Completed,None,Charging,Paid,182.23
SES-12149,2025-06-03,21:52:40,STN-CHE-01,Chennai,Sedan,CCS,65,100,51,18.54,Completed,None,Charging,Paid,293.04
SES-12150,2025-06-04,18:14:53,STN-MUM-02,Mumbai,SUV,CCS,86,100,71,11.07,Completed,None,Available,Paid,178.07
SES-12151,2025-06-04,08:28:34,STN-MUM-01,Mumbai,Crossover,CCS,48,98,61,34.99,Completed,None,Available,Paid,586.69
SES-12152,2025-06-04,18:07:31,STN-KOL-01,Kolkata,SUV,CCS,56,71,31,12.87,Completed,None,Available,Paid,233.28
SES-12153,2025-06-04,13:09:12,STN-MUM-02,Mumbai,Sedan,CCS,66,100,66,18.28,Completed,None,Charging,Paid,277.14
SES-12154,2025-06-04,19:34:53,STN-VSKP-01,Visakhapatnam,Hatchback,CCS,6,13,105,2.67,Cancelled,None,Available,Refunded,0.00
SES-12155,2025-06-04,17:30:40,STN-DEL-01,Delhi,Sedan,Type 2,75,87,20,6.36,Completed,None,Charging,Paid,108.94
SES-12156,2025-06-04,18:20:11,STN-HYD-01,Hyderabad,Sedan,CCS,35,50,23,8.56,Completed,None,Available,Paid,130.66
SES-12157,2025-06-04,17:49:40,STN-DEL-02,Delhi,Sedan,CCS,86,100,40,7.90,Completed,None,Available,Paid,142.96
SES-12158,2025-06-04,22:02:15,STN-MUM-02,Mumbai,Sedan,Type 2,77,100,117,13.74,Completed,None,Available,Paid,224.52
SES-12159,2025-06-04,08:22:56,STN-VSKP-01,Visakhapatnam,SUV,CCS,76,84,13,6.94,Completed,None,Available,Paid,104.76
SES-12160,2025-06-04,18:24:29,STN-DEL-02,Delhi,Sedan,Type 2,37,38,118,0.40,Failed,Network Error,Maintenance,Failed,0.00
SES-12161,2025-06-05,09:10:28,STN-HYD-01,Hyderabad,Hatchback,Type 2,9,33,31,9.49,Completed,None,Charging,Paid,152.49
SES-12162,2025-06-05,23:55:56,STN-VSKP-01,Visakhapatnam,SUV,CCS,82,100,102,15.71,Completed,None,Available,Paid,250.87
SES-12163,2025-06-05,12:51:47,STN-BLR-02,Bengaluru,SUV,CHAdeMO,62,100,108,35.20,Completed,None,Charging,Paid,571.81
SES-12164,2025-06-05,19:01:23,STN-VIJ-01,Vijayawada,SUV,CHAdeMO,81,85,73,1.60,Failed,Payment Failure,Offline,Failed,0.00
SES-12165,2025-06-05,18:01:56,STN-MUM-02,Mumbai,Hatchback,CCS,15,83,86,26.14,Completed,None,Charging,Paid,403.56
SES-12166,2025-06-05,17:48:12,STN-HYD-02,Hyderabad,SUV,Type 2,88,100,93,10.18,Completed,None,Charging,Paid,166.19
SES-12167,2025-06-05,12:43:53,STN-BLR-01,Bengaluru,Hatchback,Type 2,27,93,92,25.32,Completed,None,Available,Paid,385.92
SES-12168,2025-06-05,12:07:01,STN-MUM-01,Mumbai,Hatchback,CHAdeMO,49,100,88,18.48,Completed,None,Available,Paid,324.91
SES-12169,2025-06-05,19:53:09,STN-KOL-01,Kolkata,Hatchback,Type 2,31,100,99,27.78,Completed,None,Charging,Paid,466.72
SES-12170,2025-06-05,18:41:09,STN-MUM-01,Mumbai,SUV,Type 2,83,100,93,13.20,Completed,None,Available,Paid,225.33
SES-12171,2025-06-05,08:31:19,STN-MUM-01,Mumbai,Hatchback,CCS,60,64,70,1.43,Cancelled,None,Available,Refunded,0.00
SES-12172,2025-06-05,16:40:51,STN-BLR-02,Bengaluru,SUV,CCS,63,100,109,29.44,Completed,None,Available,Paid,480.73
SES-12173,2025-06-05,18:33:36,STN-BLR-01,Bengaluru,Sedan,CCS,84,91,15,3.92,Completed,None,Available,Paid,66.51
SES-12174,2025-06-05,01:07:06,STN-HYD-01,Hyderabad,Sedan,CCS,44,99,88,31.88,Completed,None,Available,Paid,566.22
SES-12175,2025-06-05,19:43:17,STN-VIJ-01,Vijayawada,Crossover,CHAdeMO,22,86,77,40.39,Completed,None,Available,Paid,683.43
SES-12176,2025-06-05,11:56:28,STN-CBE-01,Coimbatore,Sedan,CCS,55,58,15,1.20,Failed,Network Error,Maintenance,Failed,0.00
SES-12177,2025-06-06,20:20:45,STN-BLR-02,Bengaluru,Hatchback,Type 2,65,100,75,12.85,Completed,None,Available,Paid,212.50
SES-12178,2025-06-06,19:23:46,STN-MUM-01,Mumbai,Sedan,CCS,27,59,45,18.35,Completed,None,Available,Paid,307.12
SES-12179,2025-06-06,19:26:11,STN-VSKP-01,Visakhapatnam,SUV,CCS,40,44,24,1.45,Cancelled,None,Available,Refunded,0.00
SES-12180,2025-06-06,05:00:57,STN-VIJ-01,Vijayawada,Hatchback,CCS,42,88,85,17.22,Completed,None,Charging,Paid,274.89
SES-12181,2025-06-06,04:14:50,STN-MUM-01,Mumbai,Sedan,CCS,76,80,49,1.60,Failed,Network Error,Maintenance,Failed,0.00
SES-12182,2025-06-06,13:36:46,STN-VSKP-01,Visakhapatnam,Hatchback,CHAdeMO,60,100,117,17.46,Completed,None,Charging,Paid,288.79
SES-12183,2025-06-06,09:00:07,STN-CHE-01,Chennai,Hatchback,CCS,43,71,50,10.33,Completed,None,Charging,Paid,175.00
SES-12184,2025-06-06,18:53:56,STN-DEL-02,Delhi,SUV,CCS,80,88,16,7.20,Completed,None,Available,Paid,110.29
SES-12185,2025-06-06,07:56:31,STN-DEL-02,Delhi,SUV,CCS,86,100,31,11.76,Completed,None,Available,Paid,180.57
SES-12186,2025-06-06,21:12:27,STN-CHE-01,Chennai,Sedan,CCS,87,100,81,7.43,Completed,None,Available,Paid,131.36
SES-12187,2025-06-06,11:05:07,STN-DEL-01,Delhi,SUV,CCS,73,77,115,1.60,Failed,Network Error,Offline,Failed,0.00
SES-12188,2025-06-06,08:24:21,STN-CBE-01,Coimbatore,Sedan,CCS,32,49,20,9.33,Completed,None,Available,Paid,172.46
SES-12189,2025-06-06,16:22:03,STN-CHE-01,Chennai,Sedan,CCS,25,29,11,1.41,Cancelled,None,Available,Refunded,0.00
SES-12190,2025-06-06,08:46:58,STN-VSKP-01,Visakhapatnam,Crossover,CCS,66,85,39,12.68,Completed,None,Charging,Paid,220.08
SES-12191,2025-06-07,21:55:40,STN-DEL-02,Delhi,SUV,CCS,27,94,77,57.73,Completed,None,Available,Paid,"1,029.94"
SES-12192,2025-06-07,00:06:48,STN-MUM-01,Mumbai,Hatchback,Type 2,25,61,62,14.56,Completed,None,Available,Paid,238.59
SES-12193,2025-06-07,19:19:57,STN-KOL-01,Kolkata,SUV,CCS,79,100,98,18.37,Completed,None,Available,Paid,281.37
SES-12194,2025-06-07,08:10:33,STN-HYD-02,Hyderabad,Sedan,CCS,20,35,30,8.19,Completed,None,Charging,Paid,137.52
SES-12195,2025-06-07,18:01:22,STN-DEL-02,Delhi,SUV,Type 2,66,68,34,0.67,Cancelled,None,Available,Refunded,0.00
SES-12196,2025-06-07,09:57:33,STN-CBE-01,Coimbatore,Hatchback,Type 2,69,100,82,13.53,Completed,None,Available,Paid,229.97
SES-12197,2025-06-07,18:09:14,STN-CBE-01,Coimbatore,Sedan,Type 2,84,85,81,0.40,Failed,Station Offline,Offline,Failed,0.00
SES-12198,2025-06-07,21:56:22,STN-BLR-01,Bengaluru,Hatchback,Type 2,9,11,14,0.67,Cancelled,None,Available,Refunded,0.00
SES-12199,2025-06-07,10:59:08,STN-HYD-02,Hyderabad,SUV,CCS,50,100,119,41.84,Completed,None,Available,Paid,758.19
SES-12200,2025-06-07,18:08:15,STN-BLR-02,Bengaluru,Sedan,CCS,68,100,101,17.80,Completed,None,Charging,Paid,315.69
SES-12201,2025-06-07,13:50:32,STN-DEL-02,Delhi,SUV,CCS,86,100,75,12.23,Completed,None,Available,Paid,209.88
SES-12202,2025-06-07,12:05:09,STN-HYD-01,Hyderabad,SUV,Type 2,45,100,94,51.42,Completed,None,Available,Paid,892.44
SES-12203,2025-06-07,08:53:21,STN-MUM-02,Mumbai,Sedan,CCS,48,95,58,26.49,Completed,None,Available,Paid,463.07
SES-12204,2025-06-07,11:51:28,STN-MUM-02,Mumbai,Hatchback,Type 2,19,32,17,5.29,Completed,None,Available,Paid,81.85
SES-12205,2025-06-07,22:10:23,STN-BLR-01,Bengaluru,Hatchback,Type 2,72,100,107,11.48,Completed,None,Available,Paid,178.09
SES-12206,2025-06-07,20:51:09,STN-PUN-01,Pune,Hatchback,CCS,55,100,96,18.58,Completed,None,Available,Paid,307.69
SES-12207,2025-06-08,08:00:51,STN-MUM-02,Mumbai,Hatchback,CCS,58,100,88,16.22,Completed,None,Available,Paid,247.98
SES-12208,2025-06-08,19:57:11,STN-BLR-01,Bengaluru,Crossover,CCS,72,96,36,17.52,Completed,None,Charging,Paid,283.86
SES-12209,2025-06-08,11:07:42,STN-PUN-01,Pune,Crossover,CCS,81,88,11,5.31,Completed,None,Charging,Paid,94.81
SES-12210,2025-06-08,19:06:09,STN-CBE-01,Coimbatore,Sedan,CCS,46,78,37,16.47,Completed,None,Charging,Paid,273.59
SES-12211,2025-06-08,08:57:35,STN-CBE-01,Coimbatore,SUV,CCS,50,60,20,8.47,Completed,None,Available,Paid,134.48
SES-12212,2025-06-08,18:52:49,STN-BLR-02,Bengaluru,Sedan,Type 2,29,72,55,22.06,Completed,None,Charging,Paid,391.33
SES-12213,2025-06-08,15:15:53,STN-PUN-01,Pune,SUV,Type 2,71,88,30,13.15,Completed,None,Available,Paid,236.25
SES-12214,2025-06-08,22:16:45,STN-HYD-01,Hyderabad,Crossover,Type 2,39,79,51,27.82,Completed,None,Charging,Paid,451.98
SES-12215,2025-06-09,12:18:01,STN-DEL-02,Delhi,Sedan,Type 2,77,100,41,11.89,Completed,None,Available,Paid,182.21
SES-12216,2025-06-09,18:59:18,STN-MUM-02,Mumbai,SUV,CCS,82,100,41,14.04,Completed,None,Available,Paid,217.59
SES-12217,2025-06-09,07:24:47,STN-VSKP-01,Visakhapatnam,SUV,CCS,26,75,80,38.29,Completed,None,Available,Paid,648.42
SES-12218,2025-06-09,09:52:20,STN-MUM-01,Mumbai,Sedan,CCS,13,30,31,8.77,Completed,None,Charging,Paid,136.67
SES-12219,2025-06-09,07:40:03,STN-CHE-01,Chennai,Sedan,CCS,28,80,87,29.04,Completed,None,Available,Paid,535.71
SES-12220,2025-06-09,09:31:29,STN-KOL-01,Kolkata,SUV,Type 2,27,78,86,45.42,Completed,None,Available,Paid,744.28
SES-12221,2025-06-09,07:25:56,STN-DEL-02,Delhi,Sedan,CHAdeMO,65,80,30,8.81,Completed,None,Available,Paid,141.80
SES-12222,2025-06-09,20:50:33,STN-CBE-01,Coimbatore,SUV,CCS,41,57,31,14.19,Completed,None,Available,Paid,258.24
SES-12223,2025-06-09,19:01:37,STN-KOL-01,Kolkata,SUV,CCS,49,84,43,27.90,Completed,None,Available,Paid,511.12
SES-12224,2025-06-09,22:04:51,STN-BLR-02,Bengaluru,SUV,CCS,19,34,19,12.13,Completed,None,Available,Paid,213.05
SES-12225,2025-06-09,18:04:58,STN-BLR-02,Bengaluru,Sedan,CCS,61,100,74,23.02,Completed,None,Available,Paid,377.55
SES-12226,2025-06-09,11:08:28,STN-VSKP-01,Visakhapatnam,SUV,Type 2,18,71,74,49.24,Completed,None,Available,Paid,745.99
SES-12227,2025-06-09,16:09:15,STN-VIJ-01,Vijayawada,Sedan,Type 2,56,100,97,23.44,Completed,None,Available,Paid,427.22
SES-12228,2025-06-09,07:41:50,STN-BLR-01,Bengaluru,Hatchback,Type 2,88,100,76,5.18,Completed,None,Charging,Paid,81.95
SES-12229,2025-06-09,03:48:04,STN-CBE-01,Coimbatore,Sedan,Type 2,40,100,104,35.88,Completed,None,Charging,Paid,600.28
SES-12230,2025-06-09,02:58:55,STN-DEL-01,Delhi,Hatchback,CCS,31,40,52,3.11,Cancelled,None,Maintenance,Refunded,0.00
SES-12231,2025-06-09,19:46:24,STN-KOL-01,Kolkata,Hatchback,CHAdeMO,21,21,50,0.00,Failed,Payment Failure,Maintenance,Failed,0.00
SES-12232,2025-06-09,08:49:03,STN-PUN-01,Pune,Hatchback,Type 2,45,45,22,0.00,Failed,Payment Failure,Offline,Failed,0.00
SES-12233,2025-06-09,06:47:31,STN-PUN-01,Pune,Sedan,CCS,8,15,13,2.33,Cancelled,None,Maintenance,Refunded,0.00
SES-12234,2025-06-09,19:51:34,STN-BLR-01,Bengaluru,Sedan,CCS,7,34,32,14.23,Completed,None,Available,Paid,229.59
SES-12235,2025-06-09,18:35:05,STN-CHE-01,Chennai,SUV,Type 2,23,76,79,44.40,Completed,None,Available,Paid,808.39
SES-12236,2025-06-10,12:15:58,STN-VIJ-01,Vijayawada,Sedan,CCS,45,67,43,11.32,Completed,None,Charging,Paid,193.21
SES-12237,2025-06-10,22:33:24,STN-MUM-01,Mumbai,Crossover,CCS,44,47,50,1.20,Failed,Payment Failure,Maintenance,Failed,0.00
SES-12238,2025-06-10,12:40:16,STN-BLR-02,Bengaluru,SUV,CCS,62,64,27,0.67,Cancelled,None,Available,Refunded,0.00
SES-12239,2025-06-10,11:38:53,STN-DEL-02,Delhi,Crossover,Type 2,43,100,109,42.21,Completed,None,Available,Paid,663.26
SES-12240,2025-06-10,05:18:34,STN-CHE-01,Chennai,Hatchback,CCS,11,66,99,23.82,Completed,None,Available,Paid,412.50
SES-12241,2025-06-10,23:00:03,STN-MUM-01,Mumbai,Sedan,Type 2,40,100,106,33.36,Completed,None,Available,Paid,549.43
SES-12242,2025-06-10,17:25:39,STN-DEL-01,Delhi,Hatchback,Type 2,87,89,42,0.80,Failed,Charging Interrupted,Maintenance,Paid,12.73
SES-12243,2025-06-10,08:54:59,STN-DEL-02,Delhi,Sedan,CHAdeMO,80,99,34,9.86,Completed,None,Available,Paid,169.01
SES-12244,2025-06-10,21:00:07,STN-BLR-01,Bengaluru,Sedan,Type 2,24,24,61,0.00,Failed,Connector Error,Maintenance,Paid,0.00
SES-12245,2025-06-10,08:42:20,STN-VSKP-01,Visakhapatnam,Sedan,CCS,80,95,26,8.00,Completed,None,Available,Paid,136.15
SES-12246,2025-06-10,05:46:54,STN-DEL-02,Delhi,Crossover,CCS,33,78,60,32.95,Completed,None,Available,Paid,584.35
SES-12247,2025-06-10,09:42:18,STN-HYD-01,Hyderabad,SUV,CCS,88,90,12,0.80,Failed,Station Offline,Maintenance,Paid,14.38
SES-12248,2025-06-10,08:09:55,STN-VIJ-01,Vijayawada,Hatchback,CCS,72,100,64,10.29,Completed,None,Available,Paid,159.76
SES-12249,2025-06-10,23:55:06,STN-DEL-01,Delhi,Sedan,CHAdeMO,70,100,95,16.62,Completed,None,Charging,Paid,258.35
SES-12250,2025-06-10,08:57:59,STN-CBE-01,Coimbatore,SUV,Type 2,51,87,65,32.90,Completed,None,Charging,Paid,539.56
SES-12251,2025-06-10,10:59:05,STN-BLR-01,Bengaluru,SUV,CCS,27,53,44,23.69,Completed,None,Charging,Paid,428.36
SES-12252,2025-06-10,11:36:17,STN-BLR-01,Bengaluru,Sedan,CCS,10,63,77,30.18,Completed,None,Charging,Paid,493.05
SES-12253,2025-06-10,08:48:53,STN-BLR-01,Bengaluru,Sedan,CCS,22,80,68,29.01,Completed,None,Available,Paid,481.72
SES-12254,2025-06-10,09:23:12,STN-MUM-02,Mumbai,SUV,CCS,57,100,101,38.18,Completed,None,Available,Paid,614.08
SES-12255,2025-06-10,09:23:15,STN-VSKP-01,Visakhapatnam,Hatchback,CCS,26,86,68,25.34,Completed,None,Charging,Paid,463.42
SES-12256,2025-06-10,05:05:58,STN-CHE-01,Chennai,Sedan,Type 2,72,91,22,10.97,Completed,None,Charging,Paid,191.17
SES-12257,2025-06-11,12:17:36,STN-MUM-01,Mumbai,Crossover,Type 2,79,79,71,0.00,Failed,Station Offline,Offline,Failed,0.00
SES-12258,2025-06-11,11:36:25,STN-VSKP-01,Visakhapatnam,Sedan,Type 2,39,100,103,32.59,Completed,None,Available,Paid,518.08
SES-12259,2025-06-11,08:00:24,STN-CBE-01,Coimbatore,SUV,CCS,79,100,56,18.18,Completed,None,Charging,Paid,301.24
SES-12260,2025-06-11,09:09:19,STN-PUN-01,Pune,Sedan,CCS,13,83,85,37.40,Completed,None,Charging,Paid,606.87
SES-12261,2025-06-11,23:15:36,STN-CBE-01,Coimbatore,Sedan,Type 2,35,42,12,4.22,Completed,None,Available,Paid,70.76
SES-12262,2025-06-11,20:11:16,STN-VSKP-01,Visakhapatnam,Crossover,CCS,47,69,30,15.18,Completed,None,Available,Paid,240.98
SES-12263,2025-06-11,10:25:47,STN-BLR-02,Bengaluru,Hatchback,CCS,79,100,113,7.93,Completed,None,Charging,Paid,132.41
SES-12264,2025-06-11,18:46:11,STN-VSKP-01,Visakhapatnam,Hatchback,CCS,21,62,74,17.69,Completed,None,Charging,Paid,276.76
SES-12265,2025-06-11,18:57:53,STN-BLR-02,Bengaluru,Hatchback,Type 2,55,77,27,8.50,Completed,None,Available,Paid,136.23
SES-12266,2025-06-11,07:44:34,STN-HYD-01,Hyderabad,Hatchback,Type 2,70,84,22,5.88,Completed,None,Available,Paid,96.54
SES-12267,2025-06-11,10:25:34,STN-VSKP-01,Visakhapatnam,SUV,Type 2,28,82,80,44.23,Completed,None,Charging,Paid,673.29
SES-12268,2025-06-11,16:58:58,STN-HYD-01,Hyderabad,Hatchback,CCS,19,67,86,19.71,Completed,None,Available,Paid,349.01
SES-12269,2025-06-11,18:58:05,STN-VSKP-01,Visakhapatnam,SUV,Type 2,32,84,90,45.77,Completed,None,Available,Paid,706.41
SES-12270,2025-06-11,00:23:20,STN-HYD-01,Hyderabad,SUV,Type 2,7,11,118,1.60,Failed,Connector Error,Offline,Failed,0.00
SES-12271,2025-06-11,15:28:31,STN-HYD-02,Hyderabad,Hatchback,CCS,33,100,105,28.72,Completed,None,Charging,Paid,460.00
SES-12272,2025-06-12,16:58:04,STN-HYD-01,Hyderabad,Sedan,CHAdeMO,56,100,102,22.68,Completed,None,Available,Paid,398.76
SES-12273,2025-06-12,06:21:17,STN-BLR-02,Bengaluru,Hatchback,Type 2,58,100,54,18.12,Completed,None,Charging,Paid,300.87
SES-12274,2025-06-12,00:49:49,STN-DEL-01,Delhi,Sedan,CHAdeMO,62,100,71,19.30,Completed,None,Available,Paid,333.62
SES-12275,2025-06-12,17:01:12,STN-MUM-01,Mumbai,Hatchback,Type 2,49,79,39,11.85,Completed,None,Charging,Paid,212.27
SES-12276,2025-06-12,13:14:04,STN-HYD-01,Hyderabad,Sedan,CCS,81,100,84,10.37,Completed,None,Available,Paid,183.85
SES-12277,2025-06-12,10:36:36,STN-DEL-01,Delhi,Sedan,CCS,54,56,23,0.80,Failed,Charging Interrupted,Maintenance,Failed,0.00
SES-12278,2025-06-12,03:34:51,STN-HYD-02,Hyderabad,Sedan,CCS,26,29,62,1.20,Failed,Station Offline,Offline,Failed,0.00
SES-12279,2025-06-12,19:27:59,STN-HYD-02,Hyderabad,Hatchback,Type 2,56,71,19,5.78,Completed,None,Available,Paid,101.23
SES-12280,2025-06-12,18:57:51,STN-PUN-01,Pune,Sedan,Type 2,57,61,81,1.60,Failed,Payment Failure,Offline,Failed,0.00
SES-12281,2025-06-12,08:25:47,STN-MUM-02,Mumbai,SUV,Type 2,35,69,40,30.56,Completed,None,Charging,Paid,555.62
SES-12282,2025-06-12,08:39:06,STN-MUM-02,Mumbai,SUV,CCS,75,85,15,7.80,Completed,None,Available,Paid,130.82
SES-12283,2025-06-12,17:52:55,STN-DEL-02,Delhi,Sedan,Type 2,52,100,92,23.93,Completed,None,Available,Paid,374.79
SES-12284,2025-06-12,15:58:57,STN-MUM-02,Mumbai,Crossover,CCS,35,56,28,14.19,Completed,None,Available,Paid,221.91
SES-12285,2025-06-12,20:30:43,STN-DEL-02,Delhi,Sedan,CCS,8,26,21,9.56,Completed,None,Charging,Paid,172.41
SES-12286,2025-06-12,09:09:38,STN-KOL-01,Kolkata,SUV,Type 2,39,100,73,51.50,Completed,None,Charging,Paid,869.57
SES-12287,2025-06-12,17:36:47,STN-CHE-01,Chennai,SUV,CCS,71,100,112,23.38,Completed,None,Charging,Paid,364.87
SES-12288,2025-06-13,19:51:53,STN-MUM-02,Mumbai,Sedan,CCS,68,100,91,19.26,Completed,None,Available,Paid,316.46
SES-12289,2025-06-13,19:10:06,STN-HYD-02,Hyderabad,Sedan,CCS,87,100,64,6.87,Completed,None,Available,Paid,114.15
SES-12290,2025-06-13,07:28:08,STN-PUN-01,Pune,Hatchback,CCS,13,75,76,22.78,Completed,None,Charging,Paid,384.27
SES-12291,2025-06-13,17:09:18,STN-DEL-01,Delhi,Crossover,CCS,50,62,18,8.95,Completed,None,Available,Paid,138.07
SES-12292,2025-06-13,03:16:08,STN-VSKP-01,Visakhapatnam,Sedan,Type 2,87,99,15,6.38,Completed,None,Charging,Paid,109.48
SES-12293,2025-06-13,17:33:44,STN-VIJ-01,Vijayawada,Sedan,Type 2,60,67,10,3.82,Completed,None,Charging,Paid,63.42
SES-12294,2025-06-13,08:06:15,STN-HYD-01,Hyderabad,Crossover,CCS,60,97,51,26.54,Completed,None,Charging,Paid,484.79
SES-12295,2025-06-13,18:05:49,STN-MUM-02,Mumbai,Sedan,CCS,87,100,113,7.14,Completed,None,Charging,Paid,131.59
SES-12296,2025-06-13,19:11:57,STN-VIJ-01,Vijayawada,SUV,CCS,30,33,102,1.20,Failed,Payment Failure,Maintenance,Failed,0.00
SES-12297,2025-06-13,17:11:20,STN-DEL-02,Delhi,SUV,Type 2,64,100,64,29.97,Completed,None,Available,Paid,478.80
SES-12298,2025-06-13,22:49:35,STN-DEL-01,Delhi,Sedan,CCS,81,100,58,10.02,Completed,None,Charging,Paid,163.23
SES-12299,2025-06-13,05:04:36,STN-BLR-01,Bengaluru,Hatchback,CCS,90,100,108,3.73,Completed,None,Charging,Paid,67.89
SES-12300,2025-06-13,18:11:57,STN-BLR-02,Bengaluru,Crossover,CCS,76,100,108,18.26,Completed,None,Available,Paid,289.90
SES-12301,2025-06-13,17:39:53,STN-MUM-02,Mumbai,SUV,CCS,52,54,39,0.70,Cancelled,None,Available,Refunded,0.00
SES-12302,2025-06-13,02:40:44,STN-VSKP-01,Visakhapatnam,Hatchback,Type 2,62,95,44,14.25,Completed,None,Available,Paid,224.75
SES-12303,2025-06-13,19:08:21,STN-BLR-02,Bengaluru,SUV,CCS,67,100,72,28.03,Completed,None,Charging,Paid,467.67
SES-12304,2025-06-13,08:11:00,STN-MUM-02,Mumbai,SUV,CCS,62,100,112,32.01,Completed,None,Charging,Paid,540.03
SES-12305,2025-06-13,08:37:50,STN-BLR-01,Bengaluru,Sedan,CCS,7,33,31,15.38,Completed,None,Available,Paid,232.10
SES-12306,2025-06-14,10:30:50,STN-HYD-01,Hyderabad,Hatchback,CHAdeMO,11,44,52,13.77,Completed,None,Available,Paid,206.92
SES-12307,2025-06-14,15:41:58,STN-CHE-01,Chennai,SUV,Type 2,56,88,37,26.36,Completed,None,Available,Paid,422.29
SES-12308,2025-06-14,09:12:57,STN-CBE-01,Coimbatore,Sedan,CCS,66,85,27,10.21,Completed,None,Available,Paid,157.27
SES-12309,2025-06-14,17:57:59,STN-VIJ-01,Vijayawada,Crossover,CCS,6,34,41,20.28,Completed,None,Available,Paid,367.90
SES-12310,2025-06-14,09:54:24,STN-CBE-01,Coimbatore,Hatchback,Type 2,37,88,78,20.78,Completed,None,Available,Paid,319.45
SES-12311,2025-06-14,18:43:26,STN-KOL-01,Kolkata,Crossover,CCS,16,48,63,21.85,Completed,None,Charging,Paid,389.86
SES-12312,2025-06-14,06:24:23,STN-MUM-01,Mumbai,Sedan,CHAdeMO,52,85,43,19.36,Completed,None,Charging,Paid,312.08
SES-12313,2025-06-14,08:45:36,STN-VSKP-01,Visakhapatnam,Hatchback,CCS,80,100,40,8.12,Completed,None,Available,Paid,132.39
SES-12314,2025-06-14,05:18:52,STN-DEL-01,Delhi,SUV,CCS,57,100,119,38.23,Completed,None,Available,Paid,582.71
SES-12315,2025-06-14,07:43:20,STN-DEL-01,Delhi,Crossover,Type 2,78,78,106,0.00,Failed,Network Error,Maintenance,Failed,0.00
SES-12316,2025-06-14,20:38:46,STN-HYD-01,Hyderabad,Crossover,Type 2,45,52,13,2.79,Cancelled,None,Available,Refunded,0.00
SES-12317,2025-06-14,18:05:04,STN-CBE-01,Coimbatore,Crossover,CHAdeMO,86,100,23,10.74,Completed,None,Charging,Paid,178.85
SES-12318,2025-06-14,19:44:41,STN-PUN-01,Pune,Crossover,Type 2,62,79,24,11.47,Completed,None,Charging,Paid,204.90
SES-12319,2025-06-15,19:03:07,STN-VSKP-01,Visakhapatnam,Sedan,CCS,72,100,69,16.93,Completed,None,Charging,Paid,279.18
SES-12320,2025-06-15,07:16:49,STN-HYD-02,Hyderabad,Hatchback,Type 2,27,41,29,5.21,Completed,None,Available,Paid,89.05
SES-12321,2025-06-15,17:25:42,STN-MUM-02,Mumbai,Sedan,Type 2,89,100,29,5.67,Completed,None,Available,Paid,97.96
SES-12322,2025-06-15,07:44:26,STN-MUM-01,Mumbai,Hatchback,CCS,40,89,58,19.73,Completed,None,Available,Paid,329.65
SES-12323,2025-06-15,02:25:52,STN-PUN-01,Pune,Crossover,CCS,89,100,108,8.34,Completed,None,Charging,Paid,150.94
SES-12324,2025-06-15,20:47:46,STN-MUM-01,Mumbai,Sedan,CCS,25,29,77,1.60,Failed,Payment Failure,Maintenance,Failed,0.00
SES-12325,2025-06-15,18:07:06,STN-HYD-02,Hyderabad,SUV,CCS,76,80,27,1.60,Failed,Charging Interrupted,Offline,Failed,0.00
SES-12326,2025-06-15,06:52:13,STN-BLR-02,Bengaluru,Hatchback,Type 2,59,85,33,10.56,Completed,None,Available,Paid,165.84
SES-12327,2025-06-15,22:51:08,STN-MUM-02,Mumbai,Sedan,CCS,60,79,36,10.92,Completed,None,Available,Paid,198.60
SES-12328,2025-06-15,14:16:11,STN-KOL-01,Kolkata,Sedan,CCS,17,19,42,0.80,Failed,Network Error,Maintenance,Failed,0.00
SES-12329,2025-06-15,19:18:42,STN-VSKP-01,Visakhapatnam,Sedan,Type 2,26,91,73,32.67,Completed,None,Available,Paid,551.64
SES-12330,2025-06-15,20:28:05,STN-KOL-01,Kolkata,Sedan,CCS,11,20,34,3.53,Cancelled,None,Available,Refunded,0.00
SES-12331,2025-06-15,15:56:23,STN-HYD-02,Hyderabad,Hatchback,Type 2,28,91,78,24.07,Completed,None,Available,Paid,439.30
SES-12332,2025-06-15,07:51:15,STN-VSKP-01,Visakhapatnam,SUV,Type 2,65,79,27,10.73,Completed,None,Charging,Paid,181.70
SES-12333,2025-06-16,13:20:03,STN-DEL-01,Delhi,Sedan,CCS,9,39,54,17.73,Completed,None,Charging,Paid,321.23
SES-12334,2025-06-16,18:37:40,STN-DEL-01,Delhi,Crossover,CCS,54,100,119,29.96,Completed,None,Charging,Paid,467.94
SES-12335,2025-06-16,19:13:06,STN-MUM-02,Mumbai,Hatchback,CCS,66,82,29,6.75,Completed,None,Charging,Paid,120.41
SES-12336,2025-06-16,07:00:28,STN-CHE-01,Chennai,SUV,Type 2,59,98,44,30.29,Completed,None,Charging,Paid,499.69
SES-12337,2025-06-16,13:29:56,STN-HYD-01,Hyderabad,Sedan,CCS,30,38,15,3.99,Completed,None,Available,Paid,62.29
SES-12338,2025-06-16,18:34:49,STN-HYD-01,Hyderabad,Hatchback,CCS,14,69,100,20.41,Completed,None,Charging,Paid,371.96
SES-12339,2025-06-16,11:41:10,STN-DEL-01,Delhi,SUV,CCS,15,15,101,0.00,Failed,Station Offline,Offline,Failed,0.00
SES-12340,2025-06-16,08:34:38,STN-DEL-01,Delhi,Hatchback,Type 2,44,100,84,21.06,Completed,None,Available,Paid,374.13
SES-12341,2025-06-16,12:17:12,STN-VIJ-01,Vijayawada,Hatchback,CCS,15,28,18,5.49,Completed,None,Available,Paid,92.93
SES-12342,2025-06-16,07:50:22,STN-VSKP-01,Visakhapatnam,Sedan,Type 2,8,13,61,1.84,Cancelled,None,Maintenance,Refunded,0.00
SES-12343,2025-06-16,19:29:30,STN-KOL-01,Kolkata,Crossover,Type 2,6,31,37,16.90,Completed,None,Available,Paid,289.36
SES-12344,2025-06-17,15:43:27,STN-HYD-02,Hyderabad,SUV,Type 2,81,100,28,16.07,Completed,None,Charging,Paid,242.46
SES-12345,2025-06-17,10:24:43,STN-KOL-01,Kolkata,SUV,CHAdeMO,43,100,112,50.34,Completed,None,Available,Paid,926.35
SES-12346,2025-06-17,06:06:44,STN-BLR-01,Bengaluru,Crossover,CCS,85,100,94,11.36,Completed,None,Available,Paid,184.46
SES-12347,2025-06-17,06:18:18,STN-VSKP-01,Visakhapatnam,SUV,CCS,27,80,72,43.31,Completed,None,Available,Paid,709.62
SES-12348,2025-06-17,18:08:47,STN-DEL-02,Delhi,Hatchback,Type 2,49,100,104,19.11,Completed,None,Available,Paid,329.93
SES-12349,2025-06-17,18:37:39,STN-CHE-01,Chennai,Hatchback,CCS,78,100,115,8.58,Completed,None,Charging,Paid,145.04
SES-12350,2025-06-17,13:23:47,STN-CBE-01,Coimbatore,Sedan,Type 2,81,94,16,6.78,Completed,None,Charging,Paid,114.49
SES-12351,2025-06-17,22:52:53,STN-PUN-01,Pune,Crossover,CHAdeMO,46,50,46,1.60,Failed,Station Offline,Maintenance,Failed,0.00
SES-12352,2025-06-17,21:44:25,STN-DEL-02,Delhi,SUV,Type 2,46,100,98,49.82,Completed,None,Available,Paid,846.80
SES-12353,2025-06-17,10:28:51,STN-HYD-02,Hyderabad,SUV,Type 2,33,100,101,53.03,Completed,None,Available,Paid,821.13
SES-12354,2025-06-17,19:36:52,STN-DEL-02,Delhi,Crossover,Type 2,20,48,45,20.54,Completed,None,Available,Paid,367.08
SES-12355,2025-06-18,05:43:37,STN-DEL-02,Delhi,SUV,CCS,71,90,26,16.32,Completed,None,Available,Paid,261.21
SES-12356,2025-06-18,15:03:50,STN-HYD-02,Hyderabad,Hatchback,CCS,64,100,99,15.23,Completed,None,Charging,Paid,233.56
SES-12357,2025-06-18,23:34:22,STN-VSKP-01,Visakhapatnam,Hatchback,CCS,8,8,101,0.00,Failed,Network Error,Offline,Failed,0.00
SES-12358,2025-06-18,18:25:51,STN-VIJ-01,Vijayawada,Sedan,CCS,20,52,46,17.98,Completed,None,Available,Paid,327.97
SES-12359,2025-06-18,20:07:42,STN-CBE-01,Coimbatore,Sedan,CCS,45,100,90,30.23,Completed,None,Available,Paid,473.43
SES-12360,2025-06-18,18:02:31,STN-DEL-01,Delhi,Sedan,Type 2,10,12,69,0.80,Failed,Connector Error,Maintenance,Failed,0.00
SES-12361,2025-06-18,16:13:59,STN-DEL-01,Delhi,Hatchback,Type 2,46,92,58,17.08,Completed,None,Charging,Paid,296.91
SES-12362,2025-06-18,08:46:05,STN-MUM-02,Mumbai,Sedan,Type 2,61,100,90,19.94,Completed,None,Charging,Paid,307.37
SES-12363,2025-06-18,07:35:39,STN-DEL-02,Delhi,Sedan,CCS,32,95,106,38.09,Completed,None,Available,Paid,591.29
SES-12364,2025-06-18,07:04:12,STN-PUN-01,Pune,Sedan,CCS,27,85,65,32.57,Completed,None,Available,Paid,521.98
SES-12365,2025-06-18,09:00:12,STN-VIJ-01,Vijayawada,Sedan,CHAdeMO,80,100,43,11.12,Completed,None,Charging,Paid,200.97
SES-12366,2025-06-19,08:10:52,STN-VIJ-01,Vijayawada,Hatchback,Type 2,46,98,96,21.94,Completed,None,Available,Paid,365.12
SES-12367,2025-06-19,05:39:31,STN-HYD-02,Hyderabad,Crossover,Type 2,16,35,39,12.15,Completed,None,Available,Paid,189.63
SES-12368,2025-06-19,22:13:44,STN-PUN-01,Pune,Sedan,CHAdeMO,68,91,36,13.68,Completed,None,Charging,Paid,252.11
SES-12369,2025-06-19,13:26:19,STN-CBE-01,Coimbatore,SUV,Type 2,62,63,60,0.40,Failed,Network Error,Maintenance,Failed,0.00
SES-12370,2025-06-19,12:26:52,STN-MUM-01,Mumbai,Hatchback,Type 2,55,67,18,5.07,Completed,None,Charging,Paid,93.60
SES-12371,2025-06-19,05:27:24,STN-VSKP-01,Visakhapatnam,SUV,CCS,33,53,29,15.48,Completed,None,Available,Paid,282.16
SES-12372,2025-06-19,08:43:45,STN-HYD-01,Hyderabad,Crossover,CCS,23,100,96,59.05,Completed,None,Available,Paid,954.78
SES-12373,2025-06-19,08:13:07,STN-MUM-02,Mumbai,SUV,Type 2,90,100,56,7.67,Completed,None,Available,Paid,129.46
SES-12374,2025-06-19,09:00:15,STN-HYD-01,Hyderabad,Sedan,CCS,49,72,28,12.03,Completed,None,Available,Paid,184.23
SES-12375,2025-06-19,09:14:23,STN-KOL-01,Kolkata,Crossover,Type 2,58,100,110,32.24,Completed,None,Available,Paid,500.75
SES-12376,2025-06-19,17:50:54,STN-MUM-02,Mumbai,SUV,CCS,84,100,118,14.44,Completed,None,Charging,Paid,263.23
SES-12377,2025-06-19,21:55:55,STN-CHE-01,Chennai,Sedan,CCS,70,100,77,14.91,Completed,None,Available,Paid,255.49
SES-12378,2025-06-19,18:57:34,STN-HYD-02,Hyderabad,Sedan,CCS,76,100,86,12.23,Completed,None,Available,Paid,194.57
SES-12379,2025-06-19,19:15:07,STN-HYD-01,Hyderabad,Crossover,CCS,17,25,111,3.04,Cancelled,None,Available,Refunded,0.00
SES-12380,2025-06-19,18:44:30,STN-PUN-01,Pune,Hatchback,Type 2,69,83,21,6.08,Completed,None,Available,Paid,95.13
SES-12381,2025-06-19,18:53:54,STN-HYD-02,Hyderabad,SUV,CCS,16,72,82,51.71,Completed,None,Available,Paid,904.51
SES-12382,2025-06-20,17:52:29,STN-PUN-01,Pune,Hatchback,Type 2,75,100,88,10.13,Completed,None,Charging,Paid,152.83
SES-12383,2025-06-20,06:26:46,STN-DEL-02,Delhi,SUV,CCS,18,78,94,52.22,Completed,None,Available,Paid,820.35
SES-12384,2025-06-20,09:05:54,STN-HYD-01,Hyderabad,Sedan,CCS,46,100,88,29.85,Completed,None,Available,Paid,544.60
SES-12385,2025-06-20,08:17:15,STN-DEL-02,Delhi,Hatchback,CCS,80,88,14,3.32,Completed,None,Available,Paid,55.68
SES-12386,2025-06-20,13:44:39,STN-VSKP-01,Visakhapatnam,Hatchback,CHAdeMO,52,100,78,21.10,Completed,None,Available,Paid,318.24
SES-12387,2025-06-20,18:29:25,STN-DEL-01,Delhi,SUV,CCS,28,53,34,19.86,Completed,None,Charging,Paid,326.31
SES-12388,2025-06-20,15:57:52,STN-MUM-01,Mumbai,Sedan,Type 2,69,100,97,18.43,Completed,None,Available,Paid,323.49
SES-12389,2025-06-20,07:28:21,STN-CHE-01,Chennai,Sedan,CCS,21,100,110,42.70,Completed,None,Available,Paid,743.51
SES-12390,2025-06-20,15:59:08,STN-CHE-01,Chennai,Hatchback,CCS,42,63,40,8.30,Completed,None,Available,Paid,142.25
SES-12391,2025-06-20,12:35:12,STN-VSKP-01,Visakhapatnam,Hatchback,Type 2,32,74,55,16.19,Completed,None,Available,Paid,287.86
SES-12392,2025-06-21,03:36:06,STN-HYD-01,Hyderabad,Hatchback,CCS,37,58,43,8.52,Completed,None,Available,Paid,152.88
SES-12393,2025-06-21,18:40:13,STN-BLR-02,Bengaluru,Hatchback,CCS,28,61,50,12.55,Completed,None,Charging,Paid,212.34
SES-12394,2025-06-21,21:35:51,STN-MUM-01,Mumbai,Hatchback,CCS,74,100,87,9.37,Completed,None,Available,Paid,173.32
SES-12395,2025-06-21,19:16:39,STN-KOL-01,Kolkata,Hatchback,CCS,89,100,100,4.76,Completed,None,Available,Paid,82.39
SES-12396,2025-06-21,21:26:00,STN-BLR-01,Bengaluru,Sedan,CCS,8,81,120,37.94,Completed,None,Charging,Paid,618.62
SES-12397,2025-06-21,22:03:23,STN-CBE-01,Coimbatore,SUV,Type 2,37,78,77,32.40,Completed,None,Charging,Paid,534.47
SES-12398,2025-06-21,16:06:00,STN-MUM-02,Mumbai,SUV,CCS,14,19,96,1.94,Cancelled,None,Available,Refunded,0.00
SES-12399,2025-06-21,09:43:50,STN-CHE-01,Chennai,Sedan,CHAdeMO,40,71,47,17.08,Completed,None,Available,Paid,314.28
SES-12400,2025-06-21,09:53:15,STN-HYD-02,Hyderabad,Hatchback,CCS,81,100,55,7.87,Completed,None,Available,Paid,120.99
SES-12401,2025-06-21,22:28:58,STN-DEL-01,Delhi,Crossover,CCS,77,100,78,15.30,Completed,None,Available,Paid,256.20
SES-12402,2025-06-21,18:28:16,STN-DEL-02,Delhi,SUV,CCS,35,59,36,20.87,Completed,None,Available,Paid,322.89
SES-12403,2025-06-22,17:21:23,STN-BLR-01,Bengaluru,Crossover,CCS,8,10,52,0.69,Cancelled,None,Available,Refunded,0.00
SES-12404,2025-06-22,09:20:50,STN-KOL-01,Kolkata,SUV,CCS,88,100,87,10.29,Completed,None,Available,Paid,158.40
SES-12405,2025-06-22,17:55:06,STN-HYD-02,Hyderabad,SUV,CCS,12,79,80,56.51,Completed,None,Available,Paid,883.54
SES-12406,2025-06-22,18:04:43,STN-HYD-01,Hyderabad,SUV,CHAdeMO,31,100,119,56.47,Completed,None,Available,Paid,858.10
SES-12407,2025-06-22,08:56:20,STN-MUM-01,Mumbai,Sedan,Type 2,40,79,54,22.14,Completed,None,Charging,Paid,373.93
SES-12408,2025-06-22,21:19:14,STN-CHE-01,Chennai,SUV,Type 2,13,27,27,12.71,Completed,None,Available,Paid,196.52
SES-12409,2025-06-22,19:50:11,STN-MUM-02,Mumbai,SUV,CCS,47,75,41,22.58,Completed,None,Charging,Paid,378.13
SES-12410,2025-06-22,12:20:36,STN-VSKP-01,Visakhapatnam,Crossover,CHAdeMO,28,32,11,1.60,Failed,Station Offline,Maintenance,Failed,0.00
SES-12411,2025-06-22,12:25:41,STN-BLR-01,Bengaluru,SUV,CCS,41,84,50,34.31,Completed,None,Charging,Paid,618.65
SES-12412,2025-06-22,02:08:26,STN-VSKP-01,Visakhapatnam,Sedan,Type 2,45,100,116,27.69,Completed,None,Available,Paid,490.69
SES-12413,2025-06-22,19:30:20,STN-CHE-01,Chennai,Sedan,CCS,30,45,29,7.56,Completed,None,Available,Paid,119.31
SES-12414,2025-06-22,17:38:14,STN-CBE-01,Coimbatore,Crossover,CCS,8,77,102,44.29,Completed,None,Charging,Paid,772.21
SES-12415,2025-06-22,01:48:42,STN-BLR-02,Bengaluru,SUV,CHAdeMO,5,57,67,46.78,Completed,None,Available,Paid,839.28
SES-12416,2025-06-22,19:56:41,STN-BLR-02,Bengaluru,Crossover,CCS,24,100,116,55.51,Completed,None,Charging,Paid,863.39
SES-12417,2025-06-22,09:13:03,STN-KOL-01,Kolkata,SUV,Type 2,49,100,99,39.99,Completed,None,Available,Paid,662.18
SES-12418,2025-06-22,22:33:11,STN-KOL-01,Kolkata,SUV,CCS,73,100,47,21.79,Completed,None,Charging,Paid,358.50
SES-12419,2025-06-22,17:19:04,STN-BLR-02,Bengaluru,Hatchback,CCS,56,61,10,2.11,Completed,None,Charging,Paid,34.82
SES-12420,2025-06-22,07:23:42,STN-DEL-01,Delhi,Sedan,Type 2,68,100,78,19.00,Completed,None,Available,Paid,325.08
SES-12421,2025-06-22,17:35:37,STN-DEL-02,Delhi,Hatchback,Type 2,25,58,63,13.80,Completed,None,Available,Paid,240.92
SES-12422,2025-06-22,19:14:45,STN-HYD-01,Hyderabad,SUV,Type 2,84,100,23,12.68,Completed,None,Available,Paid,194.82
SES-12423,2025-06-22,19:28:43,STN-HYD-02,Hyderabad,Hatchback,CCS,76,95,34,7.13,Completed,None,Available,Paid,126.05
SES-12424,2025-06-22,22:28:44,STN-CHE-01,Chennai,Hatchback,CCS,80,90,18,3.98,Completed,None,Charging,Paid,71.93
SES-12425,2025-06-23,10:48:20,STN-CBE-01,Coimbatore,Sedan,CCS,29,95,103,37.14,Completed,None,Available,Paid,588.76
SES-12426,2025-06-23,07:41:43,STN-HYD-02,Hyderabad,SUV,CCS,71,100,92,22.60,Completed,None,Charging,Paid,358.78
SES-12427,2025-06-23,16:41:03,STN-HYD-02,Hyderabad,Sedan,Type 2,30,90,70,33.18,Completed,None,Available,Paid,557.44
SES-12428,2025-06-23,18:28:40,STN-CHE-01,Chennai,Sedan,CCS,85,100,61,8.09,Completed,None,Charging,Paid,141.84
SES-12429,2025-06-23,07:08:52,STN-DEL-02,Delhi,Hatchback,Type 2,31,100,113,26.16,Completed,None,Charging,Paid,479.97
SES-12430,2025-06-23,18:51:42,STN-DEL-01,Delhi,Sedan,Type 2,56,69,17,7.49,Completed,None,Charging,Paid,137.75
SES-12431,2025-06-23,09:52:41,STN-VIJ-01,Vijayawada,SUV,CCS,67,79,25,10.39,Completed,None,Charging,Paid,173.51
SES-12432,2025-06-23,14:04:10,STN-DEL-01,Delhi,Sedan,Type 2,90,94,17,1.58,Cancelled,None,Available,Refunded,0.00
SES-12433,2025-06-23,08:27:15,STN-CBE-01,Coimbatore,Sedan,CHAdeMO,49,53,32,1.60,Failed,Connector Error,Offline,Failed,0.00
SES-12434,2025-06-23,13:29:03,STN-CBE-01,Coimbatore,Sedan,CCS,62,100,82,21.87,Completed,None,Charging,Paid,372.82
SES-12435,2025-06-24,08:45:02,STN-MUM-01,Mumbai,Sedan,CCS,42,100,105,33.48,Completed,None,Available,Paid,544.74
SES-12436,2025-06-24,23:05:42,STN-KOL-01,Kolkata,Hatchback,CCS,39,100,110,22.26,Completed,None,Charging,Paid,342.20
SES-12437,2025-06-24,10:43:04,STN-VIJ-01,Vijayawada,SUV,Type 2,50,84,43,26.31,Completed,None,Charging,Paid,479.78
SES-12438,2025-06-24,09:27:25,STN-CBE-01,Coimbatore,Crossover,CCS,75,100,119,18.52,Completed,None,Available,Paid,315.46
SES-12439,2025-06-24,07:02:08,STN-HYD-01,Hyderabad,Sedan,Type 2,7,23,27,8.26,Completed,None,Available,Paid,146.87
SES-12440,2025-06-24,06:30:48,STN-MUM-01,Mumbai,Hatchback,CCS,10,12,118,0.80,Failed,Connector Error,Maintenance,Failed,0.00
SES-12441,2025-06-24,19:54:22,STN-DEL-02,Delhi,Hatchback,Type 2,17,52,53,13.66,Completed,None,Charging,Paid,219.27
SES-12442,2025-06-24,19:40:04,STN-HYD-02,Hyderabad,Sedan,Type 2,50,69,24,11.25,Completed,None,Charging,Paid,184.28
SES-12443,2025-06-24,16:02:18,STN-HYD-01,Hyderabad,Hatchback,CHAdeMO,83,87,24,1.60,Failed,Connector Error,Offline,Failed,0.00
SES-12444,2025-06-24,07:37:03,STN-MUM-01,Mumbai,Hatchback,CCS,37,100,102,22.79,Completed,None,Available,Paid,404.29
SES-12445,2025-06-24,17:44:58,STN-KOL-01,Kolkata,SUV,CCS,83,100,32,14.87,Completed,None,Charging,Paid,264.92
SES-12446,2025-06-24,00:10:36,STN-MUM-01,Mumbai,Hatchback,CCS,66,100,96,14.13,Completed,None,Available,Paid,239.97
SES-12447,2025-06-24,05:16:53,STN-BLR-02,Bengaluru,SUV,CCS,67,100,74,27.00,Completed,None,Available,Paid,428.58
SES-12448,2025-06-24,12:46:25,STN-DEL-01,Delhi,Sedan,CCS,60,100,95,23.33,Completed,None,Charging,Paid,396.29
SES-12449,2025-06-24,15:25:22,STN-PUN-01,Pune,SUV,CHAdeMO,43,89,80,37.91,Completed,None,Available,Paid,693.98
SES-12450,2025-06-24,19:07:43,STN-MUM-01,Mumbai,Hatchback,Type 2,64,100,118,15.62,Completed,None,Available,Paid,248.05
SES-12451,2025-06-25,14:21:14,STN-BLR-01,Bengaluru,SUV,CCS,82,100,41,15.96,Completed,None,Available,Paid,280.19
SES-12452,2025-06-25,06:55:56,STN-VIJ-01,Vijayawada,SUV,Type 2,87,88,101,0.40,Failed,Network Error,Maintenance,Failed,0.00
SES-12453,2025-06-25,07:40:46,STN-BLR-02,Bengaluru,SUV,CCS,28,53,41,21.50,Completed,None,Available,Paid,394.61
SES-12454,2025-06-25,10:52:00,STN-HYD-02,Hyderabad,Hatchback,CCS,54,56,42,0.66,Cancelled,None,Maintenance,Refunded,0.00
SES-12455,2025-06-25,16:18:13,STN-MUM-02,Mumbai,Hatchback,Type 2,37,74,52,13.46,Completed,None,Charging,Paid,223.24
SES-12456,2025-06-25,22:11:25,STN-DEL-01,Delhi,Sedan,CHAdeMO,80,93,22,7.73,Completed,None,Available,Paid,133.20
SES-12457,2025-06-25,06:14:45,STN-DEL-02,Delhi,Hatchback,CCS,78,82,101,1.60,Failed,Network Error,Maintenance,Failed,0.00
SES-12458,2025-06-25,07:00:59,STN-CHE-01,Chennai,SUV,Type 2,11,24,18,11.37,Completed,None,Available,Paid,197.49
SES-12459,2025-06-25,07:56:02,STN-DEL-02,Delhi,SUV,Type 2,50,100,71,43.45,Completed,None,Charging,Paid,654.75
SES-12460,2025-06-25,19:51:59,STN-BLR-02,Bengaluru,SUV,CCS,66,100,66,28.21,Completed,None,Charging,Paid,429.34
SES-12461,2025-06-25,17:28:24,STN-VSKP-01,Visakhapatnam,Hatchback,CCS,5,35,57,11.92,Completed,None,Charging,Paid,182.04
SES-12462,2025-06-25,20:38:07,STN-KOL-01,Kolkata,Hatchback,Type 2,83,100,52,7.34,Completed,None,Available,Paid,130.83
SES-12463,2025-06-26,18:46:41,STN-KOL-01,Kolkata,SUV,Type 2,69,100,76,25.51,Completed,None,Available,Paid,444.52
SES-12464,2025-06-26,08:32:37,STN-KOL-01,Kolkata,SUV,CCS,49,99,90,43.52,Completed,None,Available,Paid,666.90
SES-12465,2025-06-26,12:45:34,STN-BLR-01,Bengaluru,SUV,CCS,88,89,107,0.40,Failed,Payment Failure,Maintenance,Failed,0.00
SES-12466,2025-06-26,19:02:18,STN-DEL-02,Delhi,Sedan,Type 2,59,90,41,16.53,Completed,None,Charging,Paid,299.35
SES-12467,2025-06-26,13:14:10,STN-CBE-01,Coimbatore,Crossover,Type 2,70,76,82,1.96,Cancelled,None,Available,Refunded,0.00
SES-12468,2025-06-26,17:58:23,STN-VSKP-01,Visakhapatnam,SUV,CCS,71,73,114,0.80,Failed,Payment Failure,Maintenance,Failed,0.00
SES-12469,2025-06-26,12:36:03,STN-CBE-01,Coimbatore,SUV,CCS,84,100,69,13.80,Completed,None,Available,Paid,241.07
SES-12470,2025-06-26,08:56:48,STN-BLR-01,Bengaluru,Hatchback,Type 2,58,65,10,2.96,Completed,None,Available,Paid,45.99
SES-12471,2025-06-26,13:36:47,STN-CHE-01,Chennai,Sedan,Type 2,67,100,66,18.26,Completed,None,Available,Paid,312.25
SES-12472,2025-06-26,06:59:57,STN-CBE-01,Coimbatore,Hatchback,Type 2,58,100,115,15.44,Completed,None,Available,Paid,270.21
SES-12473,2025-06-26,08:10:43,STN-MUM-02,Mumbai,Hatchback,CHAdeMO,56,100,93,16.38,Completed,None,Available,Paid,275.33
SES-12474,2025-06-26,12:43:43,STN-DEL-01,Delhi,Hatchback,Type 2,58,59,78,0.40,Failed,Charging Interrupted,Offline,Failed,0.00
SES-12475,2025-06-26,16:33:24,STN-DEL-01,Delhi,Sedan,CHAdeMO,71,100,113,16.20,Completed,None,Charging,Paid,258.50
SES-12476,2025-06-26,13:51:54,STN-PUN-01,Pune,SUV,CHAdeMO,41,100,118,51.17,Completed,None,Available,Paid,906.27
SES-12477,2025-06-26,11:09:44,STN-BLR-01,Bengaluru,Sedan,Type 2,16,99,94,41.83,Completed,None,Charging,Paid,680.22
SES-12478,2025-06-27,14:18:05,STN-CHE-01,Chennai,SUV,Type 2,63,100,78,32.26,Completed,None,Available,Paid,593.03
SES-12479,2025-06-27,00:52:51,STN-MUM-01,Mumbai,Hatchback,Type 2,24,91,77,27.17,Completed,None,Available,Paid,468.19
SES-12480,2025-06-27,21:13:09,STN-MUM-01,Mumbai,Sedan,Type 2,90,100,70,4.97,Completed,None,Charging,Paid,85.30
SES-12481,2025-06-27,01:28:14,STN-HYD-02,Hyderabad,Hatchback,CCS,36,48,17,4.49,Completed,None,Available,Paid,68.70
SES-12482,2025-06-27,17:17:45,STN-BLR-01,Bengaluru,SUV,CCS,75,77,98,0.77,Cancelled,None,Available,Refunded,0.00
SES-12483,2025-06-27,05:25:09,STN-HYD-01,Hyderabad,Hatchback,CCS,90,100,16,3.82,Completed,None,Available,Paid,61.83
SES-12484,2025-06-27,15:54:01,STN-DEL-02,Delhi,SUV,CCS,48,87,46,36.00,Completed,None,Charging,Paid,636.31
SES-12485,2025-06-27,03:54:15,STN-HYD-02,Hyderabad,Sedan,CCS,70,100,51,16.94,Completed,None,Charging,Paid,302.12
SES-12486,2025-06-27,15:18:27,STN-HYD-02,Hyderabad,Sedan,CHAdeMO,82,100,41,9.70,Completed,None,Charging,Paid,162.52
SES-12487,2025-06-27,07:18:36,STN-VSKP-01,Visakhapatnam,Hatchback,CCS,59,79,26,7.96,Completed,None,Available,Paid,144.21
SES-12488,2025-06-27,20:12:12,STN-HYD-02,Hyderabad,SUV,CCS,20,38,37,14.21,Completed,None,Available,Paid,239.91
SES-12489,2025-06-27,23:47:14,STN-CBE-01,Coimbatore,SUV,Type 2,75,100,79,19.99,Completed,None,Available,Paid,334.28
SES-12490,2025-06-27,11:49:27,STN-CHE-01,Chennai,Sedan,CCS,72,100,115,14.54,Completed,None,Available,Paid,219.44
SES-12491,2025-06-27,12:21:21,STN-VSKP-01,Visakhapatnam,SUV,Type 2,56,100,57,36.23,Completed,None,Available,Paid,607.89
SES-12492,2025-06-27,09:38:33,STN-KOL-01,Kolkata,Hatchback,CCS,41,83,63,15.49,Completed,None,Charging,Paid,269.71
SES-12493,2025-06-27,15:41:39,STN-DEL-01,Delhi,Hatchback,CCS,50,83,51,12.29,Completed,None,Charging,Paid,210.14
SES-12494,2025-06-28,19:01:58,STN-HYD-02,Hyderabad,Sedan,Type 2,45,74,45,17.24,Completed,None,Available,Paid,278.21
SES-12495,2025-06-28,09:21:16,STN-DEL-01,Delhi,SUV,Type 2,9,52,75,36.72,Completed,None,Charging,Paid,660.67
SES-12496,2025-06-28,11:06:43,STN-DEL-01,Delhi,Sedan,Type 2,70,96,40,15.07,Completed,None,Charging,Paid,251.25
SES-12497,2025-06-28,21:11:34,STN-BLR-01,Bengaluru,Crossover,CCS,9,72,74,41.15,Completed,None,Available,Paid,661.56
SES-12498,2025-06-28,14:40:09,STN-CHE-01,Chennai,SUV,CCS,67,76,12,7.48,Completed,None,Available,Paid,128.85
SES-12499,2025-06-28,17:37:56,STN-DEL-01,Delhi,Hatchback,CCS,7,25,22,7.05,Completed,None,Available,Paid,119.40
SES-12500,2025-06-28,17:43:36,STN-HYD-02,Hyderabad,Hatchback,CCS,12,32,40,8.45,Completed,None,Available,Paid,142.28
SES-12501,2025-06-28,20:14:21,STN-CHE-01,Chennai,Hatchback,CCS,30,55,38,9.10,Completed,None,Available,Paid,142.69
SES-12502,2025-06-28,05:39:36,STN-HYD-02,Hyderabad,Crossover,CCS,78,82,66,1.60,Failed,Payment Failure,Maintenance,Failed,0.00
SES-12503,2025-06-28,19:59:33,STN-VSKP-01,Visakhapatnam,Sedan,Type 2,57,100,117,21.43,Completed,None,Charging,Paid,349.99
SES-12504,2025-06-28,17:52:34,STN-BLR-02,Bengaluru,Crossover,Type 2,80,100,42,14.76,Completed,None,Available,Paid,264.40
SES-12505,2025-06-28,20:07:38,STN-DEL-02,Delhi,Hatchback,CCS,88,100,62,4.43,Completed,None,Available,Paid,68.52
SES-12506,2025-06-28,15:27:36,STN-BLR-02,Bengaluru,SUV,CCS,33,47,19,11.10,Completed,None,Available,Paid,196.17
SES-12507,2025-06-28,20:35:16,STN-BLR-02,Bengaluru,Hatchback,CHAdeMO,18,100,111,35.52,Completed,None,Available,Paid,611.37
SES-12508,2025-06-29,18:01:30,STN-VSKP-01,Visakhapatnam,Hatchback,CCS,9,52,72,16.74,Completed,None,Available,Paid,305.29
SES-12509,2025-06-29,18:29:11,STN-BLR-01,Bengaluru,Hatchback,CCS,31,73,82,16.97,Completed,None,Available,Paid,302.97
SES-12510,2025-06-29,19:50:56,STN-HYD-01,Hyderabad,Sedan,CCS,72,100,74,14.37,Completed,None,Available,Paid,230.33
SES-12511,2025-06-29,17:23:23,STN-CBE-01,Coimbatore,SUV,Type 2,33,100,117,58.53,Completed,None,Charging,Paid,"1,015.02"
SES-12512,2025-06-29,17:10:12,STN-KOL-01,Kolkata,Sedan,CCS,7,100,110,54.51,Completed,None,Available,Paid,915.21
SES-12513,2025-06-29,07:09:07,STN-DEL-02,Delhi,Hatchback,CHAdeMO,34,36,105,0.80,Failed,Payment Failure,Maintenance,Failed,0.00
SES-12514,2025-06-29,13:07:08,STN-BLR-01,Bengaluru,Crossover,CCS,13,89,106,55.14,Completed,None,Available,Paid,827.58
SES-12515,2025-06-29,23:27:01,STN-HYD-02,Hyderabad,Hatchback,CCS,5,9,11,1.39,Cancelled,None,Available,Refunded,0.00
SES-12516,2025-06-30,06:07:12,STN-BLR-01,Bengaluru,SUV,CCS,27,91,119,49.96,Completed,None,Charging,Paid,879.70
SES-12517,2025-06-30,16:27:34,STN-HYD-02,Hyderabad,Hatchback,CCS,71,76,11,2.07,Completed,None,Available,Paid,36.30
SES-12518,2025-06-30,12:14:01,STN-HYD-01,Hyderabad,Sedan,CCS,36,100,78,36.57,Completed,None,Available,Paid,590.85
SES-12519,2025-06-30,18:11:56,STN-DEL-01,Delhi,SUV,CHAdeMO,10,56,83,35.21,Completed,None,Available,Paid,592.76
SES-12520,2025-06-30,07:02:04,STN-BLR-01,Bengaluru,Hatchback,CCS,81,100,111,7.85,Completed,None,Charging,Paid,143.57
SES-12521,2025-06-30,07:46:18,STN-CBE-01,Coimbatore,Sedan,Type 2,53,54,46,0.50,Cancelled,None,Available,Refunded,0.00
SES-12522,2025-06-30,17:36:53,STN-PUN-01,Pune,Sedan,CCS,19,27,11,4.77,Completed,None,Available,Paid,72.58
SES-12523,2025-06-30,19:27:26,STN-KOL-01,Kolkata,Hatchback,CCS,62,100,114,15.48,Completed,None,Available,Paid,280.82
SES-12524,2025-06-30,10:02:35,STN-DEL-01,Delhi,SUV,CCS,57,100,70,35.33,Completed,None,Charging,Paid,647.30
SES-12525,2025-06-30,11:24:21,STN-VIJ-01,Vijayawada,Hatchback,CCS,34,36,115,0.80,Failed,Network Error,Offline,Failed,0.00
SES-12526,2025-06-30,15:46:29,STN-MUM-02,Mumbai,Sedan,Type 2,80,100,49,10.80,Completed,None,Available,Paid,184.71
SES-12527,2025-06-30,17:27:30,STN-BLR-01,Bengaluru,Sedan,Type 2,44,99,72,28.46,Completed,None,Available,Paid,452.79
SES-12528,2025-06-30,20:25:42,STN-HYD-02,Hyderabad,SUV,Type 2,63,88,34,19.40,Completed,None,Available,Paid,299.87
SES-12529,2025-06-30,19:00:36,STN-DEL-02,Delhi,Hatchback,CCS,67,94,47,11.39,Completed,None,Available,Paid,189.58
SES-12530,2025-06-30,07:45:08,STN-BLR-01,Bengaluru,SUV,CCS,52,88,46,27.56,Completed,None,Charging,Paid,508.74
SES-12531,2025-07-01,07:20:30,STN-HYD-02,Hyderabad,Hatchback,CHAdeMO,72,100,91,10.09,Completed,None,Available,Paid,161.41
SES-12532,2025-07-01,08:53:21,STN-HYD-01,Hyderabad,SUV,CHAdeMO,11,38,36,22.70,Completed,None,Available,Paid,377.53
SES-12533,2025-07-01,12:54:05,STN-BLR-02,Bengaluru,Hatchback,CCS,51,100,93,19.87,Completed,None,Available,Paid,330.39
SES-12534,2025-07-01,07:25:04,STN-BLR-01,Bengaluru,Sedan,CCS,47,51,59,1.60,Failed,Station Offline,Maintenance,Failed,0.00
SES-12535,2025-07-01,08:39:13,STN-MUM-01,Mumbai,SUV,Type 2,20,57,43,28.48,Completed,None,Available,Paid,482.53
SES-12536,2025-07-01,10:41:29,STN-VIJ-01,Vijayawada,Sedan,Type 2,26,53,53,14.94,Completed,None,Available,Paid,232.26
SES-12537,2025-07-01,20:25:52,STN-MUM-02,Mumbai,Sedan,CCS,67,100,81,17.75,Completed,None,Available,Paid,284.20
SES-12538,2025-07-01,17:18:46,STN-MUM-01,Mumbai,Sedan,CCS,50,59,13,5.01,Completed,None,Available,Paid,91.42
SES-12539,2025-07-01,14:52:41,STN-DEL-01,Delhi,Sedan,Type 2,49,100,103,28.49,Completed,None,Available,Paid,481.10
SES-12540,2025-07-01,18:52:34,STN-VIJ-01,Vijayawada,Crossover,CCS,45,91,61,35.30,Completed,None,Available,Paid,569.43
SES-12541,2025-07-01,17:04:15,STN-DEL-01,Delhi,Sedan,CCS,29,73,64,25.26,Completed,None,Available,Paid,405.64
SES-12542,2025-07-01,05:37:57,STN-BLR-02,Bengaluru,Sedan,CCS,54,100,109,25.49,Completed,None,Available,Paid,445.82
SES-12543,2025-07-01,18:51:19,STN-BLR-02,Bengaluru,Hatchback,CCS,71,100,82,11.47,Completed,None,Charging,Paid,175.36
SES-12544,2025-07-02,12:01:19,STN-DEL-01,Delhi,SUV,CHAdeMO,56,100,114,35.61,Completed,None,Charging,Paid,653.97
SES-12545,2025-07-02,15:00:57,STN-BLR-01,Bengaluru,SUV,Type 2,90,100,21,8.76,Completed,None,Available,Paid,146.74
SES-12546,2025-07-02,14:18:43,STN-CHE-01,Chennai,SUV,Type 2,35,53,23,16.52,Completed,None,Charging,Paid,262.92
SES-12547,2025-07-02,08:43:38,STN-BLR-01,Bengaluru,SUV,CCS,41,74,44,30.21,Completed,None,Available,Paid,531.37
SES-12548,2025-07-02,23:45:07,STN-MUM-02,Mumbai,Sedan,Type 2,26,35,15,4.49,Completed,None,Charging,Paid,77.97
SES-12549,2025-07-02,19:53:13,STN-DEL-01,Delhi,Sedan,CCS,31,64,56,18.73,Completed,None,Charging,Paid,291.65
SES-12550,2025-07-02,18:39:33,STN-MUM-01,Mumbai,Hatchback,CCS,6,8,32,0.80,Failed,Charging Interrupted,Maintenance,Failed,0.00
SES-12551,2025-07-02,07:44:06,STN-CBE-01,Coimbatore,Sedan,Type 2,26,87,77,35.87,Completed,None,Charging,Paid,609.09
SES-12552,2025-07-02,12:26:13,STN-BLR-02,Bengaluru,Sedan,CCS,57,100,74,24.17,Completed,None,Available,Paid,424.95
SES-12553,2025-07-02,10:32:32,STN-MUM-01,Mumbai,SUV,CCS,21,55,68,30.15,Completed,None,Charging,Paid,518.97
SES-12554,2025-07-02,18:52:46,STN-DEL-01,Delhi,Sedan,CCS,60,74,18,7.49,Completed,None,Available,Paid,136.81
SES-12555,2025-07-02,10:31:47,STN-HYD-01,Hyderabad,SUV,CCS,88,91,67,1.20,Failed,Payment Failure,Offline,Failed,0.00
SES-12556,2025-07-02,10:28:23,STN-DEL-01,Delhi,Hatchback,CCS,35,75,57,16.29,Completed,None,Available,Paid,274.71
SES-12557,2025-07-02,23:47:23,STN-PUN-01,Pune,Crossover,Type 2,47,88,72,31.29,Completed,None,Available,Paid,480.76
SES-12558,2025-07-02,06:53:37,STN-VSKP-01,Visakhapatnam,Hatchback,CCS,76,89,18,4.88,Completed,None,Available,Paid,77.67
SES-12559,2025-07-02,09:10:31,STN-VIJ-01,Vijayawada,Sedan,CCS,57,88,53,16.95,Completed,None,Available,Paid,259.44
SES-12560,2025-07-03,10:05:23,STN-MUM-02,Mumbai,Crossover,Type 2,9,45,55,24.50,Completed,None,Available,Paid,393.07
SES-12561,2025-07-03,08:50:11,STN-PUN-01,Pune,SUV,CCS,6,21,24,13.93,Completed,None,Available,Paid,231.58
SES-12562,2025-07-03,17:37:17,STN-DEL-02,Delhi,Sedan,Type 2,63,100,97,19.83,Completed,None,Available,Paid,333.75
SES-12563,2025-07-03,21:38:54,STN-MUM-01,Mumbai,SUV,Type 2,8,62,62,45.11,Completed,None,Available,Paid,779.42
SES-12564,2025-07-03,09:39:29,STN-HYD-01,Hyderabad,Hatchback,CCS,38,76,57,14.93,Completed,None,Available,Paid,274.34
SES-12565,2025-07-03,19:40:51,STN-MUM-02,Mumbai,Sedan,Type 2,71,100,81,16.00,Completed,None,Charging,Paid,265.28
SES-12566,2025-07-03,09:35:29,STN-HYD-02,Hyderabad,SUV,CCS,88,89,101,0.40,Failed,Station Offline,Maintenance,Failed,0.00
SES-12567,2025-07-03,00:01:35,STN-KOL-01,Kolkata,Hatchback,Type 2,77,100,51,9.39,Completed,None,Available,Paid,160.82
SES-12568,2025-07-03,18:18:41,STN-DEL-02,Delhi,Sedan,CCS,10,85,119,44.81,Completed,None,Charging,Paid,721.09
SES-12569,2025-07-03,17:56:31,STN-CBE-01,Coimbatore,Hatchback,CCS,62,77,26,5.84,Completed,None,Charging,Paid,97.84
SES-12570,2025-07-03,04:36:48,STN-CHE-01,Chennai,SUV,CCS,51,84,44,28.77,Completed,None,Available,Paid,507.04
SES-12571,2025-07-03,14:54:16,STN-PUN-01,Pune,SUV,Type 2,9,12,40,1.20,Failed,Network Error,Maintenance,Failed,0.00
SES-12572,2025-07-04,18:43:13,STN-MUM-02,Mumbai,Sedan,CCS,65,72,13,3.63,Completed,None,Available,Paid,61.54
SES-12573,2025-07-04,07:54:36,STN-MUM-02,Mumbai,SUV,CCS,60,100,57,33.97,Completed,None,Charging,Paid,620.59
SES-12574,2025-07-04,05:27:45,STN-PUN-01,Pune,SUV,CHAdeMO,39,51,23,10.05,Completed,None,Available,Paid,181.82
SES-12575,2025-07-04,17:06:58,STN-DEL-02,Delhi,Hatchback,CCS,17,41,34,8.86,Completed,None,Available,Paid,134.11
SES-12576,2025-07-04,19:39:45,STN-HYD-01,Hyderabad,Crossover,Type 2,30,78,55,32.30,Completed,None,Available,Paid,535.15
SES-12577,2025-07-04,17:45:10,STN-HYD-01,Hyderabad,Crossover,CCS,90,100,57,7.42,Completed,None,Available,Paid,111.44
SES-12578,2025-07-05,18:07:02,STN-BLR-02,Bengaluru,Sedan,Type 2,68,94,49,14.87,Completed,None,Available,Paid,265.59
SES-12579,2025-07-05,13:28:22,STN-BLR-01,Bengaluru,Sedan,CCS,83,100,59,8.76,Completed,None,Available,Paid,150.76
SES-12580,2025-07-05,17:12:11,STN-DEL-02,Delhi,SUV,CCS,15,25,16,8.47,Completed,None,Available,Paid,150.63
SES-12581,2025-07-05,17:04:38,STN-MUM-01,Mumbai,Hatchback,Type 2,66,69,104,1.20,Failed,Charging Interrupted,Maintenance,Failed,0.00
SES-12582,2025-07-05,21:58:10,STN-MUM-01,Mumbai,Crossover,Type 2,84,89,69,1.94,Cancelled,None,Maintenance,Refunded,0.00
SES-12583,2025-07-05,06:41:46,STN-VSKP-01,Visakhapatnam,Hatchback,Type 2,51,79,44,11.60,Completed,None,Available,Paid,194.23
SES-12584,2025-07-05,11:12:13,STN-DEL-02,Delhi,SUV,CCS,74,100,111,21.66,Completed,None,Available,Paid,350.29
SES-12585,2025-07-05,16:41:24,STN-VIJ-01,Vijayawada,Sedan,Type 2,79,100,72,12.24,Completed,None,Available,Paid,203.05
SES-12586,2025-07-05,03:14:15,STN-PUN-01,Pune,Hatchback,Type 2,62,79,29,7.17,Completed,None,Available,Paid,110.20
SES-12587,2025-07-05,10:55:37,STN-CBE-01,Coimbatore,Sedan,CHAdeMO,14,34,25,11.30,Completed,None,Charging,Paid,171.46
SES-12588,2025-07-05,05:24:14,STN-MUM-01,Mumbai,Sedan,CHAdeMO,20,41,31,12.46,Completed,None,Charging,Paid,205.41
SES-12589,2025-07-06,12:03:29,STN-MUM-01,Mumbai,Hatchback,CCS,16,46,45,11.86,Completed,None,Charging,Paid,186.89
SES-12590,2025-07-06,19:30:55,STN-BLR-01,Bengaluru,SUV,Type 2,75,92,28,15.32,Completed,None,Charging,Paid,252.01
SES-12591,2025-07-06,15:38:51,STN-VIJ-01,Vijayawada,Sedan,Type 2,54,59,11,2.69,Completed,None,Available,Paid,41.73
SES-12592,2025-07-06,07:40:07,STN-MUM-02,Mumbai,SUV,Type 2,19,72,77,41.53,Completed,None,Available,Paid,687.77
SES-12593,2025-07-06,16:22:20,STN-MUM-02,Mumbai,Sedan,CCS,63,100,107,19.88,Completed,None,Charging,Paid,327.35
SES-12594,2025-07-06,21:56:01,STN-DEL-02,Delhi,SUV,CCS,74,87,16,10.61,Completed,None,Available,Paid,163.64
SES-12595,2025-07-06,21:58:03,STN-DEL-01,Delhi,Sedan,CCS,66,100,56,18.43,Completed,None,Available,Paid,302.15
SES-12596,2025-07-06,18:50:47,STN-CBE-01,Coimbatore,Hatchback,CHAdeMO,87,89,58,0.80,Failed,Connector Error,Offline,Paid,14.09
SES-12597,2025-07-06,17:29:28,STN-VIJ-01,Vijayawada,SUV,CCS,76,100,87,19.09,Completed,None,Charging,Paid,286.88
SES-12598,2025-07-06,17:40:37,STN-MUM-02,Mumbai,SUV,CCS,66,100,52,31.23,Completed,None,Available,Paid,525.14
SES-12599,2025-07-06,23:01:54,STN-PUN-01,Pune,Sedan,CCS,54,75,41,10.52,Completed,None,Available,Paid,163.19
SES-12600,2025-07-06,19:13:05,STN-HYD-02,Hyderabad,Sedan,Type 2,81,100,26,11.07,Completed,None,Charging,Paid,183.13
SES-12601,2025-07-06,08:39:30,STN-DEL-01,Delhi,Hatchback,CHAdeMO,58,100,110,17.96,Completed,None,Charging,Paid,286.57
SES-12602,2025-07-07,07:31:11,STN-CBE-01,Coimbatore,Hatchback,Type 2,58,62,23,1.60,Failed,Network Error,Maintenance,Failed,0.00
SES-12603,2025-07-07,13:18:43,STN-BLR-01,Bengaluru,Sedan,CCS,32,95,90,37.05,Completed,None,Charging,Paid,668.96
SES-12604,2025-07-07,15:30:58,STN-PUN-01,Pune,SUV,CHAdeMO,55,85,41,25.15,Completed,None,Charging,Paid,395.29
SES-12605,2025-07-07,17:15:56,STN-HYD-01,Hyderabad,Hatchback,CCS,78,100,69,9.29,Completed,None,Available,Paid,145.25
SES-12606,2025-07-07,07:48:57,STN-CBE-01,Coimbatore,SUV,CHAdeMO,37,96,69,46.43,Completed,None,Charging,Paid,858.11
SES-12607,2025-07-07,17:05:24,STN-BLR-01,Bengaluru,Sedan,CCS,5,54,61,29.39,Completed,None,Available,Paid,454.12
SES-12608,2025-07-07,07:59:42,STN-BLR-02,Bengaluru,SUV,Type 2,89,100,75,8.50,Completed,None,Available,Paid,140.53
SES-12609,2025-07-07,11:35:38,STN-MUM-01,Mumbai,SUV,CCS,73,100,112,22.69,Completed,None,Charging,Paid,414.35
SES-12610,2025-07-07,07:37:49,STN-CHE-01,Chennai,Sedan,CHAdeMO,5,12,13,3.76,Completed,None,Charging,Paid,60.82
SES-12611,2025-07-07,17:39:07,STN-CBE-01,Coimbatore,Sedan,CCS,59,100,113,22.81,Completed,None,Available,Paid,403.96
SES-12612,2025-07-07,20:39:32,STN-HYD-01,Hyderabad,SUV,CCS,89,100,103,9.02,Completed,None,Available,Paid,154.73
SES-12613,2025-07-07,09:14:35,STN-DEL-01,Delhi,Crossover,Type 2,88,100,103,8.22,Completed,None,Charging,Paid,128.41
SES-12614,2025-07-07,11:34:45,STN-PUN-01,Pune,SUV,CCS,49,85,72,28.51,Completed,None,Charging,Paid,473.70
SES-12615,2025-07-07,21:39:44,STN-VSKP-01,Visakhapatnam,Sedan,Type 2,77,100,42,12.61,Completed,None,Charging,Paid,198.95
SES-12616,2025-07-07,20:21:04,STN-HYD-01,Hyderabad,SUV,Type 2,84,100,115,14.41,Completed,None,Available,Paid,224.63
SES-12617,2025-07-07,21:27:57,STN-BLR-02,Bengaluru,Sedan,Type 2,44,50,10,3.59,Completed,None,Available,Paid,66.20
SES-12618,2025-07-07,16:15:28,STN-PUN-01,Pune,Sedan,CCS,65,100,106,19.16,Completed,None,Charging,Paid,322.57
SES-12619,2025-07-07,07:33:06,STN-CBE-01,Coimbatore,SUV,CHAdeMO,40,43,109,1.20,Failed,Station Offline,Maintenance,Failed,0.00
SES-12620,2025-07-07,18:03:33,STN-CHE-01,Chennai,Crossover,Type 2,28,84,73,36.74,Completed,None,Charging,Paid,659.42
SES-12621,2025-07-07,17:04:49,STN-DEL-01,Delhi,Hatchback,CCS,84,100,104,6.18,Completed,None,Available,Paid,93.38
SES-12622,2025-07-07,10:53:59,STN-BLR-01,Bengaluru,Sedan,CCS,18,58,46,23.84,Completed,None,Charging,Paid,410.05
SES-12623,2025-07-07,08:58:08,STN-DEL-02,Delhi,Hatchback,CCS,79,84,87,1.69,Cancelled,None,Maintenance,Refunded,0.00
SES-12624,2025-07-08,17:52:24,STN-HYD-01,Hyderabad,Sedan,CCS,5,64,79,31.84,Completed,None,Charging,Paid,572.91
SES-12625,2025-07-08,18:48:20,STN-CHE-01,Chennai,Sedan,CCS,51,59,16,4.33,Completed,None,Available,Paid,66.38
SES-12626,2025-07-08,16:47:37,STN-BLR-02,Bengaluru,Crossover,Type 2,80,84,113,1.60,Failed,Network Error,Maintenance,Failed,0.00
SES-12627,2025-07-08,12:22:48,STN-HYD-01,Hyderabad,Crossover,Type 2,25,41,33,10.27,Completed,None,Charging,Paid,160.61
SES-12628,2025-07-08,18:14:00,STN-HYD-02,Hyderabad,Sedan,Type 2,77,100,77,13.05,Completed,None,Available,Paid,238.90
SES-12629,2025-07-08,11:28:19,STN-HYD-02,Hyderabad,Sedan,CCS,43,80,64,20.50,Completed,None,Available,Paid,363.98
SES-12630,2025-07-08,07:43:35,STN-KOL-01,Kolkata,Sedan,CCS,7,7,98,0.00,Failed,Payment Failure,Offline,Failed,0.00
SES-12631,2025-07-08,17:12:06,STN-DEL-01,Delhi,SUV,Type 2,20,26,12,4.68,Completed,None,Available,Paid,82.70
SES-12632,2025-07-08,11:44:42,STN-BLR-01,Bengaluru,Hatchback,Type 2,72,100,101,11.49,Completed,None,Available,Paid,196.63
SES-12633,2025-07-08,18:55:15,STN-VIJ-01,Vijayawada,Sedan,Type 2,30,50,32,11.63,Completed,None,Charging,Paid,202.44
SES-12634,2025-07-09,13:30:11,STN-DEL-01,Delhi,SUV,CCS,58,89,45,26.76,Completed,None,Available,Paid,472.45
SES-12635,2025-07-09,18:13:50,STN-DEL-01,Delhi,Sedan,Type 2,17,53,66,19.46,Completed,None,Available,Paid,292.69
SES-12636,2025-07-09,21:49:52,STN-KOL-01,Kolkata,Sedan,CCS,65,100,57,19.23,Completed,None,Available,Paid,304.10
SES-12637,2025-07-09,16:00:28,STN-MUM-01,Mumbai,Hatchback,CCS,24,41,22,7.20,Completed,None,Available,Paid,124.28
SES-12638,2025-07-09,08:03:22,STN-KOL-01,Kolkata,Hatchback,Type 2,87,89,70,0.80,Failed,Station Offline,Maintenance,Failed,0.00
SES-12639,2025-07-09,17:11:52,STN-BLR-01,Bengaluru,Sedan,CCS,31,32,95,0.50,Cancelled,None,Available,Refunded,0.00
SES-12640,2025-07-09,07:16:39,STN-KOL-01,Kolkata,Sedan,CHAdeMO,6,72,98,39.15,Completed,None,Charging,Paid,636.92
SES-12641,2025-07-09,06:57:31,STN-VSKP-01,Visakhapatnam,Sedan,CCS,14,100,116,45.40,Completed,None,Charging,Paid,722.67
SES-12642,2025-07-09,21:14:11,STN-VIJ-01,Vijayawada,SUV,Type 2,64,80,33,14.56,Completed,None,Available,Paid,229.83
SES-12643,2025-07-09,18:56:14,STN-MUM-01,Mumbai,Sedan,Type 2,23,62,52,22.39,Completed,None,Available,Paid,339.26
SES-12644,2025-07-09,17:16:47,STN-PUN-01,Pune,SUV,CCS,19,100,110,73.42,Completed,None,Charging,Paid,"1,294.29"
SES-12645,2025-07-09,09:19:08,STN-CHE-01,Chennai,SUV,Type 2,51,81,42,27.06,Completed,None,Available,Paid,445.95
SES-12646,2025-07-09,15:22:32,STN-CHE-01,Chennai,Sedan,Type 2,28,90,87,35.34,Completed,None,Available,Paid,534.10
SES-12647,2025-07-09,09:13:16,STN-BLR-01,Bengaluru,Hatchback,CHAdeMO,20,48,33,12.20,Completed,None,Available,Paid,189.30
SES-12648,2025-07-10,06:32:00,STN-BLR-01,Bengaluru,Sedan,CCS,85,100,31,7.98,Completed,None,Available,Paid,141.97
SES-12649,2025-07-10,08:26:05,STN-PUN-01,Pune,Hatchback,CCS,64,96,61,13.31,Completed,None,Available,Paid,205.81
SES-12650,2025-07-10,06:32:29,STN-VSKP-01,Visakhapatnam,SUV,CCS,84,100,110,12.72,Completed,None,Available,Paid,232.61
SES-12651,2025-07-10,03:22:09,STN-CHE-01,Chennai,Hatchback,Type 2,86,100,96,5.96,Completed,None,Available,Paid,108.82
SES-12652,2025-07-10,09:50:27,STN-PUN-01,Pune,Sedan,CCS,53,63,15,5.82,Completed,None,Charging,Paid,105.37
SES-12653,2025-07-10,14:19:18,STN-DEL-02,Delhi,Hatchback,CCS,8,24,28,6.07,Completed,None,Available,Paid,95.73
SES-12654,2025-07-10,15:56:33,STN-BLR-02,Bengaluru,Sedan,CCS,70,100,85,15.89,Completed,None,Charging,Paid,285.08
SES-12655,2025-07-10,16:37:06,STN-HYD-02,Hyderabad,Crossover,CCS,53,100,99,30.57,Completed,None,Charging,Paid,508.76
SES-12656,2025-07-10,07:06:49,STN-VSKP-01,Visakhapatnam,Hatchback,Type 2,35,35,38,0.00,Failed,Station Offline,Maintenance,Paid,0.00
SES-12657,2025-07-10,09:25:53,STN-KOL-01,Kolkata,Sedan,CCS,70,100,73,15.99,Completed,None,Available,Paid,289.70
SES-12658,2025-07-10,16:19:41,STN-CBE-01,Coimbatore,Sedan,CCS,58,76,23,10.24,Completed,None,Available,Paid,181.97
SES-12659,2025-07-10,18:15:53,STN-DEL-02,Delhi,Hatchback,CCS,6,7,90,0.40,Failed,Charging Interrupted,Offline,Failed,0.00
SES-12660,2025-07-10,19:12:11,STN-DEL-01,Delhi,Crossover,Type 2,65,97,39,23.03,Completed,None,Available,Paid,415.88
SES-12661,2025-07-11,08:31:29,STN-VSKP-01,Visakhapatnam,Hatchback,Type 2,19,71,80,21.32,Completed,None,Charging,Paid,352.80
SES-12662,2025-07-11,09:21:17,STN-HYD-01,Hyderabad,Hatchback,Type 2,64,84,30,8.66,Completed,None,Charging,Paid,142.62
SES-12663,2025-07-11,08:43:08,STN-MUM-01,Mumbai,Hatchback,CCS,47,88,74,15.88,Completed,None,Charging,Paid,269.46
SES-12664,2025-07-11,02:25:20,STN-KOL-01,Kolkata,SUV,CCS,44,100,111,50.55,Completed,None,Available,Paid,800.49
SES-12665,2025-07-11,16:35:25,STN-MUM-02,Mumbai,Sedan,CCS,89,97,13,4.63,Completed,None,Charging,Paid,72.46
SES-12666,2025-07-11,15:09:47,STN-HYD-01,Hyderabad,Sedan,Type 2,34,75,55,22.69,Completed,None,Charging,Paid,365.98
SES-12667,2025-07-11,16:49:53,STN-BLR-01,Bengaluru,SUV,CCS,67,81,17,10.87,Completed,None,Charging,Paid,185.47
SES-12668,2025-07-11,09:54:14,STN-BLR-02,Bengaluru,SUV,CHAdeMO,28,43,27,11.87,Completed,None,Charging,Paid,184.17
SES-12669,2025-07-11,22:17:31,STN-KOL-01,Kolkata,SUV,CHAdeMO,48,86,69,34.25,Completed,None,Charging,Paid,580.80
SES-12670,2025-07-11,08:45:22,STN-CBE-01,Coimbatore,Sedan,CCS,18,20,54,0.80,Failed,Network Error,Maintenance,Failed,0.00
SES-12671,2025-07-11,16:14:52,STN-DEL-02,Delhi,SUV,CCS,32,90,81,51.48,Completed,None,Available,Paid,808.87
SES-12672,2025-07-11,19:27:15,STN-MUM-02,Mumbai,Sedan,CCS,18,89,104,39.87,Completed,None,Available,Paid,689.09
SES-12673,2025-07-11,15:38:05,STN-MUM-02,Mumbai,SUV,CCS,60,88,40,23.12,Completed,None,Available,Paid,368.27
SES-12674,2025-07-11,08:12:43,STN-VIJ-01,Vijayawada,SUV,Type 2,38,60,37,19.74,Completed,None,Available,Paid,331.78
SES-12675,2025-07-11,02:08:33,STN-BLR-01,Bengaluru,Sedan,Type 2,82,100,73,10.88,Completed,None,Charging,Paid,177.92
SES-12676,2025-07-11,09:28:36,STN-DEL-02,Delhi,Hatchback,CCS,16,52,46,14.84,Completed,None,Available,Paid,268.57
SES-12677,2025-07-11,06:50:23,STN-MUM-02,Mumbai,SUV,Type 2,60,100,76,30.62,Completed,None,Available,Paid,513.83
SES-12678,2025-07-11,18:47:11,STN-DEL-02,Delhi,Hatchback,Type 2,65,69,118,1.57,Cancelled,None,Available,Refunded,0.00
SES-12679,2025-07-11,18:32:56,STN-KOL-01,Kolkata,Sedan,CHAdeMO,65,100,88,20.57,Completed,None,Available,Paid,334.24
SES-12680,2025-07-11,18:37:31,STN-MUM-01,Mumbai,Sedan,Type 2,44,84,77,21.09,Completed,None,Available,Paid,354.63
SES-12681,2025-07-12,19:34:00,STN-KOL-01,Kolkata,Sedan,Type 2,24,49,44,13.86,Completed,None,Charging,Paid,209.21
SES-12682,2025-07-12,13:44:04,STN-MUM-01,Mumbai,Sedan,CCS,46,100,107,32.22,Completed,None,Charging,Paid,553.76
SES-12683,2025-07-12,17:53:04,STN-MUM-02,Mumbai,Sedan,Type 2,11,38,45,15.13,Completed,None,Available,Paid,250.17
SES-12684,2025-07-12,19:50:20,STN-MUM-02,Mumbai,Sedan,CCS,83,100,66,8.94,Completed,None,Charging,Paid,162.91
SES-12685,2025-07-12,11:59:17,STN-BLR-01,Bengaluru,Hatchback,Type 2,77,100,79,10.12,Completed,None,Charging,Paid,183.20
SES-12686,2025-07-12,06:09:23,STN-DEL-02,Delhi,Crossover,CCS,72,82,13,7.44,Completed,None,Available,Paid,115.80
SES-12687,2025-07-12,20:20:24,STN-CHE-01,Chennai,Crossover,CCS,35,69,58,26.06,Completed,None,Available,Paid,460.34
SES-12688,2025-07-12,13:56:58,STN-CBE-01,Coimbatore,Crossover,CCS,74,100,103,18.86,Completed,None,Available,Paid,309.10
SES-12689,2025-07-12,19:21:03,STN-CBE-01,Coimbatore,SUV,CCS,80,81,48,0.40,Failed,Payment Failure,Offline,Failed,0.00
SES-12690,2025-07-13,18:05:27,STN-PUN-01,Pune,SUV,CCS,51,73,27,16.94,Completed,None,Charging,Paid,306.43
SES-12691,2025-07-13,07:38:41,STN-PUN-01,Pune,Sedan,CHAdeMO,55,100,69,24.00,Completed,None,Available,Paid,395.09
SES-12692,2025-07-13,08:15:01,STN-HYD-01,Hyderabad,Sedan,CCS,62,100,95,21.40,Completed,None,Charging,Paid,330.11
SES-12693,2025-07-13,21:44:00,STN-HYD-01,Hyderabad,Hatchback,Type 2,26,42,19,6.90,Completed,None,Available,Paid,118.50
SES-12694,2025-07-13,13:56:44,STN-MUM-02,Mumbai,Hatchback,CCS,28,98,102,30.02,Completed,None,Charging,Paid,475.35
SES-12695,2025-07-13,09:49:28,STN-HYD-02,Hyderabad,Hatchback,CCS,38,57,32,8.03,Completed,None,Available,Paid,147.17
SES-12696,2025-07-13,19:46:02,STN-MUM-01,Mumbai,Hatchback,CCS,67,69,77,0.69,Cancelled,None,Available,Refunded,0.00
SES-12697,2025-07-13,04:26:47,STN-DEL-01,Delhi,Sedan,CCS,64,100,68,18.86,Completed,None,Available,Paid,307.91
SES-12698,2025-07-13,16:43:18,STN-DEL-02,Delhi,SUV,CCS,23,83,92,46.94,Completed,None,Available,Paid,733.04
SES-12699,2025-07-13,17:54:43,STN-BLR-02,Bengaluru,SUV,CCS,28,100,99,62.73,Completed,None,Available,Paid,"1,026.07"
SES-12700,2025-07-14,08:29:29,STN-BLR-02,Bengaluru,Crossover,CCS,68,80,16,8.70,Completed,None,Available,Paid,159.16
SES-12701,2025-07-14,17:44:31,STN-MUM-01,Mumbai,Crossover,CHAdeMO,24,28,22,1.60,Failed,Network Error,Offline,Paid,26.57
SES-12702,2025-07-14,11:12:10,STN-HYD-01,Hyderabad,SUV,CCS,31,41,12,8.66,Completed,None,Charging,Paid,154.86
SES-12703,2025-07-14,12:58:25,STN-BLR-01,Bengaluru,Sedan,Type 2,62,87,49,13.95,Completed,None,Charging,Paid,213.43
SES-12704,2025-07-14,18:19:16,STN-BLR-02,Bengaluru,Sedan,CHAdeMO,48,61,20,7.70,Completed,None,Charging,Paid,136.58
SES-12705,2025-07-14,08:04:59,STN-CBE-01,Coimbatore,SUV,Type 2,69,70,89,0.40,Failed,Payment Failure,Offline,Failed,0.00
SES-12706,2025-07-14,15:51:09,STN-VSKP-01,Visakhapatnam,Hatchback,CHAdeMO,50,100,93,20.43,Completed,None,Charging,Paid,320.84
SES-12707,2025-07-14,19:32:42,STN-MUM-02,Mumbai,Sedan,CCS,58,61,60,1.20,Failed,Network Error,Maintenance,Failed,0.00
SES-12708,2025-07-14,17:49:47,STN-HYD-02,Hyderabad,Sedan,Type 2,43,96,96,31.67,Completed,None,Charging,Paid,510.18
SES-12709,2025-07-14,14:17:39,STN-VIJ-01,Vijayawada,Sedan,CCS,11,14,32,1.20,Failed,Payment Failure,Offline,Failed,0.00
SES-12710,2025-07-14,12:57:41,STN-BLR-02,Bengaluru,Crossover,CCS,58,87,41,21.93,Completed,None,Charging,Paid,371.65
SES-12711,2025-07-14,22:49:20,STN-KOL-01,Kolkata,SUV,Type 2,47,47,50,0.00,Failed,Charging Interrupted,Offline,Failed,0.00
SES-12712,2025-07-15,18:02:39,STN-VIJ-01,Vijayawada,SUV,CHAdeMO,24,58,51,29.67,Completed,None,Available,Paid,531.85
SES-12713,2025-07-15,10:40:36,STN-VIJ-01,Vijayawada,SUV,CHAdeMO,88,100,47,10.87,Completed,None,Charging,Paid,170.35
SES-12714,2025-07-15,12:01:38,STN-PUN-01,Pune,Sedan,CCS,29,82,76,28.16,Completed,None,Available,Paid,426.41
SES-12715,2025-07-15,16:43:33,STN-HYD-02,Hyderabad,Sedan,CCS,47,90,81,25.67,Completed,None,Available,Paid,453.17
SES-12716,2025-07-15,07:32:03,STN-HYD-02,Hyderabad,Hatchback,Type 2,89,100,111,3.99,Completed,None,Available,Paid,60.61
SES-12717,2025-07-15,07:10:41,STN-BLR-02,Bengaluru,Hatchback,Type 2,77,100,113,9.73,Completed,None,Available,Paid,171.35
SES-12718,2025-07-15,08:24:48,STN-CBE-01,Coimbatore,SUV,CCS,31,100,87,54.54,Completed,None,Available,Paid,841.41
SES-12719,2025-07-15,08:33:08,STN-BLR-01,Bengaluru,SUV,CCS,29,85,81,47.23,Completed,None,Available,Paid,811.27
SES-12720,2025-07-15,06:13:18,STN-BLR-01,Bengaluru,Hatchback,Type 2,40,94,84,19.90,Completed,None,Available,Paid,344.14
SES-12721,2025-07-15,10:16:59,STN-HYD-01,Hyderabad,Hatchback,Type 2,70,100,115,12.64,Completed,None,Available,Paid,200.03
SES-12722,2025-07-15,15:41:16,STN-MUM-01,Mumbai,Sedan,CCS,13,15,51,0.80,Failed,Payment Failure,Offline,Failed,0.00
SES-12723,2025-07-15,16:07:00,STN-MUM-02,Mumbai,SUV,Type 2,87,100,52,11.84,Completed,None,Available,Paid,200.81
SES-12724,2025-07-15,07:35:06,STN-VSKP-01,Visakhapatnam,Hatchback,Type 2,83,100,42,7.40,Completed,None,Available,Paid,115.86
SES-12725,2025-07-15,13:23:27,STN-DEL-01,Delhi,SUV,CHAdeMO,57,100,88,38.66,Completed,None,Available,Paid,673.94
SES-12726,2025-07-16,18:16:36,STN-CHE-01,Chennai,Crossover,Type 2,25,65,46,25.35,Completed,None,Available,Paid,462.37
SES-12727,2025-07-16,17:36:25,STN-DEL-01,Delhi,Hatchback,CCS,54,58,87,1.60,Failed,Payment Failure,Offline,Failed,0.00
SES-12728,2025-07-16,16:47:07,STN-PUN-01,Pune,Sedan,Type 2,20,20,99,0.00,Failed,Payment Failure,Offline,Failed,0.00
SES-12729,2025-07-16,00:02:00,STN-BLR-01,Bengaluru,Hatchback,CCS,70,100,66,10.89,Completed,None,Charging,Paid,166.25
SES-12730,2025-07-16,08:40:53,STN-KOL-01,Kolkata,Sedan,CHAdeMO,30,68,73,22.89,Completed,None,Available,Paid,364.96
SES-12731,2025-07-16,07:55:33,STN-VIJ-01,Vijayawada,Hatchback,Type 2,48,100,73,21.25,Completed,None,Charging,Paid,343.87
SES-12732,2025-07-16,14:55:50,STN-HYD-01,Hyderabad,SUV,CHAdeMO,33,90,69,50.21,Completed,None,Available,Paid,840.78
SES-12733,2025-07-16,08:40:12,STN-PUN-01,Pune,SUV,CCS,50,50,61,0.00,Failed,Station Offline,Offline,Failed,0.00
SES-12734,2025-07-17,23:46:03,STN-DEL-01,Delhi,Hatchback,Type 2,75,100,81,9.36,Completed,None,Available,Paid,155.70
SES-12735,2025-07-17,01:51:09,STN-CBE-01,Coimbatore,Hatchback,Type 2,53,100,77,20.00,Completed,None,Charging,Paid,320.51
SES-12736,2025-07-17,19:05:26,STN-HYD-02,Hyderabad,Hatchback,Type 2,19,100,109,29.61,Completed,None,Available,Paid,529.38
SES-12737,2025-07-17,19:51:47,STN-CBE-01,Coimbatore,Sedan,CCS,21,89,91,34.38,Completed,None,Charging,Paid,527.79
SES-12738,2025-07-17,18:32:09,STN-CBE-01,Coimbatore,Sedan,CCS,13,19,36,1.94,Cancelled,None,Available,Refunded,0.00
SES-12739,2025-07-17,21:06:35,STN-CBE-01,Coimbatore,SUV,Type 2,81,83,68,0.80,Failed,Network Error,Offline,Failed,0.00
SES-12740,2025-07-17,17:47:13,STN-VIJ-01,Vijayawada,Crossover,CCS,36,51,28,10.87,Completed,None,Available,Paid,190.34
SES-12741,2025-07-17,21:52:45,STN-MUM-01,Mumbai,SUV,Type 2,70,78,12,6.35,Completed,None,Charging,Paid,102.75
SES-12742,2025-07-17,15:21:18,STN-HYD-02,Hyderabad,Sedan,CCS,63,100,82,19.04,Completed,None,Charging,Paid,334.87
SES-12743,2025-07-17,11:53:04,STN-VSKP-01,Visakhapatnam,SUV,Type 2,36,62,48,22.93,Completed,None,Available,Paid,408.51
SES-12744,2025-07-17,16:32:12,STN-DEL-01,Delhi,SUV,CCS,88,100,75,9.52,Completed,None,Charging,Paid,168.58
SES-12745,2025-07-17,00:50:31,STN-BLR-02,Bengaluru,Hatchback,CCS,47,100,82,19.67,Completed,None,Charging,Paid,340.26
SES-12746,2025-07-17,17:37:23,STN-MUM-01,Mumbai,Hatchback,CCS,87,88,65,0.50,Cancelled,None,Available,Refunded,0.00
SES-12747,2025-07-17,13:05:39,STN-KOL-01,Kolkata,Crossover,Type 2,63,74,15,7.92,Completed,None,Available,Paid,127.19
SES-12748,2025-07-17,19:43:41,STN-VSKP-01,Visakhapatnam,Hatchback,CCS,34,100,111,27.61,Completed,None,Charging,Paid,487.80
SES-12749,2025-07-18,16:32:12,STN-HYD-01,Hyderabad,Sedan,CCS,15,37,37,11.14,Completed,None,Charging,Paid,170.95
SES-12750,2025-07-18,09:53:42,STN-DEL-02,Delhi,SUV,Type 2,84,84,57,0.00,Failed,Network Error,Maintenance,Failed,0.00
SES-12751,2025-07-18,21:11:10,STN-HYD-02,Hyderabad,Hatchback,CCS,30,100,107,30.73,Completed,None,Charging,Paid,523.49
SES-12752,2025-07-18,20:11:26,STN-BLR-02,Bengaluru,Crossover,CHAdeMO,6,70,102,41.41,Completed,None,Available,Paid,688.61
SES-12753,2025-07-18,18:41:02,STN-KOL-01,Kolkata,Sedan,CHAdeMO,38,39,57,0.40,Failed,Payment Failure,Maintenance,Failed,0.00
SES-12754,2025-07-18,07:27:22,STN-PUN-01,Pune,Sedan,CCS,45,100,76,30.96,Completed,None,Available,Paid,508.51
SES-12755,2025-07-18,13:41:23,STN-DEL-02,Delhi,Sedan,Type 2,90,100,63,5.70,Completed,None,Available,Paid,102.69
SES-12756,2025-07-18,10:05:19,STN-PUN-01,Pune,SUV,Type 2,35,52,25,14.70,Completed,None,Charging,Paid,245.12
SES-12757,2025-07-18,06:59:26,STN-BLR-01,Bengaluru,Sedan,CCS,67,100,117,16.80,Completed,None,Available,Paid,252.03
SES-12758,2025-07-19,18:47:49,STN-DEL-02,Delhi,Hatchback,Type 2,59,65,44,2.02,Cancelled,None,Available,Refunded,0.00
SES-12759,2025-07-19,18:34:46,STN-MUM-01,Mumbai,Hatchback,Type 2,65,100,84,13.73,Completed,None,Charging,Paid,210.56
SES-12760,2025-07-19,18:20:45,STN-BLR-01,Bengaluru,SUV,CHAdeMO,89,100,116,8.44,Completed,None,Available,Paid,134.27
SES-12761,2025-07-19,21:59:45,STN-MUM-01,Mumbai,SUV,Type 2,40,98,96,52.95,Completed,None,Charging,Paid,951.62
SES-12762,2025-07-19,09:13:24,STN-MUM-02,Mumbai,Crossover,CCS,44,78,39,24.92,Completed,None,Available,Paid,381.97
SES-12763,2025-07-20,19:59:59,STN-BLR-02,Bengaluru,SUV,Type 2,27,72,57,35.36,Completed,None,Available,Paid,652.56
SES-12764,2025-07-20,18:46:59,STN-DEL-01,Delhi,Sedan,CCS,30,78,78,28.53,Completed,None,Available,Paid,521.17
SES-12765,2025-07-20,08:29:50,STN-PUN-01,Pune,Sedan,Type 2,22,33,17,5.55,Completed,None,Available,Paid,90.55
SES-12766,2025-07-20,18:37:18,STN-DEL-01,Delhi,SUV,Type 2,83,100,116,15.14,Completed,None,Charging,Paid,257.46
SES-12767,2025-07-20,23:39:37,STN-DEL-02,Delhi,Sedan,CCS,38,38,116,0.00,Failed,Charging Interrupted,Offline,Failed,0.00
SES-12768,2025-07-20,08:28:14,STN-VSKP-01,Visakhapatnam,SUV,CCS,90,94,60,1.60,Failed,Network Error,Offline,Failed,0.00
SES-12769,2025-07-20,13:09:14,STN-HYD-02,Hyderabad,Crossover,Type 2,32,45,19,8.48,Completed,None,Available,Paid,156.48
SES-12770,2025-07-20,07:16:18,STN-HYD-02,Hyderabad,Hatchback,CCS,53,83,37,11.31,Completed,None,Available,Paid,189.86
SES-12771,2025-07-20,09:04:04,STN-VIJ-01,Vijayawada,SUV,CCS,68,90,45,20.05,Completed,None,Available,Paid,365.07
SES-12772,2025-07-20,07:13:49,STN-PUN-01,Pune,Sedan,Type 2,75,100,69,12.65,Completed,None,Available,Paid,203.00
SES-12773,2025-07-20,09:04:06,STN-BLR-01,Bengaluru,Crossover,CHAdeMO,67,80,19,9.03,Completed,None,Available,Paid,162.74
SES-12774,2025-07-20,17:54:13,STN-PUN-01,Pune,Hatchback,Type 2,66,86,23,8.56,Completed,None,Available,Paid,135.75
SES-12775,2025-07-20,18:40:03,STN-MUM-02,Mumbai,SUV,CCS,46,100,111,43.16,Completed,None,Charging,Paid,773.16
SES-12776,2025-07-20,09:55:16,STN-VIJ-01,Vijayawada,SUV,Type 2,28,29,72,0.40,Failed,Charging Interrupted,Offline,Paid,6.50
SES-12777,2025-07-20,02:05:15,STN-MUM-02,Mumbai,Hatchback,CCS,39,100,110,22.81,Completed,None,Available,Paid,420.97
SES-12778,2025-07-21,12:37:36,STN-DEL-01,Delhi,Sedan,Type 2,81,100,56,9.88,Completed,None,Available,Paid,150.11
SES-12779,2025-07-21,18:56:47,STN-VSKP-01,Visakhapatnam,Sedan,Type 2,59,62,78,1.20,Failed,Payment Failure,Maintenance,Failed,0.00
SES-12780,2025-07-21,19:35:28,STN-DEL-02,Delhi,Sedan,CHAdeMO,53,87,65,17.54,Completed,None,Available,Paid,305.23
SES-12781,2025-07-21,17:43:55,STN-MUM-02,Mumbai,SUV,CHAdeMO,81,89,15,7.37,Completed,None,Charging,Paid,114.12
SES-12782,2025-07-21,12:35:49,STN-BLR-02,Bengaluru,Sedan,CCS,63,100,103,18.93,Completed,None,Available,Paid,306.25
SES-12783,2025-07-21,15:45:17,STN-BLR-01,Bengaluru,Sedan,CHAdeMO,87,87,28,0.00,Failed,Charging Interrupted,Maintenance,Failed,0.00
SES-12784,2025-07-21,16:15:14,STN-BLR-01,Bengaluru,Sedan,CHAdeMO,26,73,61,26.11,Completed,None,Available,Paid,413.57
SES-12785,2025-07-21,17:04:05,STN-MUM-02,Mumbai,SUV,Type 2,89,100,71,9.21,Completed,None,Charging,Paid,161.71
SES-12786,2025-07-21,19:47:11,STN-CHE-01,Chennai,SUV,CCS,65,100,58,30.56,Completed,None,Available,Paid,537.21
SES-12787,2025-07-21,06:35:32,STN-HYD-02,Hyderabad,Sedan,Type 2,84,100,87,8.80,Completed,None,Charging,Paid,137.73
SES-12788,2025-07-21,15:26:26,STN-CHE-01,Chennai,Crossover,CCS,34,50,20,10.90,Completed,None,Available,Paid,175.68
SES-12789,2025-07-21,15:36:31,STN-DEL-02,Delhi,SUV,Type 2,73,81,55,3.03,Cancelled,None,Available,Refunded,0.00
SES-12790,2025-07-21,18:01:11,STN-DEL-02,Delhi,Sedan,CCS,64,100,78,21.02,Completed,None,Available,Paid,343.25
SES-12791,2025-07-21,20:06:42,STN-MUM-01,Mumbai,Sedan,Type 2,10,49,54,19.79,Completed,None,Charging,Paid,334.84
SES-12792,2025-07-21,09:36:37,STN-VIJ-01,Vijayawada,Hatchback,CHAdeMO,89,93,104,1.60,Failed,Connector Error,Maintenance,Failed,0.00
SES-12793,2025-07-21,18:00:24,STN-DEL-02,Delhi,Sedan,CCS,15,21,117,2.37,Cancelled,None,Available,Refunded,0.00
SES-12794,2025-07-21,20:23:52,STN-MUM-01,Mumbai,Sedan,Type 2,28,83,67,27.89,Completed,None,Available,Paid,449.48
SES-12795,2025-07-22,15:16:07,STN-BLR-01,Bengaluru,SUV,CCS,83,100,41,14.16,Completed,None,Charging,Paid,231.95
SES-12796,2025-07-22,17:26:51,STN-BLR-02,Bengaluru,SUV,Type 2,55,100,97,38.52,Completed,None,Charging,Paid,678.54
SES-12797,2025-07-22,08:21:15,STN-HYD-01,Hyderabad,Hatchback,Type 2,23,38,19,5.59,Completed,None,Available,Paid,95.85
SES-12798,2025-07-22,17:17:02,STN-HYD-02,Hyderabad,Hatchback,CCS,54,57,22,1.20,Failed,Payment Failure,Offline,Failed,0.00
SES-12799,2025-07-22,07:16:15,STN-MUM-01,Mumbai,Crossover,Type 2,85,89,120,1.60,Failed,Network Error,Maintenance,Failed,0.00
SES-12800,2025-07-22,18:06:49,STN-VIJ-01,Vijayawada,Sedan,Type 2,7,18,22,6.14,Completed,None,Charging,Paid,93.20
SES-12801,2025-07-22,10:39:14,STN-VIJ-01,Vijayawada,Sedan,CCS,7,36,45,16.21,Completed,None,Available,Paid,280.94
SES-12802,2025-07-22,18:47:32,STN-KOL-01,Kolkata,Crossover,Type 2,35,100,95,49.36,Completed,None,Charging,Paid,748.61
SES-12803,2025-07-22,13:28:56,STN-VSKP-01,Visakhapatnam,SUV,Type 2,51,100,82,37.95,Completed,None,Available,Paid,572.52
SES-12804,2025-07-22,11:28:31,STN-DEL-01,Delhi,Hatchback,CCS,12,26,28,5.08,Completed,None,Charging,Paid,80.69
SES-12805,2025-07-22,07:05:01,STN-VIJ-01,Vijayawada,Sedan,CHAdeMO,21,31,16,5.01,Completed,None,Charging,Paid,83.81
SES-12806,2025-07-22,18:42:03,STN-BLR-02,Bengaluru,Sedan,Type 2,49,68,24,11.04,Completed,None,Available,Paid,176.43
SES-12807,2025-07-23,18:58:24,STN-PUN-01,Pune,Sedan,CCS,64,100,90,19.95,Completed,None,Available,Paid,310.00
SES-12808,2025-07-23,14:02:25,STN-DEL-01,Delhi,SUV,CCS,79,100,55,18.82,Completed,None,Available,Paid,316.97
SES-12809,2025-07-23,08:26:35,STN-BLR-02,Bengaluru,Sedan,CCS,25,100,87,38.42,Completed,None,Available,Paid,706.74
SES-12810,2025-07-23,20:56:52,STN-DEL-01,Delhi,SUV,Type 2,74,100,114,20.96,Completed,None,Available,Paid,317.54
SES-12811,2025-07-23,11:50:47,STN-MUM-02,Mumbai,SUV,Type 2,25,25,57,0.00,Failed,Network Error,Maintenance,Paid,0.00
SES-12812,2025-07-23,16:39:54,STN-DEL-01,Delhi,Sedan,Type 2,62,100,75,19.54,Completed,None,Charging,Paid,315.50
SES-12813,2025-07-23,08:27:52,STN-MUM-01,Mumbai,Sedan,Type 2,59,62,87,1.20,Failed,Connector Error,Offline,Failed,0.00
SES-12814,2025-07-23,19:59:58,STN-BLR-02,Bengaluru,SUV,CCS,32,39,13,5.37,Completed,None,Available,Paid,85.41
SES-12815,2025-07-23,07:07:57,STN-PUN-01,Pune,Sedan,CCS,85,93,12,4.49,Completed,None,Charging,Paid,81.92
SES-12816,2025-07-23,18:26:38,STN-DEL-02,Delhi,Sedan,CHAdeMO,86,94,12,4.35,Completed,None,Charging,Paid,76.42
SES-12817,2025-07-23,19:37:20,STN-DEL-01,Delhi,Sedan,CHAdeMO,79,100,84,11.45,Completed,None,Available,Paid,182.68
SES-12818,2025-07-23,08:59:59,STN-VIJ-01,Vijayawada,SUV,CCS,50,93,78,33.10,Completed,None,Available,Paid,550.51
SES-12819,2025-07-24,15:46:01,STN-PUN-01,Pune,Hatchback,Type 2,48,100,102,21.56,Completed,None,Available,Paid,342.69
SES-12820,2025-07-24,19:31:41,STN-BLR-02,Bengaluru,Sedan,CCS,29,57,37,14.68,Completed,None,Available,Paid,226.35
SES-12821,2025-07-24,16:47:38,STN-PUN-01,Pune,Hatchback,CCS,75,100,32,9.88,Completed,None,Charging,Paid,153.72
SES-12822,2025-07-24,08:46:39,STN-HYD-01,Hyderabad,Hatchback,Type 2,53,87,39,14.53,Completed,None,Charging,Paid,234.71
SES-12823,2025-07-24,20:07:14,STN-HYD-01,Hyderabad,Hatchback,CCS,50,99,71,21.39,Completed,None,Available,Paid,391.76
SES-12824,2025-07-24,08:42:50,STN-DEL-01,Delhi,Sedan,CCS,67,100,96,17.30,Completed,None,Charging,Paid,309.33
SES-12825,2025-07-24,12:17:44,STN-VSKP-01,Visakhapatnam,SUV,Type 2,81,100,60,16.12,Completed,None,Available,Paid,282.73
SES-12826,2025-07-24,09:48:50,STN-DEL-01,Delhi,Hatchback,CHAdeMO,16,18,50,0.80,Failed,Network Error,Offline,Failed,0.00
SES-12827,2025-07-25,09:54:38,STN-DEL-01,Delhi,Crossover,CHAdeMO,82,100,95,13.18,Completed,None,Charging,Paid,208.61
SES-12828,2025-07-25,11:25:06,STN-HYD-02,Hyderabad,Crossover,Type 2,61,100,73,25.39,Completed,None,Available,Paid,433.27
SES-12829,2025-07-25,20:07:15,STN-VIJ-01,Vijayawada,SUV,CCS,77,81,52,1.60,Failed,Network Error,Maintenance,Failed,0.00
SES-12830,2025-07-25,09:09:49,STN-CBE-01,Coimbatore,SUV,CCS,68,100,85,27.53,Completed,None,Charging,Paid,468.99
SES-12831,2025-07-25,16:52:36,STN-MUM-02,Mumbai,Hatchback,Type 2,35,96,100,22.66,Completed,None,Charging,Paid,355.47
SES-12832,2025-07-25,18:56:26,STN-VSKP-01,Visakhapatnam,Hatchback,CHAdeMO,8,51,67,18.34,Completed,None,Available,Paid,287.65
SES-12833,2025-07-25,17:38:56,STN-PUN-01,Pune,SUV,Type 2,58,99,68,36.39,Completed,None,Charging,Paid,653.16
SES-12834,2025-07-25,18:53:48,STN-VSKP-01,Visakhapatnam,Sedan,Type 2,87,100,49,7.54,Completed,None,Available,Paid,114.07
SES-12835,2025-07-25,07:22:47,STN-VSKP-01,Visakhapatnam,Sedan,CCS,69,100,55,16.68,Completed,None,Available,Paid,273.66
SES-12836,2025-07-25,11:02:26,STN-CHE-01,Chennai,SUV,CCS,10,65,71,46.68,Completed,None,Available,Paid,810.10
SES-12837,2025-07-25,19:16:30,STN-VSKP-01,Visakhapatnam,Hatchback,CCS,69,100,58,11.71,Completed,None,Charging,Paid,195.63
SES-12838,2025-07-25,07:21:29,STN-BLR-01,Bengaluru,Crossover,Type 2,26,86,88,44.68,Completed,None,Available,Paid,824.71
SES-12839,2025-07-25,08:20:35,STN-DEL-01,Delhi,Hatchback,CCS,21,87,120,25.73,Completed,None,Charging,Paid,462.71
SES-12840,2025-07-26,08:37:11,STN-MUM-01,Mumbai,Sedan,CCS,63,86,32,12.88,Completed,None,Available,Paid,203.81
SES-12841,2025-07-26,07:56:19,STN-HYD-01,Hyderabad,Hatchback,CCS,33,76,53,16.14,Completed,None,Available,Paid,269.31
SES-12842,2025-07-26,18:41:06,STN-HYD-01,Hyderabad,Sedan,Type 2,71,75,114,1.60,Failed,Payment Failure,Maintenance,Failed,0.00
SES-12843,2025-07-26,14:28:12,STN-CBE-01,Coimbatore,Hatchback,Type 2,21,68,53,19.74,Completed,None,Charging,Paid,315.27
SES-12844,2025-07-26,17:15:29,STN-CBE-01,Coimbatore,Hatchback,Type 2,6,20,28,5.66,Completed,None,Available,Paid,88.72
SES-12845,2025-07-26,15:44:06,STN-DEL-02,Delhi,Sedan,Type 2,36,81,53,25.25,Completed,None,Available,Paid,446.48
SES-12846,2025-07-26,21:06:33,STN-BLR-01,Bengaluru,Sedan,Type 2,26,38,20,6.19,Completed,None,Charging,Paid,99.99
SES-12847,2025-07-26,16:48:12,STN-VSKP-01,Visakhapatnam,Sedan,CCS,62,97,69,19.25,Completed,None,Available,Paid,334.03
SES-12848,2025-07-26,22:20:59,STN-PUN-01,Pune,Sedan,CCS,57,60,47,1.20,Failed,Payment Failure,Offline,Failed,0.00
SES-12849,2025-07-26,09:27:47,STN-BLR-02,Bengaluru,Hatchback,CHAdeMO,90,99,113,3.05,Cancelled,None,Maintenance,Refunded,0.00
SES-12850,2025-07-26,13:33:04,STN-VIJ-01,Vijayawada,Sedan,CCS,51,100,116,26.69,Completed,None,Charging,Paid,432.50
SES-12851,2025-07-26,19:38:42,STN-BLR-01,Bengaluru,Sedan,CCS,8,16,12,2.86,Cancelled,None,Available,Refunded,0.00
SES-12852,2025-07-26,18:10:53,STN-MUM-02,Mumbai,Sedan,CCS,42,61,25,10.04,Completed,None,Charging,Paid,167.13
SES-12853,2025-07-26,09:44:21,STN-CBE-01,Coimbatore,Hatchback,CCS,17,96,105,29.02,Completed,None,Charging,Paid,451.98
SES-12854,2025-07-26,18:47:59,STN-KOL-01,Kolkata,Sedan,CCS,65,100,111,17.54,Completed,None,Available,Paid,288.26
SES-12855,2025-07-27,00:47:47,STN-DEL-01,Delhi,Sedan,Type 2,68,82,18,7.70,Completed,None,Available,Paid,117.77
SES-12856,2025-07-27,07:33:13,STN-MUM-01,Mumbai,Hatchback,CHAdeMO,81,100,50,8.28,Completed,None,Available,Paid,132.46
SES-12857,2025-07-27,05:19:12,STN-PUN-01,Pune,Sedan,Type 2,88,100,47,6.90,Completed,None,Charging,Paid,126.75
SES-12858,2025-07-27,04:40:31,STN-PUN-01,Pune,Sedan,CCS,37,93,78,29.11,Completed,None,Available,Paid,486.45
SES-12859,2025-07-27,18:52:13,STN-DEL-01,Delhi,Hatchback,Type 2,42,86,74,19.31,Completed,None,Charging,Paid,322.23
SES-12860,2025-07-27,09:35:07,STN-MUM-02,Mumbai,Sedan,Type 2,33,65,44,16.66,Completed,None,Available,Paid,255.37
SES-12861,2025-07-27,17:21:15,STN-DEL-01,Delhi,Hatchback,Type 2,65,96,44,11.56,Completed,None,Available,Paid,189.23
SES-12862,2025-07-27,08:59:59,STN-DEL-01,Delhi,SUV,CCS,36,100,85,55.12,Completed,None,Charging,Paid,961.11
SES-12863,2025-07-27,17:30:20,STN-VIJ-01,Vijayawada,SUV,CCS,15,84,109,62.17,Completed,None,Charging,Paid,966.06
SES-12864,2025-07-27,09:32:30,STN-KOL-01,Kolkata,Sedan,Type 2,22,23,94,0.40,Failed,Payment Failure,Offline,Failed,0.00
SES-12865,2025-07-27,06:25:20,STN-BLR-01,Bengaluru,Hatchback,Type 2,49,83,57,13.19,Completed,None,Available,Paid,238.74
SES-12866,2025-07-28,13:03:03,STN-MUM-01,Mumbai,SUV,CCS,25,100,116,69.92,Completed,None,Available,Paid,"1,254.96"
SES-12867,2025-07-28,13:48:08,STN-VIJ-01,Vijayawada,Sedan,CCS,16,30,17,8.45,Completed,None,Available,Paid,132.54
SES-12868,2025-07-28,18:44:03,STN-PUN-01,Pune,Sedan,Type 2,24,54,36,17.61,Completed,None,Available,Paid,267.07
SES-12869,2025-07-28,09:44:22,STN-DEL-02,Delhi,SUV,CCS,11,23,18,9.35,Completed,None,Charging,Paid,149.53
SES-12870,2025-07-28,09:36:07,STN-DEL-01,Delhi,Hatchback,CCS,75,100,101,10.72,Completed,None,Charging,Paid,175.37
SES-12871,2025-07-28,07:32:54,STN-HYD-02,Hyderabad,Crossover,CCS,6,28,39,16.90,Completed,None,Charging,Paid,300.17
SES-12872,2025-07-28,09:42:15,STN-VSKP-01,Visakhapatnam,Hatchback,CCS,47,58,23,4.48,Completed,None,Available,Paid,79.44
SES-12873,2025-07-28,17:06:50,STN-BLR-02,Bengaluru,SUV,CCS,25,45,32,15.55,Completed,None,Charging,Paid,285.28
SES-12874,2025-07-28,06:17:44,STN-KOL-01,Kolkata,Sedan,CCS,33,57,38,12.91,Completed,None,Available,Paid,235.87
SES-12875,2025-07-28,18:02:23,STN-DEL-01,Delhi,Hatchback,CCS,36,66,35,12.90,Completed,None,Charging,Paid,224.97
SES-12876,2025-07-28,07:08:12,STN-DEL-01,Delhi,Crossover,CCS,49,50,95,0.40,Failed,Station Offline,Maintenance,Failed,0.00
SES-12877,2025-07-28,18:53:22,STN-VIJ-01,Vijayawada,SUV,CCS,80,92,24,10.14,Completed,None,Charging,Paid,173.28
SES-12878,2025-07-29,06:45:06,STN-PUN-01,Pune,Sedan,CCS,81,100,82,10.03,Completed,None,Available,Paid,172.77
SES-12879,2025-07-29,13:52:39,STN-HYD-01,Hyderabad,Sedan,CCS,63,100,99,21.79,Completed,None,Available,Paid,334.06
SES-12880,2025-07-29,17:19:23,STN-CHE-01,Chennai,Sedan,CCS,7,65,90,29.06,Completed,None,Available,Paid,480.57
SES-12881,2025-07-29,18:44:05,STN-BLR-02,Bengaluru,SUV,CCS,43,87,82,34.44,Completed,None,Charging,Paid,575.94
SES-12882,2025-07-29,19:04:48,STN-CBE-01,Coimbatore,Crossover,CCS,55,100,76,30.94,Completed,None,Charging,Paid,465.11
SES-12883,2025-07-29,15:01:42,STN-HYD-01,Hyderabad,Sedan,CCS,12,26,25,7.40,Completed,None,Available,Paid,122.06
SES-12884,2025-07-29,22:20:39,STN-BLR-01,Bengaluru,Sedan,Type 2,50,66,22,9.32,Completed,None,Charging,Paid,159.30
SES-12885,2025-07-29,15:17:53,STN-HYD-02,Hyderabad,SUV,CCS,70,100,99,23.13,Completed,None,Available,Paid,426.60
SES-12886,2025-07-29,16:11:16,STN-CHE-01,Chennai,Crossover,Type 2,10,69,90,41.02,Completed,None,Charging,Paid,689.15
SES-12887,2025-07-29,11:37:14,STN-VIJ-01,Vijayawada,SUV,CCS,62,100,105,30.42,Completed,None,Charging,Paid,500.39
SES-12888,2025-07-29,06:49:00,STN-BLR-02,Bengaluru,Sedan,CHAdeMO,45,69,33,13.87,Completed,None,Available,Paid,244.56
SES-12889,2025-07-29,09:36:43,STN-HYD-01,Hyderabad,Sedan,CCS,83,100,71,8.59,Completed,None,Charging,Paid,132.40
SES-12890,2025-07-30,16:12:47,STN-VIJ-01,Vijayawada,SUV,Type 2,58,100,66,32.58,Completed,None,Charging,Paid,536.54
SES-12891,2025-07-30,06:16:16,STN-MUM-01,Mumbai,Hatchback,CCS,80,100,45,8.53,Completed,None,Available,Paid,153.94
SES-12892,2025-07-30,08:19:09,STN-MUM-01,Mumbai,Sedan,CHAdeMO,45,99,69,27.74,Completed,None,Available,Paid,471.66
SES-12893,2025-07-30,17:33:16,STN-MUM-02,Mumbai,SUV,CCS,52,100,95,43.95,Completed,None,Charging,Paid,664.84
SES-12894,2025-07-30,08:51:41,STN-VIJ-01,Vijayawada,SUV,Type 2,74,100,82,23.71,Completed,None,Available,Paid,395.35
SES-12895,2025-07-30,15:46:38,STN-DEL-01,Delhi,SUV,Type 2,31,47,31,12.59,Completed,None,Available,Paid,231.45
SES-12896,2025-07-30,19:53:52,STN-HYD-02,Hyderabad,Sedan,Type 2,51,55,114,1.48,Cancelled,None,Available,Refunded,0.00
SES-12897,2025-07-30,10:12:11,STN-CHE-01,Chennai,Crossover,Type 2,81,100,119,12.84,Completed,None,Available,Paid,208.50
SES-12898,2025-07-30,22:01:36,STN-KOL-01,Kolkata,SUV,CHAdeMO,27,77,93,45.56,Completed,None,Available,Paid,718.26
SES-12899,2025-07-31,10:33:22,STN-BLR-02,Bengaluru,Hatchback,Type 2,78,84,12,2.45,Completed,None,Available,Paid,41.88
SES-12900,2025-07-31,22:51:44,STN-MUM-01,Mumbai,SUV,CCS,18,55,45,29.75,Completed,None,Available,Paid,546.41
SES-12901,2025-07-31,08:10:47,STN-HYD-02,Hyderabad,Crossover,CCS,65,100,106,26.59,Completed,None,Charging,Paid,423.41
SES-12902,2025-07-31,02:10:08,STN-CHE-01,Chennai,SUV,CCS,71,100,91,25.09,Completed,None,Charging,Paid,430.23
SES-12903,2025-07-31,17:08:38,STN-MUM-02,Mumbai,SUV,CCS,80,100,45,15.45,Completed,None,Charging,Paid,278.55
SES-12904,2025-07-31,05:28:18,STN-MUM-01,Mumbai,SUV,CCS,29,40,19,8.47,Completed,None,Available,Paid,129.21
SES-12905,2025-07-31,08:06:54,STN-PUN-01,Pune,SUV,Type 2,69,100,109,25.11,Completed,None,Charging,Paid,460.94
SES-12906,2025-08-01,19:17:59,STN-MUM-01,Mumbai,Sedan,Type 2,28,48,30,12.08,Completed,None,Charging,Paid,196.10
SES-12907,2025-08-01,06:22:54,STN-DEL-02,Delhi,Crossover,CCS,57,100,98,28.03,Completed,None,Available,Paid,453.92
SES-12908,2025-08-01,03:41:11,STN-CBE-01,Coimbatore,Hatchback,Type 2,77,100,58,9.63,Completed,None,Available,Paid,164.43
SES-12909,2025-08-01,22:46:00,STN-PUN-01,Pune,Sedan,CCS,54,100,113,23.66,Completed,None,Available,Paid,375.28
SES-12910,2025-08-01,21:17:49,STN-VSKP-01,Visakhapatnam,Sedan,Type 2,5,14,18,4.97,Completed,None,Available,Paid,80.41
SES-12911,2025-08-01,17:01:04,STN-CBE-01,Coimbatore,Sedan,CCS,43,100,100,29.97,Completed,None,Charging,Paid,527.20
SES-12912,2025-08-01,19:41:19,STN-CBE-01,Coimbatore,Hatchback,Type 2,78,100,88,9.05,Completed,None,Charging,Paid,142.52
SES-12913,2025-08-01,15:04:49,STN-HYD-02,Hyderabad,SUV,CHAdeMO,48,100,61,43.86,Completed,None,Available,Paid,760.27
SES-12914,2025-08-01,16:14:19,STN-VIJ-01,Vijayawada,SUV,CCS,9,76,105,54.19,Completed,None,Available,Paid,846.94
SES-12915,2025-08-01,06:30:11,STN-MUM-02,Mumbai,Crossover,Type 2,72,100,57,19.15,Completed,None,Available,Paid,335.44
SES-12916,2025-08-01,16:26:43,STN-HYD-01,Hyderabad,SUV,Type 2,76,100,69,21.00,Completed,None,Charging,Paid,325.32
SES-12917,2025-08-01,01:25:25,STN-BLR-01,Bengaluru,Hatchback,CCS,84,100,117,6.39,Completed,None,Charging,Paid,116.13
SES-12918,2025-08-01,19:00:58,STN-VSKP-01,Visakhapatnam,SUV,CHAdeMO,69,76,59,2.53,Cancelled,None,Available,Refunded,0.00
SES-12919,2025-08-01,09:00:10,STN-DEL-01,Delhi,Hatchback,Type 2,83,100,48,6.45,Completed,None,Charging,Paid,105.35
SES-12920,2025-08-01,07:00:30,STN-DEL-01,Delhi,SUV,CCS,19,34,25,13.30,Completed,None,Charging,Paid,221.59
SES-12921,2025-08-01,18:53:21,STN-MUM-01,Mumbai,SUV,CCS,54,81,37,24.60,Completed,None,Available,Paid,376.29
SES-12922,2025-08-02,18:46:16,STN-BLR-02,Bengaluru,Crossover,Type 2,10,17,15,5.24,Completed,None,Charging,Paid,82.31
SES-12923,2025-08-02,08:34:57,STN-PUN-01,Pune,SUV,Type 2,70,72,70,0.80,Failed,Payment Failure,Maintenance,Failed,0.00
SES-12924,2025-08-02,22:15:05,STN-DEL-02,Delhi,SUV,CCS,73,85,15,10.52,Completed,None,Available,Paid,170.97
SES-12925,2025-08-02,10:42:20,STN-MUM-01,Mumbai,Sedan,Type 2,43,99,111,33.43,Completed,None,Available,Paid,583.07
SES-12926,2025-08-02,07:57:53,STN-MUM-02,Mumbai,Sedan,CCS,33,100,120,34.39,Completed,None,Available,Paid,525.92
SES-12927,2025-08-02,05:26:53,STN-VSKP-01,Visakhapatnam,Hatchback,Type 2,50,100,75,18.63,Completed,None,Charging,Paid,301.04
SES-12928,2025-08-02,13:23:39,STN-BLR-01,Bengaluru,SUV,Type 2,35,100,114,52.32,Completed,None,Charging,Paid,850.97
SES-12929,2025-08-02,17:01:39,STN-HYD-01,Hyderabad,Hatchback,CCS,28,71,49,16.83,Completed,None,Available,Paid,262.02
SES-12930,2025-08-02,08:17:16,STN-BLR-01,Bengaluru,SUV,Type 2,19,20,80,0.40,Failed,Station Offline,Offline,Failed,0.00
SES-12931,2025-08-02,18:22:45,STN-DEL-02,Delhi,SUV,Type 2,80,100,100,17.96,Completed,None,Available,Paid,324.86
SES-12932,2025-08-02,21:20:09,STN-BLR-01,Bengaluru,Hatchback,CCS,24,62,71,14.63,Completed,None,Available,Paid,256.82
SES-12933,2025-08-02,08:12:11,STN-VIJ-01,Vijayawada,SUV,Type 2,8,33,37,23.37,Completed,None,Charging,Paid,398.58
SES-12934,2025-08-02,01:38:23,STN-VIJ-01,Vijayawada,Hatchback,CCS,62,100,89,16.14,Completed,None,Charging,Paid,285.40
SES-12935,2025-08-02,07:33:38,STN-KOL-01,Kolkata,SUV,Type 2,81,100,56,17.07,Completed,None,Charging,Paid,293.62
SES-12936,2025-08-02,17:04:14,STN-VSKP-01,Visakhapatnam,Sedan,Type 2,65,75,18,5.36,Completed,None,Available,Paid,98.85
SES-12937,2025-08-02,19:50:51,STN-BLR-01,Bengaluru,SUV,CCS,14,49,61,28.87,Completed,None,Available,Paid,448.44
SES-12938,2025-08-02,08:57:07,STN-HYD-02,Hyderabad,Sedan,Type 2,45,66,24,12.49,Completed,None,Available,Paid,211.33
SES-12939,2025-08-02,18:23:52,STN-VSKP-01,Visakhapatnam,Sedan,Type 2,57,89,43,18.42,Completed,None,Charging,Paid,307.44
SES-12940,2025-08-02,20:42:26,STN-MUM-02,Mumbai,Sedan,CHAdeMO,75,76,29,0.40,Failed,Network Error,Maintenance,Failed,0.00
SES-12941,2025-08-02,23:16:36,STN-MUM-02,Mumbai,Hatchback,CCS,80,100,87,7.33,Completed,None,Available,Paid,120.64
SES-12942,2025-08-02,18:37:25,STN-VIJ-01,Vijayawada,Sedan,CCS,52,100,69,23.76,Completed,None,Charging,Paid,370.91
SES-12943,2025-08-03,18:38:59,STN-VSKP-01,Visakhapatnam,Sedan,Type 2,19,76,67,28.25,Completed,None,Charging,Paid,427.31
SES-12944,2025-08-03,13:46:50,STN-CHE-01,Chennai,Sedan,Type 2,11,61,84,27.16,Completed,None,Available,Paid,417.35
SES-12945,2025-08-03,11:12:36,STN-VIJ-01,Vijayawada,Sedan,CCS,76,100,103,12.56,Completed,None,Charging,Paid,205.54
SES-12946,2025-08-03,11:34:18,STN-MUM-01,Mumbai,Sedan,CHAdeMO,75,100,76,12.55,Completed,None,Available,Paid,224.36
SES-12947,2025-08-03,17:21:16,STN-BLR-02,Bengaluru,Sedan,Type 2,47,48,11,0.40,Failed,Charging Interrupted,Offline,Paid,6.28
SES-12948,2025-08-03,04:44:39,STN-CHE-01,Chennai,Sedan,CHAdeMO,8,40,59,18.25,Completed,None,Available,Paid,309.98
SES-12949,2025-08-03,07:36:01,STN-MUM-02,Mumbai,Sedan,CCS,55,72,23,10.09,Completed,None,Available,Paid,172.37
SES-12950,2025-08-03,06:10:44,STN-CBE-01,Coimbatore,Sedan,CCS,75,100,65,13.75,Completed,None,Available,Paid,226.80
SES-12951,2025-08-03,09:02:04,STN-DEL-01,Delhi,Hatchback,CCS,63,100,102,14.38,Completed,None,Available,Paid,242.36
SES-12952,2025-08-03,21:12:41,STN-MUM-01,Mumbai,Hatchback,CHAdeMO,45,47,78,0.78,Cancelled,None,Available,Refunded,0.00
SES-12953,2025-08-03,13:49:34,STN-VIJ-01,Vijayawada,SUV,CCS,65,92,53,24.04,Completed,None,Available,Paid,393.67
SES-12954,2025-08-03,14:16:39,STN-CBE-01,Coimbatore,Crossover,CHAdeMO,34,83,55,32.05,Completed,None,Available,Paid,553.52
SES-12955,2025-08-03,09:43:22,STN-DEL-02,Delhi,Sedan,Type 2,22,33,15,6.17,Completed,None,Available,Paid,95.75
SES-12956,2025-08-03,11:20:54,STN-HYD-02,Hyderabad,Sedan,CCS,34,37,17,1.01,Cancelled,None,Available,Refunded,0.00
SES-12957,2025-08-03,19:48:28,STN-HYD-01,Hyderabad,Hatchback,CCS,11,13,48,0.80,Failed,Connector Error,Maintenance,Failed,0.00
SES-12958,2025-08-03,16:52:36,STN-DEL-01,Delhi,SUV,Type 2,56,100,112,37.16,Completed,None,Charging,Paid,671.00
SES-12959,2025-08-03,09:07:11,STN-MUM-02,Mumbai,Crossover,Type 2,52,100,117,35.54,Completed,None,Charging,Paid,556.67
SES-12960,2025-08-03,08:09:14,STN-KOL-01,Kolkata,Crossover,CCS,27,28,102,0.40,Failed,Network Error,Maintenance,Paid,7.34
SES-12961,2025-08-03,15:25:46,STN-CBE-01,Coimbatore,Sedan,CHAdeMO,41,100,112,33.20,Completed,None,Charging,Paid,498.06
SES-12962,2025-08-04,21:59:38,STN-VSKP-01,Visakhapatnam,Crossover,Type 2,75,100,53,16.40,Completed,None,Charging,Paid,283.90
SES-12963,2025-08-04,17:01:05,STN-MUM-01,Mumbai,Crossover,CHAdeMO,57,87,36,18.98,Completed,None,Charging,Paid,306.87
SES-12964,2025-08-04,16:09:35,STN-MUM-02,Mumbai,SUV,Type 2,49,69,25,16.26,Completed,None,Available,Paid,272.90
SES-12965,2025-08-04,08:40:23,STN-PUN-01,Pune,Crossover,CCS,53,100,100,36.14,Completed,None,Charging,Paid,576.78
SES-12966,2025-08-04,09:13:41,STN-CHE-01,Chennai,Sedan,Type 2,53,85,48,18.87,Completed,None,Available,Paid,295.46
SES-12967,2025-08-04,04:26:32,STN-HYD-01,Hyderabad,Hatchback,Type 2,86,100,113,5.44,Completed,None,Available,Paid,90.96
SES-12968,2025-08-04,18:28:18,STN-HYD-01,Hyderabad,Sedan,CCS,51,56,10,2.81,Completed,None,Available,Paid,47.16
SES-12969,2025-08-04,13:44:18,STN-VSKP-01,Visakhapatnam,Sedan,CHAdeMO,29,100,118,37.65,Completed,None,Available,Paid,575.53
SES-12970,2025-08-04,11:25:21,STN-BLR-02,Bengaluru,SUV,CCS,31,66,60,29.38,Completed,None,Available,Paid,505.60
SES-12971,2025-08-04,12:55:01,STN-PUN-01,Pune,Sedan,CHAdeMO,16,63,72,24.20,Completed,None,Available,Paid,444.86
SES-12972,2025-08-04,21:29:26,STN-BLR-01,Bengaluru,Hatchback,Type 2,27,49,42,8.39,Completed,None,Available,Paid,134.84
SES-12973,2025-08-04,15:49:30,STN-VIJ-01,Vijayawada,SUV,Type 2,21,24,59,0.99,Cancelled,None,Available,Refunded,0.00
SES-12974,2025-08-04,15:16:03,STN-PUN-01,Pune,SUV,CCS,48,100,112,46.23,Completed,None,Charging,Paid,731.88
SES-12975,2025-08-04,09:19:59,STN-HYD-01,Hyderabad,Sedan,Type 2,75,100,63,14.77,Completed,None,Available,Paid,237.93
SES-12976,2025-08-04,16:25:25,STN-DEL-01,Delhi,SUV,Type 2,28,29,36,0.40,Failed,Network Error,Maintenance,Failed,0.00
SES-12977,2025-08-04,09:13:46,STN-VIJ-01,Vijayawada,Hatchback,CCS,75,100,90,10.03,Completed,None,Available,Paid,178.28
SES-12978,2025-08-04,11:25:23,STN-CBE-01,Coimbatore,SUV,Type 2,64,100,88,29.50,Completed,None,Charging,Paid,479.43
SES-12979,2025-08-05,22:13:02,STN-VIJ-01,Vijayawada,SUV,Type 2,57,100,95,34.08,Completed,None,Available,Paid,606.97
SES-12980,2025-08-05,11:49:13,STN-KOL-01,Kolkata,SUV,CCS,78,97,28,15.04,Completed,None,Available,Paid,227.86
SES-12981,2025-08-05,12:02:50,STN-BLR-02,Bengaluru,SUV,CCS,20,45,37,20.86,Completed,None,Available,Paid,385.18
SES-12982,2025-08-05,08:35:50,STN-DEL-02,Delhi,SUV,CCS,29,55,32,20.82,Completed,None,Available,Paid,353.72
SES-12983,2025-08-05,16:39:46,STN-DEL-01,Delhi,Crossover,CCS,70,100,73,19.50,Completed,None,Available,Paid,328.53
SES-12984,2025-08-05,19:52:51,STN-MUM-01,Mumbai,Hatchback,CHAdeMO,54,100,109,17.44,Completed,None,Charging,Paid,271.54
SES-12985,2025-08-05,18:10:26,STN-BLR-01,Bengaluru,SUV,Type 2,73,100,48,21.72,Completed,None,Available,Paid,400.28
SES-12986,2025-08-05,10:21:15,STN-CHE-01,Chennai,SUV,CCS,82,100,58,15.25,Completed,None,Available,Paid,281.74
SES-12987,2025-08-05,00:48:45,STN-DEL-02,Delhi,SUV,Type 2,44,90,68,39.48,Completed,None,Available,Paid,664.13
SES-12988,2025-08-05,10:45:17,STN-DEL-01,Delhi,Hatchback,CCS,10,10,29,0.00,Failed,Network Error,Maintenance,Failed,0.00
SES-12989,2025-08-05,08:16:37,STN-VSKP-01,Visakhapatnam,SUV,CCS,68,100,70,26.02,Completed,None,Charging,Paid,394.82
SES-12990,2025-08-05,12:57:12,STN-MUM-01,Mumbai,Hatchback,CCS,32,95,120,24.16,Completed,None,Charging,Paid,424.53
SES-12991,2025-08-05,14:05:20,STN-MUM-02,Mumbai,Sedan,CHAdeMO,13,22,18,5.03,Completed,None,Available,Paid,88.38
SES-12992,2025-08-05,18:06:35,STN-HYD-02,Hyderabad,SUV,CHAdeMO,10,29,32,17.44,Completed,None,Available,Paid,300.20
SES-12993,2025-08-05,17:43:13,STN-BLR-01,Bengaluru,Hatchback,Type 2,21,83,118,23.43,Completed,None,Charging,Paid,426.12
SES-12994,2025-08-06,07:09:49,STN-CHE-01,Chennai,Sedan,CCS,44,55,16,6.07,Completed,None,Available,Paid,98.38
SES-12995,2025-08-06,19:07:45,STN-BLR-02,Bengaluru,Crossover,CCS,80,100,40,13.58,Completed,None,Charging,Paid,249.38
SES-12996,2025-08-06,07:59:23,STN-PUN-01,Pune,Sedan,Type 2,49,88,69,23.24,Completed,None,Available,Paid,410.83
SES-12997,2025-08-06,16:25:05,STN-HYD-02,Hyderabad,Sedan,CCS,86,100,70,6.93,Completed,None,Available,Paid,106.80
SES-12998,2025-08-06,07:35:11,STN-BLR-01,Bengaluru,SUV,CCS,47,50,84,1.05,Cancelled,None,Maintenance,Refunded,0.00
SES-12999,2025-08-06,09:43:36,STN-DEL-02,Delhi,Hatchback,Type 2,50,51,113,0.40,Failed,Connector Error,Offline,Paid,7.22
SES-13000,2025-08-06,18:17:15,STN-MUM-02,Mumbai,Hatchback,CCS,67,100,90,14.39,Completed,None,Available,Paid,243.90
SES-13001,2025-08-06,18:36:08,STN-VIJ-01,Vijayawada,Sedan,CCS,5,9,109,1.60,Failed,Connector Error,Offline,Failed,0.00
SES-13002,2025-08-06,09:07:37,STN-KOL-01,Kolkata,Sedan,CCS,63,86,35,12.77,Completed,None,Available,Paid,230.93
SES-13003,2025-08-06,03:43:30,STN-BLR-02,Bengaluru,SUV,Type 2,67,100,109,30.16,Completed,None,Charging,Paid,466.76
SES-13004,2025-08-06,18:15:41,STN-HYD-01,Hyderabad,Sedan,CHAdeMO,83,83,91,0.00,Failed,Connector Error,Offline,Failed,0.00
SES-13005,2025-08-06,10:13:12,STN-CBE-01,Coimbatore,SUV,CCS,22,60,63,31.76,Completed,None,Available,Paid,519.57
SES-13006,2025-08-06,21:11:36,STN-DEL-01,Delhi,SUV,CCS,90,100,40,7.67,Completed,None,Available,Paid,118.85
SES-13007,2025-08-06,17:01:34,STN-VSKP-01,Visakhapatnam,SUV,CCS,86,100,108,12.52,Completed,None,Charging,Paid,210.35
SES-13008,2025-08-06,19:02:03,STN-DEL-01,Delhi,Sedan,CCS,69,100,50,15.57,Completed,None,Available,Paid,252.37
SES-13009,2025-08-06,23:18:09,STN-BLR-02,Bengaluru,Sedan,Type 2,24,54,37,17.90,Completed,None,Available,Paid,299.55
SES-13010,2025-08-07,06:16:15,STN-HYD-01,Hyderabad,SUV,CCS,60,100,99,36.88,Completed,None,Available,Paid,580.39
SES-13011,2025-08-07,17:52:08,STN-KOL-01,Kolkata,Sedan,CCS,58,68,15,5.61,Completed,None,Available,Paid,99.04
SES-13012,2025-08-07,00:08:11,STN-VIJ-01,Vijayawada,SUV,Type 2,52,84,43,29.17,Completed,None,Charging,Paid,458.33
SES-13013,2025-08-07,17:14:01,STN-DEL-01,Delhi,Hatchback,CCS,58,100,101,15.61,Completed,None,Charging,Paid,244.01
SES-13014,2025-08-07,10:07:54,STN-BLR-01,Bengaluru,Sedan,CHAdeMO,20,86,117,38.06,Completed,None,Available,Paid,621.36
SES-13015,2025-08-07,04:52:19,STN-BLR-02,Bengaluru,Sedan,CCS,24,96,120,43.44,Completed,None,Available,Paid,713.40
SES-13016,2025-08-07,09:07:49,STN-KOL-01,Kolkata,Sedan,CCS,51,60,18,4.56,Completed,None,Available,Paid,78.69
SES-13017,2025-08-07,19:33:56,STN-BLR-02,Bengaluru,Hatchback,CCS,11,15,102,1.60,Failed,Station Offline,Maintenance,Failed,0.00
SES-13018,2025-08-08,08:55:18,STN-DEL-02,Delhi,Sedan,CCS,27,100,107,40.97,Completed,None,Available,Paid,622.17
SES-13019,2025-08-08,16:17:39,STN-CBE-01,Coimbatore,Crossover,CHAdeMO,79,90,21,7.36,Completed,None,Available,Paid,124.38
SES-13020,2025-08-08,08:59:52,STN-HYD-01,Hyderabad,SUV,Type 2,37,37,25,0.00,Failed,Connector Error,Maintenance,Failed,0.00
SES-13021,2025-08-08,12:35:16,STN-DEL-02,Delhi,Sedan,CCS,44,100,80,28.72,Completed,None,Available,Paid,501.10
SES-13022,2025-08-08,20:08:57,STN-HYD-01,Hyderabad,Sedan,Type 2,9,39,40,17.37,Completed,None,Available,Paid,297.08
SES-13023,2025-08-08,13:56:27,STN-DEL-02,Delhi,SUV,CHAdeMO,49,75,42,20.61,Completed,None,Available,Paid,376.46
SES-13024,2025-08-08,06:40:35,STN-VSKP-01,Visakhapatnam,SUV,CCS,45,53,16,6.23,Completed,None,Available,Paid,96.23
SES-13025,2025-08-08,17:07:31,STN-BLR-02,Bengaluru,SUV,CCS,12,19,12,6.36,Completed,None,Charging,Paid,105.94
SES-13026,2025-08-08,00:56:08,STN-PUN-01,Pune,Sedan,CCS,85,87,29,0.74,Cancelled,None,Available,Refunded,0.00
SES-13027,2025-08-08,18:31:01,STN-PUN-01,Pune,SUV,Type 2,86,94,14,7.14,Completed,None,Available,Paid,110.37
SES-13028,2025-08-08,03:08:29,STN-PUN-01,Pune,Sedan,CCS,54,55,76,0.40,Failed,Network Error,Offline,Failed,0.00
SES-13029,2025-08-08,18:59:00,STN-BLR-02,Bengaluru,SUV,CCS,35,100,120,59.43,Completed,None,Available,Paid,"1,004.96"
SES-13030,2025-08-08,21:04:34,STN-VSKP-01,Visakhapatnam,Sedan,CCS,8,9,47,0.40,Failed,Connector Error,Offline,Failed,0.00
SES-13031,2025-08-08,21:13:08,STN-DEL-01,Delhi,Hatchback,Type 2,70,74,88,1.52,Cancelled,None,Maintenance,Refunded,0.00
SES-13032,2025-08-08,08:03:49,STN-KOL-01,Kolkata,Sedan,Type 2,60,100,108,23.81,Completed,None,Charging,Paid,395.79
SES-13033,2025-08-08,18:03:24,STN-MUM-02,Mumbai,SUV,CCS,9,50,65,36.00,Completed,None,Charging,Paid,596.34
SES-13034,2025-08-09,19:54:06,STN-VIJ-01,Vijayawada,SUV,CCS,85,100,32,13.83,Completed,None,Available,Paid,252.39
SES-13035,2025-08-09,17:03:49,STN-CHE-01,Chennai,Sedan,CHAdeMO,58,100,106,24.42,Completed,None,Charging,Paid,433.91
SES-13036,2025-08-09,16:35:55,STN-MUM-02,Mumbai,SUV,CCS,84,93,11,7.91,Completed,None,Available,Paid,119.92
SES-13037,2025-08-09,19:07:31,STN-PUN-01,Pune,Sedan,CCS,5,93,109,49.54,Completed,None,Available,Paid,743.75
SES-13038,2025-08-09,19:41:36,STN-DEL-01,Delhi,Sedan,Type 2,80,96,30,8.72,Completed,None,Charging,Paid,157.64
SES-13039,2025-08-09,18:11:24,STN-BLR-02,Bengaluru,Crossover,Type 2,87,100,87,9.10,Completed,None,Available,Paid,168.03
SES-13040,2025-08-09,14:03:41,STN-MUM-01,Mumbai,Sedan,CCS,77,93,23,9.06,Completed,None,Available,Paid,142.95
SES-13041,2025-08-09,10:31:28,STN-DEL-01,Delhi,SUV,CCS,65,100,71,27.96,Completed,None,Charging,Paid,489.30
SES-13042,2025-08-09,18:53:15,STN-VSKP-01,Visakhapatnam,Hatchback,Type 2,11,18,115,2.63,Cancelled,None,Available,Refunded,0.00
SES-13043,2025-08-09,23:28:51,STN-MUM-01,Mumbai,Sedan,Type 2,34,45,20,6.21,Completed,None,Charging,Paid,96.55
SES-13044,2025-08-09,20:57:43,STN-BLR-02,Bengaluru,Hatchback,Type 2,19,25,13,2.50,Completed,None,Charging,Paid,43.97
SES-13045,2025-08-10,12:00:47,STN-BLR-01,Bengaluru,Sedan,Type 2,8,46,56,19.21,Completed,None,Charging,Paid,305.40
SES-13046,2025-08-10,01:14:38,STN-VIJ-01,Vijayawada,SUV,CCS,67,100,103,30.32,Completed,None,Available,Paid,556.85
SES-13047,2025-08-10,18:04:41,STN-HYD-01,Hyderabad,Hatchback,Type 2,74,100,109,10.44,Completed,None,Charging,Paid,176.26
SES-13048,2025-08-10,21:35:45,STN-KOL-01,Kolkata,Crossover,CCS,42,62,29,14.13,Completed,None,Available,Paid,221.90
SES-13049,2025-08-10,07:15:54,STN-CHE-01,Chennai,SUV,Type 2,51,92,61,37.01,Completed,None,Charging,Paid,576.31
SES-13050,2025-08-10,10:31:15,STN-MUM-02,Mumbai,SUV,Type 2,64,80,25,13.79,Completed,None,Charging,Paid,220.35
SES-13051,2025-08-10,20:57:45,STN-DEL-02,Delhi,SUV,Type 2,6,7,107,0.40,Failed,Network Error,Maintenance,Failed,0.00
SES-13052,2025-08-10,09:52:11,STN-DEL-02,Delhi,Sedan,Type 2,73,77,54,1.60,Failed,Network Error,Offline,Paid,28.26
SES-13053,2025-08-10,19:52:16,STN-HYD-01,Hyderabad,Hatchback,CCS,12,13,17,0.40,Failed,Station Offline,Maintenance,Failed,0.00
SES-13054,2025-08-10,06:54:50,STN-DEL-01,Delhi,Sedan,CCS,55,100,118,24.70,Completed,None,Charging,Paid,439.93
SES-13055,2025-08-10,00:27:06,STN-DEL-02,Delhi,SUV,CCS,23,80,71,51.02,Completed,None,Available,Paid,804.64
SES-13056,2025-08-10,20:25:52,STN-VIJ-01,Vijayawada,SUV,Type 2,35,87,93,39.84,Completed,None,Available,Paid,703.52
SES-13057,2025-08-10,18:45:46,STN-HYD-02,Hyderabad,Hatchback,CCS,84,100,30,7.02,Completed,None,Charging,Paid,123.74
SES-13058,2025-08-10,22:20:13,STN-DEL-02,Delhi,SUV,CCS,26,81,73,46.74,Completed,None,Charging,Paid,772.40
SES-13059,2025-08-10,14:44:54,STN-BLR-02,Bengaluru,Hatchback,Type 2,37,100,113,24.34,Completed,None,Available,Paid,403.31
SES-13060,2025-08-10,07:36:56,STN-HYD-01,Hyderabad,Sedan,CCS,90,100,39,5.84,Completed,None,Available,Paid,96.05
SES-13061,2025-08-11,15:40:05,STN-CHE-01,Chennai,Sedan,Type 2,76,100,45,14.48,Completed,None,Available,Paid,234.71
SES-13062,2025-08-11,19:38:40,STN-HYD-01,Hyderabad,SUV,CCS,41,52,14,9.44,Completed,None,Charging,Paid,174.15
SES-13063,2025-08-11,17:36:07,STN-CHE-01,Chennai,SUV,CCS,16,67,94,42.15,Completed,None,Available,Paid,757.54
SES-13064,2025-08-11,03:12:39,STN-HYD-02,Hyderabad,SUV,CCS,73,100,47,21.14,Completed,None,Available,Paid,336.05
SES-13065,2025-08-11,18:57:17,STN-VSKP-01,Visakhapatnam,Hatchback,CHAdeMO,68,100,96,13.09,Completed,None,Charging,Paid,240.78
SES-13066,2025-08-11,18:37:31,STN-KOL-01,Kolkata,Sedan,CCS,29,30,28,0.40,Failed,Network Error,Offline,Failed,0.00
SES-13067,2025-08-11,07:59:12,STN-DEL-02,Delhi,SUV,CCS,58,100,83,35.12,Completed,None,Available,Paid,533.76
SES-13068,2025-08-11,15:27:57,STN-VSKP-01,Visakhapatnam,Sedan,Type 2,33,62,36,14.62,Completed,None,Available,Paid,233.10
SES-13069,2025-08-11,19:23:01,STN-HYD-01,Hyderabad,Sedan,Type 2,17,72,108,32.43,Completed,None,Available,Paid,541.53
SES-13070,2025-08-11,16:39:33,STN-VIJ-01,Vijayawada,Sedan,CCS,30,42,22,6.42,Completed,None,Charging,Paid,98.42
SES-13071,2025-08-11,16:21:04,STN-MUM-01,Mumbai,Hatchback,Type 2,26,35,18,3.80,Completed,None,Available,Paid,61.43
SES-13072,2025-08-11,08:50:15,STN-PUN-01,Pune,SUV,Type 2,80,98,26,13.78,Completed,None,Available,Paid,216.10
SES-13073,2025-08-11,11:30:51,STN-VSKP-01,Visakhapatnam,Sedan,Type 2,77,100,104,13.27,Completed,None,Charging,Paid,241.44
SES-13074,2025-08-11,07:47:22,STN-VIJ-01,Vijayawada,SUV,CCS,14,100,115,75.96,Completed,None,Available,Paid,"1,165.51"
SES-13075,2025-08-11,08:11:13,STN-HYD-02,Hyderabad,SUV,CCS,52,99,53,40.39,Completed,None,Available,Paid,711.00
SES-13076,2025-08-11,23:26:27,STN-DEL-01,Delhi,Hatchback,CCS,46,85,54,16.03,Completed,None,Available,Paid,294.10
SES-13077,2025-08-12,18:51:15,STN-MUM-01,Mumbai,SUV,Type 2,63,100,97,31.27,Completed,None,Charging,Paid,566.55
SES-13078,2025-08-12,22:28:08,STN-CHE-01,Chennai,Sedan,CCS,57,92,51,19.05,Completed,None,Available,Paid,340.49
SES-13079,2025-08-12,08:40:12,STN-HYD-01,Hyderabad,Crossover,Type 2,44,85,60,31.14,Completed,None,Available,Paid,467.61
SES-13080,2025-08-12,18:08:46,STN-CHE-01,Chennai,Sedan,CCS,79,100,92,10.60,Completed,None,Available,Paid,170.88
SES-13081,2025-08-12,14:11:52,STN-CHE-01,Chennai,Hatchback,CCS,66,100,67,12.48,Completed,None,Charging,Paid,197.63
SES-13082,2025-08-12,21:31:37,STN-CBE-01,Coimbatore,SUV,Type 2,10,53,67,37.53,Completed,None,Available,Paid,684.93
SES-13083,2025-08-12,22:56:53,STN-VIJ-01,Vijayawada,Sedan,Type 2,8,40,39,16.12,Completed,None,Charging,Paid,252.95
SES-13084,2025-08-12,17:19:31,STN-VIJ-01,Vijayawada,Hatchback,Type 2,59,67,14,3.10,Completed,None,Charging,Paid,51.29
SES-13085,2025-08-12,10:16:15,STN-HYD-02,Hyderabad,Sedan,CCS,73,83,17,5.83,Completed,None,Available,Paid,96.62
SES-13086,2025-08-12,06:18:29,STN-VIJ-01,Vijayawada,Hatchback,CCS,7,8,46,0.40,Failed,Connector Error,Maintenance,Failed,0.00
SES-13087,2025-08-12,13:33:13,STN-MUM-01,Mumbai,Sedan,Type 2,11,42,56,17.92,Completed,None,Available,Paid,289.15
SES-13088,2025-08-12,07:16:59,STN-HYD-01,Hyderabad,SUV,CCS,90,100,109,8.95,Completed,None,Charging,Paid,135.87
SES-13089,2025-08-12,02:49:47,STN-DEL-02,Delhi,SUV,Type 2,16,81,98,50.59,Completed,None,Charging,Paid,867.27
SES-13090,2025-08-12,09:20:48,STN-BLR-01,Bengaluru,Sedan,CCS,21,65,54,23.17,Completed,None,Charging,Paid,407.83
SES-13091,2025-08-12,17:56:57,STN-MUM-02,Mumbai,SUV,Type 2,71,83,14,9.87,Completed,None,Charging,Paid,174.10
SES-13092,2025-08-12,08:15:27,STN-MUM-02,Mumbai,Hatchback,CHAdeMO,79,100,106,8.02,Completed,None,Available,Paid,134.86
SES-13093,2025-08-12,17:00:40,STN-VIJ-01,Vijayawada,Hatchback,CCS,74,100,72,9.96,Completed,None,Available,Paid,162.06
SES-13094,2025-08-13,19:35:43,STN-HYD-02,Hyderabad,SUV,Type 2,40,100,95,46.19,Completed,None,Available,Paid,852.16
SES-13095,2025-08-13,16:38:17,STN-DEL-01,Delhi,Hatchback,CCS,21,66,56,18.03,Completed,None,Available,Paid,311.05
SES-13096,2025-08-13,00:22:14,STN-VIJ-01,Vijayawada,Crossover,CCS,90,94,115,1.60,Failed,Charging Interrupted,Offline,Failed,0.00
SES-13097,2025-08-13,19:24:44,STN-BLR-02,Bengaluru,Sedan,CCS,5,24,34,10.43,Completed,None,Available,Paid,173.50
SES-13098,2025-08-13,06:47:44,STN-VSKP-01,Visakhapatnam,SUV,Type 2,71,100,116,23.60,Completed,None,Charging,Paid,385.08
SES-13099,2025-08-13,18:11:28,STN-BLR-01,Bengaluru,Sedan,CCS,84,87,59,1.03,Cancelled,None,Available,Refunded,0.00
SES-13100,2025-08-13,06:23:51,STN-HYD-01,Hyderabad,Hatchback,Type 2,82,100,102,6.90,Completed,None,Available,Paid,104.06
SES-13101,2025-08-13,06:19:14,STN-MUM-02,Mumbai,Hatchback,CCS,53,84,54,13.16,Completed,None,Charging,Paid,238.55
SES-13102,2025-08-13,12:03:53,STN-DEL-01,Delhi,Hatchback,CCS,55,56,39,0.40,Failed,Payment Failure,Maintenance,Failed,0.00
SES-13103,2025-08-13,21:49:01,STN-BLR-02,Bengaluru,Crossover,CCS,75,100,57,16.13,Completed,None,Available,Paid,277.72
SES-13104,2025-08-13,16:29:25,STN-MUM-01,Mumbai,Sedan,Type 2,47,49,60,0.80,Failed,Payment Failure,Maintenance,Failed,0.00
SES-13105,2025-08-13,15:25:19,STN-HYD-01,Hyderabad,Sedan,CCS,35,100,103,38.16,Completed,None,Charging,Paid,686.60
SES-13106,2025-08-14,19:55:19,STN-CHE-01,Chennai,Sedan,CCS,28,74,64,27.35,Completed,None,Available,Paid,424.17
SES-13107,2025-08-14,09:09:22,STN-VIJ-01,Vijayawada,SUV,CCS,87,100,117,10.77,Completed,None,Available,Paid,191.82
SES-13108,2025-08-14,17:51:18,STN-DEL-01,Delhi,SUV,CCS,41,95,64,44.26,Completed,None,Charging,Paid,767.28
SES-13109,2025-08-14,16:48:26,STN-HYD-01,Hyderabad,Hatchback,CCS,69,99,55,11.07,Completed,None,Charging,Paid,166.55
SES-13110,2025-08-14,14:01:23,STN-BLR-01,Bengaluru,Sedan,CCS,67,99,40,16.90,Completed,None,Charging,Paid,263.28
SES-13111,2025-08-14,15:27:52,STN-CHE-01,Chennai,SUV,CCS,60,62,43,0.80,Failed,Connector Error,Maintenance,Failed,0.00
SES-13112,2025-08-14,18:38:01,STN-BLR-01,Bengaluru,Hatchback,CCS,78,100,101,9.58,Completed,None,Available,Paid,174.68
SES-13113,2025-08-14,18:04:49,STN-PUN-01,Pune,Sedan,CCS,22,79,83,33.44,Completed,None,Available,Paid,554.79
SES-13114,2025-08-14,05:42:58,STN-MUM-02,Mumbai,Sedan,Type 2,69,100,77,17.49,Completed,None,Available,Paid,307.46
SES-13115,2025-08-14,22:38:40,STN-KOL-01,Kolkata,SUV,CCS,33,61,42,24.80,Completed,None,Charging,Paid,393.38
SES-13116,2025-08-14,13:19:33,STN-BLR-02,Bengaluru,SUV,CCS,81,100,65,14.59,Completed,None,Available,Paid,245.45
SES-13117,2025-08-14,14:52:21,STN-CBE-01,Coimbatore,Crossover,Type 2,8,43,67,24.05,Completed,None,Available,Paid,396.35
SES-13118,2025-08-14,22:22:18,STN-KOL-01,Kolkata,SUV,Type 2,16,69,66,44.69,Completed,None,Available,Paid,780.68
SES-13119,2025-08-14,10:19:38,STN-DEL-01,Delhi,Hatchback,CHAdeMO,60,82,26,8.77,Completed,None,Available,Paid,135.50
SES-13120,2025-08-14,09:38:16,STN-CHE-01,Chennai,SUV,CCS,52,65,20,11.53,Completed,None,Available,Paid,172.99
SES-13121,2025-08-15,20:47:34,STN-MUM-02,Mumbai,Sedan,Type 2,23,67,80,23.71,Completed,None,Available,Paid,372.46
SES-13122,2025-08-15,09:45:46,STN-HYD-02,Hyderabad,Sedan,Type 2,30,100,90,40.46,Completed,None,Available,Paid,677.02
SES-13123,2025-08-15,03:45:38,STN-VIJ-01,Vijayawada,Sedan,Type 2,42,100,101,30.48,Completed,None,Available,Paid,550.32
SES-13124,2025-08-15,13:29:16,STN-VSKP-01,Visakhapatnam,Sedan,CHAdeMO,84,100,26,9.19,Completed,None,Available,Paid,140.60
SES-13125,2025-08-15,14:28:05,STN-BLR-01,Bengaluru,Sedan,CCS,29,95,114,37.80,Completed,None,Available,Paid,658.36
SES-13126,2025-08-15,07:16:13,STN-CBE-01,Coimbatore,SUV,CCS,60,74,19,10.79,Completed,None,Available,Paid,195.70
SES-13127,2025-08-15,20:49:56,STN-PUN-01,Pune,SUV,Type 2,78,100,35,18.54,Completed,None,Available,Paid,312.75
SES-13128,2025-08-15,11:39:38,STN-VSKP-01,Visakhapatnam,SUV,CCS,32,43,15,9.97,Completed,None,Charging,Paid,167.59
SES-13129,2025-08-15,11:35:49,STN-BLR-01,Bengaluru,Sedan,Type 2,65,100,90,20.22,Completed,None,Charging,Paid,349.71
SES-13130,2025-08-15,07:13:26,STN-HYD-01,Hyderabad,SUV,CCS,55,62,25,2.80,Cancelled,None,Available,Refunded,0.00
SES-13131,2025-08-15,14:30:45,STN-MUM-01,Mumbai,SUV,Type 2,16,100,112,64.69,Completed,None,Available,Paid,"1,016.54"
SES-13132,2025-08-15,03:16:18,STN-PUN-01,Pune,Crossover,CCS,12,87,99,47.61,Completed,None,Available,Paid,728.35
SES-13133,2025-08-15,18:47:56,STN-PUN-01,Pune,Crossover,CCS,62,67,13,1.85,Cancelled,None,Available,Refunded,0.00
SES-13134,2025-08-15,20:03:16,STN-BLR-02,Bengaluru,Hatchback,CHAdeMO,27,87,71,23.48,Completed,None,Available,Paid,380.87
SES-13135,2025-08-15,21:58:33,STN-DEL-01,Delhi,Hatchback,CCS,41,100,93,24.96,Completed,None,Charging,Paid,458.52
SES-13136,2025-08-15,15:10:55,STN-HYD-02,Hyderabad,Sedan,CCS,15,69,73,29.69,Completed,None,Charging,Paid,522.20
SES-13137,2025-08-15,00:37:52,STN-HYD-02,Hyderabad,Sedan,CCS,21,71,65,27.12,Completed,None,Available,Paid,492.07
SES-13138,2025-08-15,06:29:09,STN-CBE-01,Coimbatore,Hatchback,Type 2,60,100,114,17.17,Completed,None,Available,Paid,258.25
SES-13139,2025-08-15,07:07:38,STN-BLR-02,Bengaluru,SUV,Type 2,57,100,84,34.58,Completed,None,Charging,Paid,576.31
SES-13140,2025-08-16,21:07:54,STN-BLR-01,Bengaluru,SUV,Type 2,71,89,32,14.50,Completed,None,Available,Paid,245.33
SES-13141,2025-08-16,18:15:40,STN-DEL-02,Delhi,Hatchback,CCS,6,40,42,13.18,Completed,None,Charging,Paid,241.45
SES-13142,2025-08-16,09:11:26,STN-MUM-02,Mumbai,SUV,CCS,33,56,40,20.84,Completed,None,Available,Paid,331.31
SES-13143,2025-08-16,08:31:56,STN-KOL-01,Kolkata,Sedan,CCS,61,70,16,5.05,Completed,None,Available,Paid,82.93
SES-13144,2025-08-16,15:26:01,STN-DEL-02,Delhi,Sedan,CCS,38,100,95,32.68,Completed,None,Available,Paid,530.38
SES-13145,2025-08-16,20:32:25,STN-HYD-01,Hyderabad,Sedan,CCS,82,92,14,5.28,Completed,None,Charging,Paid,84.04
SES-13146,2025-08-16,10:42:04,STN-HYD-02,Hyderabad,Hatchback,Type 2,86,100,46,5.78,Completed,None,Available,Paid,98.21
SES-13147,2025-08-16,09:29:44,STN-KOL-01,Kolkata,SUV,CCS,6,12,10,5.37,Completed,None,Charging,Paid,85.01
SES-13148,2025-08-16,06:16:43,STN-DEL-01,Delhi,Crossover,CCS,79,100,79,13.49,Completed,None,Available,Paid,216.21
SES-13149,2025-08-16,01:45:25,STN-MUM-01,Mumbai,Hatchback,CCS,35,73,54,16.09,Completed,None,Charging,Paid,274.41
SES-13150,2025-08-16,17:42:58,STN-CBE-01,Coimbatore,Sedan,CCS,81,100,56,10.59,Completed,None,Available,Paid,191.06
SES-13151,2025-08-16,07:34:38,STN-BLR-01,Bengaluru,Sedan,CCS,48,100,77,26.39,Completed,None,Charging,Paid,469.06
SES-13152,2025-08-16,18:03:56,STN-DEL-01,Delhi,SUV,CCS,60,100,103,35.85,Completed,None,Available,Paid,651.43
SES-13153,2025-08-16,19:19:50,STN-DEL-01,Delhi,Crossover,CCS,58,91,39,23.48,Completed,None,Available,Paid,352.54
SES-13154,2025-08-17,20:36:19,STN-CHE-01,Chennai,Sedan,Type 2,57,100,90,23.31,Completed,None,Available,Paid,389.58
SES-13155,2025-08-17,15:33:57,STN-PUN-01,Pune,Hatchback,CCS,78,100,69,8.58,Completed,None,Charging,Paid,145.64
SES-13156,2025-08-17,13:47:53,STN-MUM-02,Mumbai,Sedan,Type 2,80,100,33,10.37,Completed,None,Charging,Paid,158.72
SES-13157,2025-08-17,15:16:04,STN-KOL-01,Kolkata,Sedan,CCS,90,100,40,5.54,Completed,None,Available,Paid,97.12
SES-13158,2025-08-17,08:59:54,STN-PUN-01,Pune,Crossover,Type 2,50,51,37,0.40,Failed,Payment Failure,Offline,Failed,0.00
SES-13159,2025-08-17,16:07:26,STN-DEL-01,Delhi,Sedan,CCS,58,87,54,14.77,Completed,None,Available,Paid,259.40
SES-13160,2025-08-17,07:12:15,STN-CBE-01,Coimbatore,Hatchback,Type 2,35,100,116,27.19,Completed,None,Charging,Paid,467.64
SES-13161,2025-08-17,18:12:19,STN-BLR-02,Bengaluru,Sedan,CCS,87,95,13,4.26,Completed,None,Charging,Paid,75.46
SES-13162,2025-08-17,15:46:54,STN-DEL-02,Delhi,Hatchback,CCS,28,64,70,15.17,Completed,None,Available,Paid,239.22
SES-13163,2025-08-17,21:36:57,STN-CHE-01,Chennai,Hatchback,CHAdeMO,29,53,48,9.46,Completed,None,Available,Paid,164.96
SES-13164,2025-08-17,17:13:03,STN-PUN-01,Pune,Hatchback,Type 2,39,39,92,0.00,Failed,Payment Failure,Maintenance,Failed,0.00
SES-13165,2025-08-17,23:54:38,STN-HYD-01,Hyderabad,Sedan,CCS,61,86,33,12.50,Completed,None,Available,Paid,196.91
SES-13166,2025-08-17,08:26:06,STN-KOL-01,Kolkata,Sedan,CCS,76,100,80,12.74,Completed,None,Charging,Paid,198.81
SES-13167,2025-08-17,05:32:01,STN-KOL-01,Kolkata,SUV,CCS,73,74,55,0.40,Failed,Network Error,Offline,Failed,0.00
SES-13168,2025-08-18,16:24:59,STN-MUM-01,Mumbai,Sedan,Type 2,90,100,62,5.17,Completed,None,Available,Paid,87.16
SES-13169,2025-08-18,17:14:30,STN-MUM-01,Mumbai,SUV,Type 2,32,71,57,30.30,Completed,None,Charging,Paid,528.20
SES-13170,2025-08-18,03:13:05,STN-MUM-02,Mumbai,SUV,CCS,80,93,18,10.83,Completed,None,Charging,Paid,167.48
SES-13171,2025-08-18,18:17:19,STN-VSKP-01,Visakhapatnam,Sedan,CCS,37,57,31,11.84,Completed,None,Charging,Paid,200.90
SES-13172,2025-08-18,18:16:15,STN-KOL-01,Kolkata,Hatchback,CCS,57,59,11,0.80,Failed,Network Error,Offline,Paid,14.58
SES-13173,2025-08-18,08:51:31,STN-HYD-01,Hyderabad,Hatchback,CCS,20,71,100,20.98,Completed,None,Available,Paid,355.26
SES-13174,2025-08-18,11:08:26,STN-PUN-01,Pune,Crossover,CCS,30,48,25,13.69,Completed,None,Available,Paid,207.00
SES-13175,2025-08-18,19:32:09,STN-PUN-01,Pune,SUV,Type 2,16,24,14,7.18,Completed,None,Available,Paid,126.33
SES-13176,2025-08-18,09:48:48,STN-DEL-01,Delhi,Sedan,Type 2,81,81,21,0.00,Failed,Network Error,Maintenance,Failed,0.00
SES-13177,2025-08-18,09:17:51,STN-PUN-01,Pune,Sedan,CCS,35,80,61,25.25,Completed,None,Available,Paid,407.66
SES-13178,2025-08-19,17:07:12,STN-HYD-01,Hyderabad,Sedan,Type 2,31,35,35,1.29,Cancelled,None,Available,Refunded,0.00
SES-13179,2025-08-19,12:53:19,STN-MUM-01,Mumbai,Sedan,CCS,40,52,24,6.75,Completed,None,Charging,Paid,113.21
SES-13180,2025-08-19,08:51:22,STN-DEL-01,Delhi,Crossover,Type 2,63,100,76,26.82,Completed,None,Available,Paid,439.16
SES-13181,2025-08-19,15:02:33,STN-BLR-01,Bengaluru,Sedan,CHAdeMO,7,74,82,37.13,Completed,None,Charging,Paid,679.41
SES-13182,2025-08-19,07:16:44,STN-HYD-01,Hyderabad,Sedan,CCS,36,38,68,0.80,Failed,Network Error,Offline,Failed,0.00
SES-13183,2025-08-19,03:22:14,STN-BLR-02,Bengaluru,Sedan,CCS,19,78,101,30.36,Completed,None,Available,Paid,468.74
SES-13184,2025-08-19,15:13:01,STN-VIJ-01,Vijayawada,Sedan,CCS,79,100,48,10.54,Completed,None,Available,Paid,173.04
SES-13185,2025-08-19,07:17:05,STN-PUN-01,Pune,Sedan,Type 2,70,72,72,0.80,Failed,Connector Error,Maintenance,Failed,0.00
SES-13186,2025-08-19,21:20:39,STN-MUM-01,Mumbai,SUV,CCS,67,100,109,28.36,Completed,None,Available,Paid,505.18
SES-13187,2025-08-19,01:01:32,STN-DEL-02,Delhi,SUV,Type 2,5,28,34,17.70,Completed,None,Available,Paid,275.87
SES-13188,2025-08-19,18:21:55,STN-KOL-01,Kolkata,Sedan,CCS,79,100,50,10.50,Completed,None,Available,Paid,176.71
SES-13189,2025-08-19,01:46:12,STN-KOL-01,Kolkata,Sedan,CCS,9,34,37,14.77,Completed,None,Available,Paid,253.28
SES-13190,2025-08-19,07:01:13,STN-PUN-01,Pune,SUV,CCS,10,16,120,2.01,Cancelled,None,Available,Refunded,0.00
SES-13191,2025-08-19,01:40:27,STN-BLR-02,Bengaluru,SUV,CCS,9,27,30,16.11,Completed,None,Charging,Paid,261.13
SES-13192,2025-08-20,13:17:55,STN-KOL-01,Kolkata,Sedan,Type 2,77,100,102,12.25,Completed,None,Charging,Paid,194.51
SES-13193,2025-08-20,17:35:40,STN-MUM-01,Mumbai,Crossover,Type 2,32,93,98,46.42,Completed,None,Charging,Paid,788.12
SES-13194,2025-08-20,03:03:56,STN-MUM-02,Mumbai,SUV,CCS,87,100,103,11.38,Completed,None,Available,Paid,195.09
SES-13195,2025-08-20,07:19:45,STN-PUN-01,Pune,SUV,CCS,73,77,70,1.36,Cancelled,None,Available,Refunded,0.00
SES-13196,2025-08-20,16:23:06,STN-DEL-01,Delhi,Hatchback,CCS,48,100,112,20.86,Completed,None,Charging,Paid,378.00
SES-13197,2025-08-20,03:53:07,STN-CHE-01,Chennai,SUV,Type 2,20,54,66,28.32,Completed,None,Charging,Paid,512.64
SES-13198,2025-08-20,21:43:12,STN-KOL-01,Kolkata,Hatchback,CCS,75,91,20,5.86,Completed,None,Available,Paid,94.96
SES-13199,2025-08-20,17:13:31,STN-HYD-01,Hyderabad,Crossover,Type 2,82,97,28,10.19,Completed,None,Charging,Paid,158.37
SES-13200,2025-08-20,19:26:55,STN-BLR-02,Bengaluru,Sedan,CCS,26,100,84,40.54,Completed,None,Available,Paid,695.50
SES-13201,2025-08-20,20:03:20,STN-PUN-01,Pune,Hatchback,Type 2,77,100,98,8.29,Completed,None,Charging,Paid,126.27
SES-13202,2025-08-20,20:14:52,STN-BLR-01,Bengaluru,Sedan,Type 2,27,34,10,3.89,Completed,None,Available,Paid,70.00
SES-13203,2025-08-21,09:51:23,STN-DEL-02,Delhi,Sedan,CCS,47,72,41,14.49,Completed,None,Available,Paid,227.75
SES-13204,2025-08-21,19:20:15,STN-MUM-01,Mumbai,Hatchback,Type 2,72,100,94,10.13,Completed,None,Charging,Paid,173.23
SES-13205,2025-08-21,08:15:34,STN-BLR-02,Bengaluru,Crossover,Type 2,47,50,118,1.20,Failed,Connector Error,Maintenance,Failed,0.00
SES-13206,2025-08-21,20:56:34,STN-HYD-01,Hyderabad,Hatchback,Type 2,30,94,86,25.17,Completed,None,Charging,Paid,407.59
SES-13207,2025-08-21,16:38:17,STN-PUN-01,Pune,Sedan,CCS,45,68,43,13.18,Completed,None,Available,Paid,229.93
SES-13208,2025-08-21,14:47:21,STN-BLR-01,Bengaluru,SUV,CCS,74,88,26,11.85,Completed,None,Charging,Paid,209.06
SES-13209,2025-08-21,21:48:51,STN-MUM-01,Mumbai,SUV,Type 2,35,91,64,50.26,Completed,None,Available,Paid,860.07
SES-13210,2025-08-21,12:01:07,STN-HYD-01,Hyderabad,Sedan,Type 2,21,85,120,37.35,Completed,None,Available,Paid,620.13
SES-13211,2025-08-21,13:01:50,STN-MUM-01,Mumbai,Crossover,Type 2,13,37,28,15.33,Completed,None,Available,Paid,262.93
SES-13212,2025-08-21,08:12:05,STN-HYD-01,Hyderabad,Sedan,Type 2,59,100,83,20.30,Completed,None,Charging,Paid,304.99
SES-13213,2025-08-21,12:50:52,STN-KOL-01,Kolkata,Sedan,CCS,10,14,51,1.47,Cancelled,None,Available,Refunded,0.00
SES-13214,2025-08-21,16:06:57,STN-KOL-01,Kolkata,Sedan,CHAdeMO,74,100,68,15.55,Completed,None,Charging,Paid,260.53
SES-13215,2025-08-21,14:37:39,STN-PUN-01,Pune,SUV,CCS,68,100,82,26.03,Completed,None,Available,Paid,467.28
SES-13216,2025-08-21,13:47:38,STN-CHE-01,Chennai,Hatchback,CHAdeMO,8,17,84,3.41,Cancelled,None,Maintenance,Refunded,0.00
SES-13217,2025-08-21,16:16:06,STN-HYD-02,Hyderabad,Sedan,CCS,71,73,47,0.80,Failed,Payment Failure,Maintenance,Failed,0.00
SES-13218,2025-08-21,20:38:03,STN-DEL-01,Delhi,Hatchback,CCS,60,84,40,10.45,Completed,None,Charging,Paid,182.95
SES-13219,2025-08-21,07:46:35,STN-CHE-01,Chennai,Sedan,CCS,22,67,75,24.63,Completed,None,Available,Paid,447.13
SES-13220,2025-08-21,01:24:40,STN-VIJ-01,Vijayawada,SUV,CHAdeMO,36,100,97,55.61,Completed,None,Charging,Paid,939.74
SES-13221,2025-08-21,08:20:47,STN-CBE-01,Coimbatore,Hatchback,Type 2,89,100,115,4.04,Completed,None,Available,Paid,66.17
SES-13222,2025-08-22,15:49:07,STN-HYD-02,Hyderabad,Sedan,Type 2,52,100,120,24.20,Completed,None,Available,Paid,427.76
SES-13223,2025-08-22,06:20:42,STN-PUN-01,Pune,SUV,CCS,33,98,78,53.71,Completed,None,Charging,Paid,897.48
SES-13224,2025-08-22,18:52:20,STN-PUN-01,Pune,Hatchback,CCS,36,74,59,13.93,Completed,None,Charging,Paid,249.71
SES-13225,2025-08-22,17:22:50,STN-PUN-01,Pune,SUV,Type 2,29,63,39,27.75,Completed,None,Available,Paid,489.59
SES-13226,2025-08-22,18:42:34,STN-HYD-02,Hyderabad,SUV,CCS,80,100,112,16.69,Completed,None,Available,Paid,257.57
SES-13227,2025-08-22,08:50:41,STN-VSKP-01,Visakhapatnam,Hatchback,Type 2,67,100,44,12.81,Completed,None,Available,Paid,226.19
SES-13228,2025-08-22,12:51:40,STN-BLR-01,Bengaluru,Crossover,Type 2,13,51,68,29.06,Completed,None,Charging,Paid,446.66
SES-13229,2025-08-22,18:15:38,STN-BLR-02,Bengaluru,Sedan,CCS,75,79,26,1.60,Failed,Network Error,Offline,Paid,28.70
SES-13230,2025-08-22,18:20:51,STN-HYD-02,Hyderabad,Hatchback,Type 2,18,84,104,26.46,Completed,None,Available,Paid,404.87
SES-13231,2025-08-22,22:37:46,STN-DEL-02,Delhi,Sedan,Type 2,24,25,75,0.40,Failed,Connector Error,Offline,Failed,0.00
SES-13232,2025-08-23,07:01:29,STN-BLR-02,Bengaluru,Sedan,CHAdeMO,88,100,89,6.10,Completed,None,Charging,Paid,112.67
SES-13233,2025-08-23,20:22:28,STN-KOL-01,Kolkata,Sedan,Type 2,14,33,30,10.65,Completed,None,Charging,Paid,192.13
SES-13234,2025-08-23,17:36:19,STN-DEL-02,Delhi,Crossover,Type 2,15,98,103,55.08,Completed,None,Charging,Paid,916.18
SES-13235,2025-08-23,16:49:14,STN-CBE-01,Coimbatore,SUV,CCS,43,82,61,31.79,Completed,None,Available,Paid,576.44
SES-13236,2025-08-23,18:02:36,STN-CBE-01,Coimbatore,Sedan,CCS,23,78,74,31.58,Completed,None,Charging,Paid,506.28
SES-13237,2025-08-23,22:44:07,STN-HYD-01,Hyderabad,Sedan,CCS,23,39,23,8.18,Completed,None,Available,Paid,142.54
SES-13238,2025-08-23,01:28:01,STN-DEL-01,Delhi,Crossover,CCS,47,60,25,9.94,Completed,None,Charging,Paid,163.64
SES-13239,2025-08-23,18:58:49,STN-DEL-01,Delhi,SUV,CCS,65,100,64,28.74,Completed,None,Charging,Paid,517.20
SES-13240,2025-08-23,08:43:19,STN-CBE-01,Coimbatore,Sedan,CCS,74,85,18,6.27,Completed,None,Charging,Paid,115.64
SES-13241,2025-08-23,15:36:07,STN-KOL-01,Kolkata,Hatchback,Type 2,76,86,17,3.65,Completed,None,Available,Paid,57.65
SES-13242,2025-08-23,20:58:34,STN-DEL-01,Delhi,SUV,Type 2,69,100,82,25.23,Completed,None,Charging,Paid,414.12
SES-13243,2025-08-23,19:44:43,STN-MUM-02,Mumbai,Sedan,CCS,27,53,43,15.25,Completed,None,Available,Paid,230.48
SES-13244,2025-08-23,18:17:55,STN-HYD-02,Hyderabad,SUV,CCS,64,100,118,29.42,Completed,None,Charging,Paid,495.82
SES-13245,2025-08-24,19:26:06,STN-BLR-01,Bengaluru,Crossover,CCS,14,15,42,0.50,Cancelled,None,Maintenance,Refunded,0.00
SES-13246,2025-08-24,16:28:30,STN-HYD-01,Hyderabad,Crossover,CCS,67,100,95,21.82,Completed,None,Available,Paid,378.30
SES-13247,2025-08-24,14:35:18,STN-CBE-01,Coimbatore,Sedan,CCS,6,81,103,37.65,Completed,None,Available,Paid,593.37
SES-13248,2025-08-24,09:30:08,STN-PUN-01,Pune,Sedan,Type 2,40,50,16,5.03,Completed,None,Charging,Paid,87.98
SES-13249,2025-08-24,07:36:26,STN-HYD-02,Hyderabad,Sedan,Type 2,61,100,91,19.74,Completed,None,Available,Paid,355.35
SES-13250,2025-08-24,23:01:49,STN-DEL-02,Delhi,SUV,Type 2,70,86,30,14.55,Completed,None,Charging,Paid,241.32
SES-13251,2025-08-24,09:23:52,STN-DEL-02,Delhi,Hatchback,CCS,83,90,14,2.83,Completed,None,Charging,Paid,51.64
SES-13252,2025-08-24,19:33:59,STN-BLR-02,Bengaluru,Sedan,CCS,24,75,80,30.50,Completed,None,Available,Paid,544.31
SES-13253,2025-08-24,17:54:55,STN-CBE-01,Coimbatore,Hatchback,CCS,46,56,21,3.86,Completed,None,Charging,Paid,59.31
SES-13254,2025-08-24,20:45:10,STN-PUN-01,Pune,Hatchback,Type 2,25,62,68,13.98,Completed,None,Available,Paid,225.32
SES-13255,2025-08-24,08:16:35,STN-MUM-02,Mumbai,Hatchback,Type 2,70,100,90,12.48,Completed,None,Available,Paid,208.15
SES-13256,2025-08-24,09:15:32,STN-KOL-01,Kolkata,Crossover,CCS,42,85,67,32.04,Completed,None,Charging,Paid,507.85
SES-13257,2025-08-25,18:10:05,STN-DEL-02,Delhi,SUV,Type 2,90,100,97,9.08,Completed,None,Charging,Paid,151.07
SES-13258,2025-08-25,06:43:36,STN-DEL-01,Delhi,Sedan,CCS,82,82,46,0.00,Failed,Network Error,Offline,Failed,0.00
SES-13259,2025-08-25,11:57:11,STN-BLR-02,Bengaluru,Hatchback,CCS,73,100,117,9.89,Completed,None,Available,Paid,164.99
SES-13260,2025-08-25,13:27:26,STN-CHE-01,Chennai,Hatchback,Type 2,28,86,92,21.43,Completed,None,Available,Paid,369.79
SES-13261,2025-08-25,13:04:57,STN-MUM-01,Mumbai,Sedan,CCS,30,78,54,27.78,Completed,None,Available,Paid,445.15
SES-13262,2025-08-25,06:26:27,STN-VSKP-01,Visakhapatnam,Hatchback,Type 2,6,7,89,0.40,Failed,Connector Error,Maintenance,Failed,0.00
SES-13263,2025-08-25,14:51:48,STN-BLR-02,Bengaluru,Sedan,CCS,50,57,34,2.72,Cancelled,None,Maintenance,Refunded,0.00
SES-13264,2025-08-25,19:00:53,STN-BLR-02,Bengaluru,Sedan,CCS,38,56,36,9.98,Completed,None,Available,Paid,168.11
SES-13265,2025-08-25,13:57:57,STN-VSKP-01,Visakhapatnam,Sedan,CCS,66,100,60,17.92,Completed,None,Available,Paid,274.01
SES-13266,2025-08-25,11:16:25,STN-CBE-01,Coimbatore,Crossover,CCS,45,78,51,24.29,Completed,None,Charging,Paid,411.09
SES-13267,2025-08-25,19:12:32,STN-CBE-01,Coimbatore,SUV,CCS,19,24,117,1.67,Cancelled,None,Available,Refunded,0.00
SES-13268,2025-08-25,06:04:05,STN-DEL-02,Delhi,Sedan,Type 2,59,100,80,21.64,Completed,None,Available,Paid,380.94
SES-13269,2025-08-25,06:29:13,STN-CBE-01,Coimbatore,Crossover,CCS,7,10,119,1.19,Cancelled,None,Available,Refunded,0.00
SES-13270,2025-08-25,07:10:30,STN-HYD-02,Hyderabad,Hatchback,CCS,80,84,51,1.60,Failed,Payment Failure,Offline,Failed,0.00
SES-13271,2025-08-25,00:12:11,STN-PUN-01,Pune,Hatchback,Type 2,42,85,69,17.43,Completed,None,Charging,Paid,285.93
SES-13272,2025-08-25,10:52:34,STN-CBE-01,Coimbatore,Sedan,CHAdeMO,55,100,81,26.25,Completed,None,Charging,Paid,439.43
SES-13273,2025-08-26,19:16:27,STN-VSKP-01,Visakhapatnam,Sedan,Type 2,21,91,88,35.62,Completed,None,Available,Paid,612.62
SES-13274,2025-08-26,07:37:06,STN-KOL-01,Kolkata,SUV,CHAdeMO,87,100,67,10.37,Completed,None,Charging,Paid,162.03
SES-13275,2025-08-26,18:10:23,STN-CHE-01,Chennai,Hatchback,Type 2,53,100,89,20.34,Completed,None,Available,Paid,347.49
SES-13276,2025-08-26,09:29:05,STN-DEL-01,Delhi,SUV,CCS,25,66,81,36.11,Completed,None,Available,Paid,659.91
SES-13277,2025-08-26,06:13:40,STN-HYD-02,Hyderabad,SUV,Type 2,28,95,109,57.01,Completed,None,Available,Paid,935.02
SES-13278,2025-08-26,20:43:30,STN-HYD-01,Hyderabad,Hatchback,CCS,87,100,105,5.53,Completed,None,Available,Paid,94.04
SES-13279,2025-08-26,21:25:43,STN-DEL-02,Delhi,Sedan,CCS,44,100,90,32.06,Completed,None,Charging,Paid,511.63
SES-13280,2025-08-26,22:08:48,STN-PUN-01,Pune,Hatchback,CCS,24,89,109,26.46,Completed,None,Available,Paid,400.55
SES-13281,2025-08-27,22:48:52,STN-BLR-01,Bengaluru,SUV,CCS,83,100,31,15.66,Completed,None,Available,Paid,289.52
SES-13282,2025-08-27,18:42:23,STN-DEL-01,Delhi,Sedan,Type 2,39,92,105,26.68,Completed,None,Available,Paid,405.45
SES-13283,2025-08-27,14:43:52,STN-HYD-02,Hyderabad,Sedan,Type 2,52,94,67,21.30,Completed,None,Available,Paid,346.74
SES-13284,2025-08-27,18:22:12,STN-KOL-01,Kolkata,Hatchback,CCS,37,48,20,4.76,Completed,None,Available,Paid,81.79
SES-13285,2025-08-27,16:48:13,STN-DEL-01,Delhi,Hatchback,CHAdeMO,60,100,118,15.58,Completed,None,Charging,Paid,281.99
SES-13286,2025-08-27,22:48:37,STN-PUN-01,Pune,Sedan,Type 2,45,57,15,6.79,Completed,None,Available,Paid,118.56
SES-13287,2025-08-27,08:38:25,STN-HYD-01,Hyderabad,Sedan,CCS,58,81,31,11.41,Completed,None,Available,Paid,191.79
SES-13288,2025-08-27,12:31:56,STN-HYD-01,Hyderabad,Sedan,CHAdeMO,48,100,87,28.73,Completed,None,Charging,Paid,466.93
SES-13289,2025-08-27,15:20:17,STN-CBE-01,Coimbatore,Crossover,CCS,86,100,101,9.32,Completed,None,Charging,Paid,152.63
SES-13290,2025-08-27,18:57:12,STN-DEL-01,Delhi,Hatchback,Type 2,85,100,112,6.29,Completed,None,Available,Paid,95.48
SES-13291,2025-08-27,06:01:18,STN-HYD-01,Hyderabad,Crossover,CCS,76,89,21,9.45,Completed,None,Available,Paid,146.14
SES-13292,2025-08-27,07:46:24,STN-HYD-02,Hyderabad,Hatchback,Type 2,88,100,36,5.11,Completed,None,Available,Paid,92.79
SES-13293,2025-08-27,08:05:11,STN-DEL-01,Delhi,Sedan,CHAdeMO,15,22,10,3.97,Completed,None,Charging,Paid,73.29
SES-13294,2025-08-27,10:29:29,STN-VIJ-01,Vijayawada,Sedan,CCS,18,65,73,27.67,Completed,None,Available,Paid,418.64
SES-13295,2025-08-27,07:29:40,STN-HYD-02,Hyderabad,SUV,CCS,46,95,83,40.79,Completed,None,Charging,Paid,661.60
SES-13296,2025-08-27,07:57:35,STN-KOL-01,Kolkata,Sedan,CCS,83,100,106,8.98,Completed,None,Available,Paid,152.68
SES-13297,2025-08-27,20:33:15,STN-HYD-01,Hyderabad,Sedan,CCS,16,86,89,39.89,Completed,None,Available,Paid,601.92
SES-13298,2025-08-27,14:25:07,STN-CBE-01,Coimbatore,Sedan,Type 2,88,100,48,7.05,Completed,None,Available,Paid,116.50
SES-13299,2025-08-27,15:01:47,STN-MUM-02,Mumbai,Hatchback,CCS,21,23,69,0.74,Cancelled,None,Available,Refunded,0.00
SES-13300,2025-08-28,16:54:19,STN-MUM-01,Mumbai,SUV,CCS,82,100,79,16.21,Completed,None,Available,Paid,266.04
SES-13301,2025-08-28,06:39:24,STN-BLR-01,Bengaluru,Sedan,Type 2,29,70,63,22.85,Completed,None,Available,Paid,371.65
SES-13302,2025-08-28,13:02:04,STN-CBE-01,Coimbatore,SUV,CCS,30,55,34,21.36,Completed,None,Available,Paid,326.23
SES-13303,2025-08-28,19:25:39,STN-DEL-02,Delhi,Sedan,Type 2,51,73,29,11.41,Completed,None,Charging,Paid,194.57
SES-13304,2025-08-28,06:03:06,STN-PUN-01,Pune,Hatchback,CCS,29,54,45,9.49,Completed,None,Charging,Paid,150.67
SES-13305,2025-08-28,20:55:18,STN-BLR-01,Bengaluru,Hatchback,CCS,64,86,32,8.88,Completed,None,Charging,Paid,160.39
SES-13306,2025-08-28,22:39:32,STN-HYD-02,Hyderabad,Sedan,CCS,64,100,89,18.46,Completed,None,Charging,Paid,285.60
SES-13307,2025-08-28,00:37:09,STN-MUM-01,Mumbai,SUV,CHAdeMO,31,35,10,1.32,Cancelled,None,Maintenance,Refunded,0.00
SES-13308,2025-08-29,19:13:35,STN-MUM-01,Mumbai,SUV,CCS,47,100,103,46.02,Completed,None,Charging,Paid,790.51
SES-13309,2025-08-29,17:59:20,STN-MUM-02,Mumbai,Sedan,CCS,80,98,36,9.11,Completed,None,Available,Paid,147.80
SES-13310,2025-08-29,10:32:05,STN-CBE-01,Coimbatore,Sedan,CCS,24,58,61,18.85,Completed,None,Available,Paid,306.20
SES-13311,2025-08-29,15:14:43,STN-KOL-01,Kolkata,Crossover,Type 2,67,70,11,1.20,Failed,Connector Error,Maintenance,Paid,20.73
SES-13312,2025-08-29,23:46:34,STN-VIJ-01,Vijayawada,Sedan,CCS,84,100,30,9.08,Completed,None,Charging,Paid,148.77
SES-13313,2025-08-29,07:28:03,STN-CBE-01,Coimbatore,SUV,Type 2,29,42,18,10.69,Completed,None,Available,Paid,185.83
SES-13314,2025-08-29,19:11:01,STN-CHE-01,Chennai,Hatchback,CCS,31,92,120,25.71,Completed,None,Available,Paid,435.74
SES-13315,2025-08-29,19:09:47,STN-CHE-01,Chennai,Sedan,CCS,56,100,97,25.22,Completed,None,Charging,Paid,412.47
SES-13316,2025-08-29,13:42:20,STN-HYD-02,Hyderabad,Sedan,CCS,86,100,57,8.21,Completed,None,Charging,Paid,145.42
SES-13317,2025-08-29,01:47:20,STN-MUM-01,Mumbai,Hatchback,CCS,14,81,114,26.42,Completed,None,Available,Paid,427.07
SES-13318,2025-08-29,22:59:43,STN-MUM-02,Mumbai,Sedan,CHAdeMO,54,92,48,19.17,Completed,None,Charging,Paid,299.29
SES-13319,2025-08-29,20:04:38,STN-DEL-02,Delhi,Hatchback,CCS,34,38,51,1.60,Failed,Connector Error,Maintenance,Failed,0.00
SES-13320,2025-08-30,16:17:20,STN-DEL-02,Delhi,Hatchback,Type 2,5,60,80,21.05,Completed,None,Available,Paid,337.22
SES-13321,2025-08-30,16:51:33,STN-BLR-01,Bengaluru,Hatchback,CCS,58,100,103,16.24,Completed,None,Charging,Paid,259.03
SES-13322,2025-08-30,18:40:56,STN-DEL-01,Delhi,Crossover,Type 2,8,12,54,1.60,Failed,Station Offline,Maintenance,Failed,0.00
SES-13323,2025-08-30,17:23:55,STN-CBE-01,Coimbatore,Hatchback,CCS,11,18,11,2.86,Completed,None,Available,Paid,46.23
SES-13324,2025-08-30,15:32:37,STN-PUN-01,Pune,Hatchback,CHAdeMO,34,100,85,25.99,Completed,None,Available,Paid,407.96
SES-13325,2025-08-30,09:55:50,STN-MUM-02,Mumbai,Hatchback,CCS,69,100,86,12.41,Completed,None,Charging,Paid,194.14
SES-13326,2025-08-30,08:33:10,STN-DEL-01,Delhi,Crossover,Type 2,33,91,76,38.03,Completed,None,Available,Paid,591.13
SES-13327,2025-08-30,07:22:59,STN-HYD-01,Hyderabad,Crossover,CCS,29,31,52,0.79,Cancelled,None,Available,Refunded,0.00
SES-13328,2025-08-30,16:17:39,STN-DEL-02,Delhi,Hatchback,CCS,44,100,113,22.00,Completed,None,Available,Paid,373.17
SES-13329,2025-08-30,07:46:38,STN-HYD-02,Hyderabad,Sedan,CCS,30,32,116,0.80,Failed,Network Error,Maintenance,Failed,0.00
SES-13330,2025-08-30,19:44:00,STN-MUM-02,Mumbai,Hatchback,Type 2,21,41,27,8.07,Completed,None,Available,Paid,125.00
SES-13331,2025-08-30,09:23:35,STN-MUM-01,Mumbai,Sedan,CCS,35,35,48,0.00,Failed,Connector Error,Offline,Paid,0.00
SES-13332,2025-08-30,19:01:27,STN-CBE-01,Coimbatore,Sedan,Type 2,65,100,117,18.10,Completed,None,Available,Paid,313.23
SES-13333,2025-08-30,06:14:35,STN-VSKP-01,Visakhapatnam,Sedan,CCS,12,14,15,0.80,Failed,Connector Error,Maintenance,Failed,0.00
SES-13334,2025-08-30,16:34:38,STN-BLR-02,Bengaluru,Crossover,CHAdeMO,73,100,51,17.86,Completed,None,Available,Paid,324.63
SES-13335,2025-08-30,13:35:09,STN-BLR-02,Bengaluru,Sedan,Type 2,5,49,61,22.32,Completed,None,Available,Paid,404.10
SES-13336,2025-08-30,10:40:37,STN-DEL-02,Delhi,Hatchback,CCS,83,84,36,0.40,Failed,Payment Failure,Offline,Failed,0.00
SES-13337,2025-08-31,10:58:42,STN-MUM-02,Mumbai,SUV,CCS,75,100,88,21.05,Completed,None,Available,Paid,346.99
SES-13338,2025-08-31,19:03:04,STN-DEL-01,Delhi,Sedan,CCS,50,67,24,8.55,Completed,None,Available,Paid,134.01
SES-13339,2025-08-31,09:58:44,STN-KOL-01,Kolkata,SUV,CCS,24,39,28,12.85,Completed,None,Charging,Paid,235.36
SES-13340,2025-08-31,23:13:10,STN-VIJ-01,Vijayawada,Hatchback,CCS,86,100,71,5.97,Completed,None,Charging,Paid,97.70
SES-13341,2025-08-31,23:21:13,STN-DEL-01,Delhi,Hatchback,Type 2,44,93,73,18.63,Completed,None,Charging,Paid,300.20
SES-13342,2025-08-31,18:58:38,STN-MUM-02,Mumbai,Sedan,Type 2,6,75,111,35.06,Completed,None,Charging,Paid,598.01
SES-13343,2025-08-31,13:35:38,STN-KOL-01,Kolkata,Sedan,CCS,65,95,60,17.94,Completed,None,Available,Paid,302.93
SES-13344,2025-08-31,19:57:37,STN-PUN-01,Pune,Hatchback,CCS,75,100,56,9.87,Completed,None,Available,Paid,177.55
SES-13345,2025-08-31,17:05:33,STN-DEL-02,Delhi,Sedan,CCS,81,100,66,10.36,Completed,None,Available,Paid,169.77
SES-13346,2025-08-31,07:29:26,STN-HYD-01,Hyderabad,Sedan,CCS,34,42,29,3.01,Cancelled,None,Available,Refunded,0.00
SES-13347,2025-09-01,08:24:55,STN-BLR-01,Bengaluru,Sedan,CCS,34,58,29,12.11,Completed,None,Available,Paid,218.32
SES-13348,2025-09-01,21:14:24,STN-MUM-02,Mumbai,Hatchback,Type 2,49,100,91,18.80,Completed,None,Charging,Paid,293.72
SES-13349,2025-09-01,00:11:22,STN-PUN-01,Pune,Sedan,CHAdeMO,28,30,73,0.70,Cancelled,None,Available,Refunded,0.00
SES-13350,2025-09-01,09:38:24,STN-BLR-02,Bengaluru,SUV,CCS,88,100,107,9.84,Completed,None,Available,Paid,178.02
SES-13351,2025-09-01,10:09:33,STN-DEL-01,Delhi,Crossover,CCS,60,100,112,28.27,Completed,None,Available,Paid,520.67
SES-13352,2025-09-01,09:53:28,STN-HYD-02,Hyderabad,Hatchback,CCS,87,100,110,5.30,Completed,None,Charging,Paid,90.30
SES-13353,2025-09-02,16:44:08,STN-DEL-02,Delhi,Sedan,CHAdeMO,65,100,108,17.91,Completed,None,Available,Paid,290.36
SES-13354,2025-09-02,12:36:13,STN-KOL-01,Kolkata,SUV,CCS,17,54,47,31.85,Completed,None,Available,Paid,553.20
SES-13355,2025-09-02,02:07:38,STN-DEL-01,Delhi,Sedan,Type 2,84,100,47,9.35,Completed,None,Available,Paid,152.49
SES-13356,2025-09-02,15:02:54,STN-VSKP-01,Visakhapatnam,Sedan,Type 2,60,100,74,22.01,Completed,None,Available,Paid,372.81
SES-13357,2025-09-02,21:39:32,STN-HYD-01,Hyderabad,Sedan,CCS,19,80,85,33.90,Completed,None,Charging,Paid,583.74
SES-13358,2025-09-02,06:18:33,STN-PUN-01,Pune,SUV,Type 2,15,15,14,0.00,Failed,Network Error,Offline,Failed,0.00
SES-13359,2025-09-02,13:46:45,STN-KOL-01,Kolkata,SUV,CCS,16,78,73,52.51,Completed,None,Available,Paid,964.59
SES-13360,2025-09-02,19:18:50,STN-BLR-02,Bengaluru,Crossover,Type 2,90,100,36,7.40,Completed,None,Available,Paid,128.87
SES-13361,2025-09-02,14:25:16,STN-CBE-01,Coimbatore,Crossover,CCS,7,71,112,47.13,Completed,None,Charging,Paid,787.55
SES-13362,2025-09-02,10:18:26,STN-HYD-01,Hyderabad,Sedan,CHAdeMO,28,30,29,0.80,Failed,Payment Failure,Offline,Failed,0.00
SES-13363,2025-09-02,22:56:18,STN-BLR-01,Bengaluru,SUV,CHAdeMO,13,18,69,1.74,Cancelled,None,Available,Refunded,0.00
SES-13364,2025-09-03,18:06:28,STN-CHE-01,Chennai,Sedan,Type 2,50,81,49,17.74,Completed,None,Charging,Paid,286.46
SES-13365,2025-09-03,12:04:29,STN-HYD-02,Hyderabad,SUV,CCS,75,100,92,20.07,Completed,None,Charging,Paid,352.19
SES-13366,2025-09-03,17:55:57,STN-VSKP-01,Visakhapatnam,Sedan,Type 2,64,73,111,3.08,Cancelled,None,Maintenance,Refunded,0.00
SES-13367,2025-09-03,19:11:41,STN-BLR-01,Bengaluru,Crossover,CCS,15,65,88,33.11,Completed,None,Charging,Paid,539.65
SES-13368,2025-09-03,16:17:41,STN-DEL-02,Delhi,Hatchback,CCS,14,27,15,4.86,Completed,None,Available,Paid,79.00
SES-13369,2025-09-03,02:48:19,STN-DEL-01,Delhi,Sedan,CCS,7,53,82,27.05,Completed,None,Available,Paid,416.30
SES-13370,2025-09-03,17:02:26,STN-MUM-01,Mumbai,Hatchback,Type 2,23,24,45,0.40,Failed,Connector Error,Maintenance,Paid,6.83
SES-13371,2025-09-03,07:33:44,STN-MUM-01,Mumbai,SUV,Type 2,6,7,96,0.40,Failed,Station Offline,Maintenance,Failed,0.00
SES-13372,2025-09-03,14:22:58,STN-CBE-01,Coimbatore,SUV,CHAdeMO,21,63,83,33.17,Completed,None,Available,Paid,581.77
SES-13373,2025-09-03,19:03:50,STN-KOL-01,Kolkata,SUV,Type 2,6,53,74,43.80,Completed,None,Charging,Paid,744.69
SES-13374,2025-09-03,05:40:22,STN-BLR-02,Bengaluru,Hatchback,Type 2,57,67,20,3.68,Completed,None,Available,Paid,63.01
SES-13375,2025-09-03,05:08:23,STN-CBE-01,Coimbatore,Hatchback,Type 2,20,50,58,11.02,Completed,None,Available,Paid,195.12
SES-13376,2025-09-03,18:45:54,STN-MUM-02,Mumbai,Hatchback,CHAdeMO,14,71,93,23.55,Completed,None,Available,Paid,433.41
SES-13377,2025-09-04,17:55:54,STN-VIJ-01,Vijayawada,SUV,CCS,72,96,37,20.41,Completed,None,Available,Paid,336.00
SES-13378,2025-09-04,19:48:44,STN-VIJ-01,Vijayawada,Hatchback,CCS,47,70,31,10.06,Completed,None,Available,Paid,156.59
SES-13379,2025-09-04,13:38:32,STN-DEL-01,Delhi,Crossover,CCS,62,100,93,24.79,Completed,None,Available,Paid,437.23
SES-13380,2025-09-04,15:55:08,STN-MUM-01,Mumbai,Sedan,Type 2,64,100,56,20.41,Completed,None,Charging,Paid,377.15
SES-13381,2025-09-04,16:27:44,STN-KOL-01,Kolkata,Sedan,Type 2,28,100,111,38.00,Completed,None,Available,Paid,691.29
SES-13382,2025-09-04,18:39:14,STN-PUN-01,Pune,Hatchback,CHAdeMO,80,81,89,0.50,Cancelled,None,Available,Refunded,0.00
SES-13383,2025-09-04,18:37:03,STN-VIJ-01,Vijayawada,Crossover,CHAdeMO,89,100,75,7.85,Completed,None,Charging,Paid,126.61
SES-13384,2025-09-04,13:29:17,STN-CHE-01,Chennai,Sedan,CCS,20,40,34,11.01,Completed,None,Available,Paid,193.04
SES-13385,2025-09-04,20:11:26,STN-BLR-02,Bengaluru,SUV,CCS,13,79,100,58.60,Completed,None,Available,Paid,"1,032.73"
SES-13386,2025-09-04,20:20:37,STN-VSKP-01,Visakhapatnam,Sedan,CCS,10,67,76,28.62,Completed,None,Charging,Paid,478.80
SES-13387,2025-09-04,18:37:39,STN-HYD-02,Hyderabad,Hatchback,CCS,69,100,96,11.18,Completed,None,Available,Paid,183.39
SES-13388,2025-09-04,22:51:28,STN-VIJ-01,Vijayawada,Crossover,CCS,82,100,41,12.10,Completed,None,Available,Paid,202.58
SES-13389,2025-09-04,17:59:20,STN-BLR-01,Bengaluru,SUV,Type 2,28,46,26,16.47,Completed,None,Charging,Paid,250.06
SES-13390,2025-09-04,10:50:17,STN-BLR-01,Bengaluru,SUV,CCS,14,46,49,26.44,Completed,None,Charging,Paid,438.87
SES-13391,2025-09-04,16:36:59,STN-MUM-01,Mumbai,Crossover,Type 2,86,100,93,9.12,Completed,None,Available,Paid,146.81
SES-13392,2025-09-04,06:10:47,STN-BLR-02,Bengaluru,Sedan,CCS,77,98,39,12.69,Completed,None,Charging,Paid,221.05
SES-13393,2025-09-05,18:19:08,STN-MUM-01,Mumbai,Hatchback,CCS,31,68,68,15.08,Completed,None,Available,Paid,246.17
SES-13394,2025-09-05,20:02:20,STN-BLR-01,Bengaluru,SUV,Type 2,87,100,37,10.12,Completed,None,Available,Paid,173.40
SES-13395,2025-09-05,20:53:18,STN-KOL-01,Kolkata,SUV,Type 2,7,42,56,27.65,Completed,None,Charging,Paid,419.87
SES-13396,2025-09-05,07:45:51,STN-DEL-02,Delhi,SUV,CCS,42,100,118,50.65,Completed,None,Charging,Paid,902.33
SES-13397,2025-09-05,14:22:26,STN-HYD-01,Hyderabad,SUV,Type 2,77,93,32,14.45,Completed,None,Available,Paid,259.59
SES-13398,2025-09-05,17:35:11,STN-CBE-01,Coimbatore,Crossover,CCS,78,100,92,16.94,Completed,None,Available,Paid,295.40
SES-13399,2025-09-05,11:45:33,STN-DEL-01,Delhi,Crossover,Type 2,77,100,66,16.37,Completed,None,Charging,Paid,278.30
SES-13400,2025-09-05,01:30:31,STN-BLR-02,Bengaluru,Hatchback,CCS,21,95,98,26.85,Completed,None,Available,Paid,414.54
SES-13401,2025-09-05,10:39:34,STN-PUN-01,Pune,Sedan,Type 2,52,100,97,27.16,Completed,None,Charging,Paid,411.20
SES-13402,2025-09-05,08:30:37,STN-MUM-01,Mumbai,Sedan,CCS,53,59,10,2.99,Completed,None,Charging,Paid,46.55
SES-13403,2025-09-05,15:40:08,STN-VIJ-01,Vijayawada,SUV,Type 2,47,100,101,47.65,Completed,None,Charging,Paid,758.92
SES-13404,2025-09-05,15:14:12,STN-MUM-01,Mumbai,Crossover,Type 2,88,100,38,7.81,Completed,None,Charging,Paid,142.37
SES-13405,2025-09-06,21:15:31,STN-MUM-02,Mumbai,SUV,CCS,11,12,117,0.40,Failed,Station Offline,Offline,Failed,0.00
SES-13406,2025-09-06,17:13:58,STN-CHE-01,Chennai,Crossover,CHAdeMO,72,100,59,19.93,Completed,None,Charging,Paid,339.05
SES-13407,2025-09-06,09:07:35,STN-VIJ-01,Vijayawada,Crossover,CCS,78,100,73,14.13,Completed,None,Available,Paid,255.96
SES-13408,2025-09-06,20:45:42,STN-KOL-01,Kolkata,SUV,Type 2,25,93,108,61.85,Completed,None,Available,Paid,"1,016.33"
SES-13409,2025-09-06,22:45:43,STN-HYD-02,Hyderabad,Hatchback,CCS,82,100,90,7.53,Completed,None,Available,Paid,137.52
SES-13410,2025-09-06,07:19:30,STN-MUM-01,Mumbai,Crossover,Type 2,29,29,84,0.00,Failed,Payment Failure,Offline,Failed,0.00
SES-13411,2025-09-06,12:06:07,STN-PUN-01,Pune,Hatchback,Type 2,85,100,46,5.58,Completed,None,Charging,Paid,103.21
SES-13412,2025-09-06,14:16:51,STN-HYD-02,Hyderabad,Hatchback,CCS,65,100,70,13.01,Completed,None,Charging,Paid,213.86
SES-13413,2025-09-06,15:41:43,STN-CHE-01,Chennai,Hatchback,CCS,32,33,16,0.40,Failed,Charging Interrupted,Offline,Failed,0.00
SES-13414,2025-09-06,06:37:34,STN-MUM-02,Mumbai,Sedan,CCS,82,100,99,10.69,Completed,None,Available,Paid,183.19
SES-13415,2025-09-07,19:38:29,STN-MUM-01,Mumbai,SUV,Type 2,56,100,96,34.25,Completed,None,Charging,Paid,605.70
SES-13416,2025-09-07,19:50:36,STN-VSKP-01,Visakhapatnam,Sedan,CHAdeMO,17,75,73,34.32,Completed,None,Charging,Paid,564.06
SES-13417,2025-09-07,12:56:08,STN-HYD-02,Hyderabad,Sedan,CCS,38,56,27,10.22,Completed,None,Charging,Paid,186.86
SES-13418,2025-09-07,20:58:21,STN-VSKP-01,Visakhapatnam,Hatchback,CCS,71,80,38,2.94,Cancelled,None,Available,Refunded,0.00
SES-13419,2025-09-07,16:51:35,STN-HYD-02,Hyderabad,SUV,Type 2,8,67,112,46.07,Completed,None,Available,Paid,734.62
SES-13420,2025-09-07,06:35:07,STN-DEL-02,Delhi,Sedan,CCS,48,100,107,29.26,Completed,None,Available,Paid,457.20
SES-13421,2025-09-07,08:49:08,STN-HYD-02,Hyderabad,SUV,CHAdeMO,19,62,69,38.94,Completed,None,Charging,Paid,690.27
SES-13422,2025-09-07,17:12:49,STN-BLR-01,Bengaluru,Crossover,CCS,88,100,111,8.46,Completed,None,Available,Paid,148.44
SES-13423,2025-09-07,12:33:42,STN-CHE-01,Chennai,Hatchback,CCS,12,50,63,15.30,Completed,None,Charging,Paid,249.20
SES-13424,2025-09-07,17:13:53,STN-PUN-01,Pune,Sedan,Type 2,9,75,81,34.29,Completed,None,Available,Paid,562.54
SES-13425,2025-09-07,18:47:54,STN-MUM-02,Mumbai,Crossover,CCS,70,94,30,17.04,Completed,None,Available,Paid,256.56
SES-13426,2025-09-07,16:18:26,STN-CHE-01,Chennai,SUV,Type 2,90,100,30,8.91,Completed,None,Available,Paid,158.64
SES-13427,2025-09-08,21:36:42,STN-HYD-01,Hyderabad,Hatchback,CCS,77,100,67,9.88,Completed,None,Charging,Paid,174.81
SES-13428,2025-09-08,19:56:23,STN-KOL-01,Kolkata,Hatchback,CCS,50,84,58,13.84,Completed,None,Charging,Paid,221.55
SES-13429,2025-09-08,08:51:17,STN-BLR-01,Bengaluru,Crossover,Type 2,69,100,45,21.30,Completed,None,Available,Paid,327.49
SES-13430,2025-09-08,07:03:13,STN-VSKP-01,Visakhapatnam,Hatchback,CCS,70,89,26,7.06,Completed,None,Charging,Paid,124.21
SES-13431,2025-09-08,09:07:23,STN-MUM-02,Mumbai,Sedan,CCS,30,100,89,38.00,Completed,None,Available,Paid,683.67
SES-13432,2025-09-08,20:14:06,STN-VSKP-01,Visakhapatnam,SUV,CHAdeMO,35,87,62,48.47,Completed,None,Charging,Paid,890.59
SES-13433,2025-09-08,17:21:21,STN-KOL-01,Kolkata,SUV,CHAdeMO,55,67,24,9.61,Completed,None,Charging,Paid,147.16
SES-13434,2025-09-08,05:11:17,STN-HYD-01,Hyderabad,SUV,CHAdeMO,45,89,88,39.13,Completed,None,Available,Paid,647.27
SES-13435,2025-09-08,16:46:14,STN-HYD-02,Hyderabad,SUV,CHAdeMO,55,55,49,0.00,Failed,Station Offline,Offline,Failed,0.00
SES-13436,2025-09-08,08:04:01,STN-CBE-01,Coimbatore,SUV,CCS,23,75,90,46.53,Completed,None,Available,Paid,777.88
SES-13437,2025-09-08,10:27:56,STN-CHE-01,Chennai,SUV,CCS,77,100,60,20.80,Completed,None,Charging,Paid,315.69
SES-13438,2025-09-08,13:26:30,STN-VSKP-01,Visakhapatnam,Sedan,CCS,7,69,74,35.12,Completed,None,Available,Paid,566.83
SES-13439,2025-09-08,18:46:42,STN-VIJ-01,Vijayawada,SUV,Type 2,42,54,22,10.57,Completed,None,Charging,Paid,166.04
SES-13440,2025-09-08,16:28:00,STN-PUN-01,Pune,Hatchback,Type 2,74,100,47,10.14,Completed,None,Available,Paid,176.99
SES-13441,2025-09-08,14:15:57,STN-VSKP-01,Visakhapatnam,SUV,Type 2,49,100,83,47.19,Completed,None,Charging,Paid,779.29
SES-13442,2025-09-08,08:17:21,STN-MUM-02,Mumbai,Crossover,CHAdeMO,75,100,106,16.53,Completed,None,Available,Paid,270.20
SES-13443,2025-09-09,20:18:24,STN-DEL-01,Delhi,Sedan,Type 2,45,48,35,1.20,Failed,Payment Failure,Offline,Failed,0.00
SES-13444,2025-09-09,23:04:58,STN-KOL-01,Kolkata,SUV,CCS,29,96,85,59.49,Completed,None,Charging,Paid,"1,015.97"
SES-13445,2025-09-09,21:58:09,STN-HYD-01,Hyderabad,SUV,CCS,54,100,92,42.23,Completed,None,Charging,Paid,646.46
SES-13446,2025-09-09,19:06:59,STN-CBE-01,Coimbatore,Sedan,CCS,5,20,24,7.46,Completed,None,Available,Paid,134.97
SES-13447,2025-09-09,11:51:59,STN-KOL-01,Kolkata,Sedan,CCS,58,70,14,6.18,Completed,None,Available,Paid,93.06
SES-13448,2025-09-09,13:41:23,STN-DEL-02,Delhi,Crossover,CCS,90,97,11,4.93,Completed,None,Available,Paid,76.82
SES-13449,2025-09-09,13:25:45,STN-BLR-01,Bengaluru,SUV,Type 2,88,100,87,10.47,Completed,None,Charging,Paid,186.61
SES-13450,2025-09-09,14:09:16,STN-BLR-01,Bengaluru,SUV,CCS,17,100,102,74.09,Completed,None,Available,Paid,"1,261.61"
SES-13451,2025-09-09,20:01:47,STN-VIJ-01,Vijayawada,SUV,Type 2,44,45,114,0.40,Failed,Charging Interrupted,Offline,Failed,0.00
SES-13452,2025-09-09,16:08:06,STN-DEL-02,Delhi,Hatchback,CCS,25,79,74,22.97,Completed,None,Charging,Paid,421.45
SES-13453,2025-09-09,00:55:53,STN-VSKP-01,Visakhapatnam,SUV,CHAdeMO,45,100,86,51.13,Completed,None,Charging,Paid,852.41
SES-13454,2025-09-09,18:22:06,STN-CBE-01,Coimbatore,Hatchback,Type 2,65,100,69,13.81,Completed,None,Charging,Paid,212.54
SES-13455,2025-09-09,21:26:23,STN-BLR-01,Bengaluru,Sedan,CHAdeMO,37,100,105,35.93,Completed,None,Available,Paid,551.93
SES-13456,2025-09-09,08:19:06,STN-BLR-02,Bengaluru,SUV,CCS,77,77,107,0.00,Failed,Station Offline,Maintenance,Failed,0.00
SES-13457,2025-09-09,01:06:27,STN-BLR-02,Bengaluru,Sedan,CCS,33,35,65,0.80,Failed,Network Error,Maintenance,Failed,0.00
SES-13458,2025-09-10,20:19:43,STN-MUM-02,Mumbai,Hatchback,CCS,59,100,87,17.77,Completed,None,Charging,Paid,278.94
SES-13459,2025-09-10,08:06:05,STN-DEL-01,Delhi,Hatchback,CCS,36,70,47,12.61,Completed,None,Charging,Paid,192.97
SES-13460,2025-09-10,14:58:12,STN-PUN-01,Pune,SUV,CCS,15,59,66,39.69,Completed,None,Available,Paid,691.80
SES-13461,2025-09-10,08:21:48,STN-HYD-02,Hyderabad,Sedan,CCS,56,100,111,22.95,Completed,None,Available,Paid,401.27
SES-13462,2025-09-10,13:21:33,STN-BLR-02,Bengaluru,SUV,CCS,40,74,60,31.45,Completed,None,Available,Paid,507.34
SES-13463,2025-09-10,13:48:44,STN-HYD-01,Hyderabad,Sedan,CHAdeMO,35,68,50,18.36,Completed,None,Available,Paid,318.61
SES-13464,2025-09-10,19:59:53,STN-DEL-02,Delhi,SUV,CCS,18,88,88,59.78,Completed,None,Charging,Paid,932.83
SES-13465,2025-09-10,03:01:01,STN-CHE-01,Chennai,Hatchback,CHAdeMO,67,100,112,13.99,Completed,None,Charging,Paid,220.72
SES-13466,2025-09-10,08:47:38,STN-DEL-01,Delhi,Hatchback,CCS,56,96,79,17.49,Completed,None,Available,Paid,317.73
SES-13467,2025-09-10,20:55:11,STN-PUN-01,Pune,Sedan,CCS,58,100,102,21.94,Completed,None,Available,Paid,341.72
SES-13468,2025-09-11,03:54:27,STN-VSKP-01,Visakhapatnam,Crossover,CCS,54,100,110,32.66,Completed,None,Available,Paid,527.04
SES-13469,2025-09-11,07:03:25,STN-VIJ-01,Vijayawada,Crossover,Type 2,58,100,92,28.85,Completed,None,Available,Paid,491.82
SES-13470,2025-09-11,02:02:00,STN-CBE-01,Coimbatore,SUV,Type 2,90,100,61,8.40,Completed,None,Available,Paid,150.68
SES-13471,2025-09-11,08:47:04,STN-HYD-01,Hyderabad,SUV,Type 2,77,82,10,4.55,Completed,None,Available,Paid,72.39
SES-13472,2025-09-11,19:45:33,STN-DEL-01,Delhi,Crossover,CCS,88,100,94,8.70,Completed,None,Available,Paid,142.55
SES-13473,2025-09-11,18:15:39,STN-DEL-02,Delhi,SUV,CCS,39,98,112,51.68,Completed,None,Available,Paid,835.77
SES-13474,2025-09-11,17:38:26,STN-HYD-01,Hyderabad,SUV,CCS,34,36,27,0.80,Failed,Network Error,Offline,Failed,0.00
SES-13475,2025-09-11,18:49:49,STN-DEL-02,Delhi,Hatchback,CCS,59,86,36,11.04,Completed,None,Available,Paid,188.21
SES-13476,2025-09-11,20:55:13,STN-VIJ-01,Vijayawada,Sedan,CHAdeMO,90,100,101,5.60,Completed,None,Charging,Paid,87.37
SES-13477,2025-09-11,10:24:35,STN-CBE-01,Coimbatore,Hatchback,CHAdeMO,5,49,81,17.60,Completed,None,Charging,Paid,290.81
SES-13478,2025-09-11,16:14:31,STN-PUN-01,Pune,SUV,CCS,19,81,104,56.81,Completed,None,Available,Paid,"1,033.90"
SES-13479,2025-09-11,22:57:00,STN-BLR-01,Bengaluru,SUV,Type 2,29,85,85,48.87,Completed,None,Charging,Paid,860.79
SES-13480,2025-09-12,06:19:09,STN-HYD-02,Hyderabad,Sedan,Type 2,24,55,51,17.68,Completed,None,Charging,Paid,290.83
SES-13481,2025-09-12,09:23:33,STN-HYD-02,Hyderabad,Sedan,CCS,75,87,15,6.85,Completed,None,Available,Paid,115.45
SES-13482,2025-09-12,07:26:39,STN-MUM-01,Mumbai,SUV,CCS,20,24,99,1.60,Failed,Network Error,Maintenance,Failed,0.00
SES-13483,2025-09-12,15:32:03,STN-VIJ-01,Vijayawada,SUV,CCS,56,100,89,34.34,Completed,None,Available,Paid,596.37
SES-13484,2025-09-12,16:15:04,STN-VIJ-01,Vijayawada,Hatchback,Type 2,89,100,103,4.60,Completed,None,Available,Paid,84.34
SES-13485,2025-09-12,17:22:42,STN-BLR-02,Bengaluru,Sedan,CCS,69,100,92,16.75,Completed,None,Charging,Paid,269.07
SES-13486,2025-09-12,19:56:50,STN-MUM-02,Mumbai,Sedan,CHAdeMO,88,100,91,6.12,Completed,None,Charging,Paid,97.95
SES-13487,2025-09-12,14:23:10,STN-CHE-01,Chennai,SUV,CCS,87,100,33,11.37,Completed,None,Available,Paid,207.47
SES-13488,2025-09-12,07:16:36,STN-DEL-02,Delhi,SUV,CCS,74,100,54,21.01,Completed,None,Available,Paid,366.27
SES-13489,2025-09-12,11:26:19,STN-MUM-01,Mumbai,Sedan,CCS,5,70,93,37.81,Completed,None,Available,Paid,611.24
SES-13490,2025-09-13,04:31:07,STN-KOL-01,Kolkata,Sedan,Type 2,20,89,80,38.72,Completed,None,Available,Paid,684.18
SES-13491,2025-09-13,06:39:18,STN-CBE-01,Coimbatore,Crossover,Type 2,31,40,16,6.15,Completed,None,Available,Paid,93.96
SES-13492,2025-09-13,01:59:38,STN-MUM-01,Mumbai,Sedan,Type 2,22,38,25,8.42,Completed,None,Available,Paid,128.50
SES-13493,2025-09-13,07:20:56,STN-CBE-01,Coimbatore,Hatchback,CCS,81,83,67,0.80,Failed,Charging Interrupted,Maintenance,Failed,0.00
SES-13494,2025-09-13,08:41:09,STN-CBE-01,Coimbatore,SUV,CCS,48,96,66,40.13,Completed,None,Available,Paid,700.33
SES-13495,2025-09-13,16:28:15,STN-VIJ-01,Vijayawada,Hatchback,CCS,54,55,51,0.40,Failed,Charging Interrupted,Offline,Failed,0.00
SES-13496,2025-09-13,07:29:25,STN-CBE-01,Coimbatore,Sedan,CCS,78,80,120,0.80,Failed,Charging Interrupted,Maintenance,Failed,0.00
SES-13497,2025-09-13,07:45:18,STN-KOL-01,Kolkata,Hatchback,Type 2,18,36,23,6.49,Completed,None,Charging,Paid,107.91
SES-13498,2025-09-13,10:16:45,STN-MUM-01,Mumbai,Sedan,CCS,56,99,65,24.56,Completed,None,Available,Paid,420.55
SES-13499,2025-09-13,04:52:40,STN-DEL-02,Delhi,SUV,CCS,79,96,21,15.36,Completed,None,Available,Paid,236.07
SES-13500,2025-09-13,18:44:48,STN-VIJ-01,Vijayawada,Sedan,CCS,54,100,102,27.45,Completed,None,Available,Paid,492.60
SES-13501,2025-09-13,19:06:16,STN-PUN-01,Pune,Hatchback,CCS,21,40,24,7.87,Completed,None,Available,Paid,143.13
SES-13502,2025-09-13,16:56:05,STN-DEL-02,Delhi,Hatchback,Type 2,7,7,17,0.00,Failed,Network Error,Offline,Paid,0.00
SES-13503,2025-09-13,14:58:31,STN-HYD-02,Hyderabad,SUV,Type 2,66,100,112,30.89,Completed,None,Available,Paid,522.84
SES-13504,2025-09-13,14:53:04,STN-DEL-02,Delhi,Sedan,Type 2,25,64,67,23.27,Completed,None,Charging,Paid,353.39
SES-13505,2025-09-14,13:11:34,STN-PUN-01,Pune,Hatchback,Type 2,37,38,62,0.50,Cancelled,None,Available,Refunded,0.00
SES-13506,2025-09-14,08:05:14,STN-DEL-01,Delhi,Hatchback,CCS,5,19,18,6.00,Completed,None,Available,Paid,92.47
SES-13507,2025-09-14,09:15:19,STN-VSKP-01,Visakhapatnam,SUV,Type 2,74,100,55,21.22,Completed,None,Available,Paid,359.49
SES-13508,2025-09-14,19:41:45,STN-VSKP-01,Visakhapatnam,Crossover,CCS,60,100,101,27.23,Completed,None,Available,Paid,430.94
SES-13509,2025-09-14,22:28:02,STN-HYD-02,Hyderabad,SUV,Type 2,8,75,100,51.74,Completed,None,Available,Paid,829.84
SES-13510,2025-09-14,09:10:24,STN-BLR-01,Bengaluru,Sedan,Type 2,26,38,16,6.86,Completed,None,Charging,Paid,123.88
SES-13511,2025-09-14,17:57:45,STN-HYD-01,Hyderabad,Sedan,Type 2,81,100,53,9.72,Completed,None,Available,Paid,168.36
SES-13512,2025-09-14,08:58:20,STN-BLR-01,Bengaluru,Hatchback,CCS,62,74,23,5.05,Completed,None,Charging,Paid,78.21
SES-13513,2025-09-14,20:28:08,STN-MUM-02,Mumbai,SUV,CHAdeMO,48,100,84,40.61,Completed,None,Available,Paid,717.96
SES-13514,2025-09-14,10:04:39,STN-VIJ-01,Vijayawada,Sedan,Type 2,61,100,105,21.98,Completed,None,Available,Paid,355.68
SES-13515,2025-09-14,07:52:41,STN-BLR-01,Bengaluru,Sedan,Type 2,44,100,101,31.37,Completed,None,Available,Paid,571.32
SES-13516,2025-09-14,10:53:38,STN-KOL-01,Kolkata,SUV,CCS,60,69,15,8.33,Completed,None,Charging,Paid,151.11
SES-13517,2025-09-15,01:04:48,STN-HYD-02,Hyderabad,Sedan,CCS,67,89,44,12.08,Completed,None,Available,Paid,217.98
SES-13518,2025-09-15,17:52:05,STN-VSKP-01,Visakhapatnam,Sedan,CCS,43,83,79,22.13,Completed,None,Available,Paid,335.78
SES-13519,2025-09-15,15:10:09,STN-CBE-01,Coimbatore,Crossover,CCS,11,49,70,25.94,Completed,None,Charging,Paid,458.15
SES-13520,2025-09-15,17:54:33,STN-BLR-01,Bengaluru,Sedan,Type 2,18,40,33,11.99,Completed,None,Charging,Paid,210.26
SES-13521,2025-09-15,05:50:43,STN-VSKP-01,Visakhapatnam,Sedan,Type 2,22,93,82,41.18,Completed,None,Available,Paid,690.09
SES-13522,2025-09-15,09:02:01,STN-VSKP-01,Visakhapatnam,Hatchback,CCS,59,64,11,2.00,Completed,None,Charging,Paid,35.71
SES-13523,2025-09-15,19:10:57,STN-BLR-02,Bengaluru,Hatchback,Type 2,60,64,111,1.60,Failed,Network Error,Maintenance,Failed,0.00
SES-13524,2025-09-15,10:34:21,STN-KOL-01,Kolkata,SUV,CCS,61,100,87,33.49,Completed,None,Available,Paid,532.30
SES-13525,2025-09-15,08:54:10,STN-CBE-01,Coimbatore,Sedan,CCS,62,95,60,18.10,Completed,None,Charging,Paid,277.88
SES-13526,2025-09-15,17:30:44,STN-BLR-01,Bengaluru,Hatchback,CHAdeMO,29,61,40,12.23,Completed,None,Charging,Paid,212.84
SES-13527,2025-09-15,18:19:41,STN-VSKP-01,Visakhapatnam,SUV,Type 2,74,100,103,21.65,Completed,None,Available,Paid,365.96
SES-13528,2025-09-15,15:17:50,STN-CHE-01,Chennai,SUV,CCS,84,100,36,14.64,Completed,None,Available,Paid,241.98
SES-13529,2025-09-15,22:57:08,STN-MUM-02,Mumbai,SUV,CCS,7,72,109,52.34,Completed,None,Charging,Paid,965.55
SES-13530,2025-09-15,18:37:24,STN-HYD-01,Hyderabad,Hatchback,CCS,25,88,119,26.47,Completed,None,Charging,Paid,483.32
SES-13531,2025-09-16,02:58:44,STN-CBE-01,Coimbatore,SUV,CCS,36,64,40,24.37,Completed,None,Available,Paid,421.45
SES-13532,2025-09-16,19:52:18,STN-PUN-01,Pune,Crossover,CCS,6,96,115,63.79,Completed,None,Charging,Paid,"1,099.48"
SES-13533,2025-09-16,08:20:14,STN-CBE-01,Coimbatore,SUV,CCS,24,91,79,58.35,Completed,None,Charging,Paid,945.28
SES-13534,2025-09-16,10:52:49,STN-CHE-01,Chennai,Hatchback,Type 2,79,79,52,0.00,Failed,Payment Failure,Offline,Failed,0.00
SES-13535,2025-09-16,15:13:08,STN-CHE-01,Chennai,SUV,CCS,22,81,118,46.28,Completed,None,Available,Paid,781.16
SES-13536,2025-09-16,16:13:05,STN-VSKP-01,Visakhapatnam,Sedan,CCS,58,100,91,21.49,Completed,None,Charging,Paid,391.85
SES-13537,2025-09-16,17:51:07,STN-CHE-01,Chennai,SUV,Type 2,79,100,61,17.29,Completed,None,Charging,Paid,314.11
SES-13538,2025-09-16,19:00:31,STN-PUN-01,Pune,Sedan,CHAdeMO,40,49,23,3.17,Cancelled,None,Maintenance,Refunded,0.00
SES-13539,2025-09-16,20:50:04,STN-BLR-02,Bengaluru,Sedan,CHAdeMO,80,100,68,10.92,Completed,None,Charging,Paid,185.55
SES-13540,2025-09-16,07:19:15,STN-BLR-02,Bengaluru,Hatchback,Type 2,65,80,29,6.45,Completed,None,Available,Paid,117.55
SES-13541,2025-09-16,16:49:49,STN-CBE-01,Coimbatore,Hatchback,CCS,64,100,61,14.32,Completed,None,Available,Paid,228.44
SES-13542,2025-09-16,21:13:30,STN-VIJ-01,Vijayawada,Sedan,CCS,40,96,84,31.72,Completed,None,Available,Paid,530.24
SES-13543,2025-09-17,15:40:13,STN-PUN-01,Pune,SUV,Type 2,48,100,110,41.41,Completed,None,Available,Paid,673.94
SES-13544,2025-09-17,17:39:04,STN-DEL-01,Delhi,Sedan,Type 2,72,100,49,14.32,Completed,None,Charging,Paid,261.65
SES-13545,2025-09-17,09:10:04,STN-KOL-01,Kolkata,Hatchback,Type 2,70,100,77,12.30,Completed,None,Charging,Paid,201.34
SES-13546,2025-09-17,18:31:35,STN-VIJ-01,Vijayawada,Sedan,CCS,48,78,53,15.57,Completed,None,Charging,Paid,281.83
SES-13547,2025-09-17,19:21:33,STN-DEL-02,Delhi,Hatchback,CCS,81,89,15,2.89,Completed,None,Available,Paid,45.70
SES-13548,2025-09-17,14:11:24,STN-DEL-02,Delhi,SUV,Type 2,33,90,96,50.04,Completed,None,Charging,Paid,910.38
SES-13549,2025-09-17,17:09:27,STN-BLR-02,Bengaluru,SUV,CCS,52,89,66,33.03,Completed,None,Available,Paid,560.03
SES-13550,2025-09-17,19:17:50,STN-HYD-02,Hyderabad,Sedan,Type 2,40,74,67,18.57,Completed,None,Available,Paid,298.48
SES-13551,2025-09-17,08:31:13,STN-PUN-01,Pune,SUV,CHAdeMO,12,77,81,53.40,Completed,None,Available,Paid,945.40
SES-13552,2025-09-17,19:49:57,STN-BLR-02,Bengaluru,Hatchback,Type 2,9,41,39,13.65,Completed,None,Charging,Paid,225.96
SES-13553,2025-09-17,18:16:06,STN-HYD-02,Hyderabad,Hatchback,CCS,82,100,109,6.56,Completed,None,Available,Paid,106.09
SES-13554,2025-09-17,09:09:04,STN-DEL-02,Delhi,Hatchback,CCS,51,84,61,13.56,Completed,None,Available,Paid,234.33
SES-13555,2025-09-17,09:18:44,STN-VSKP-01,Visakhapatnam,Hatchback,CCS,47,100,115,20.13,Completed,None,Available,Paid,313.55
SES-13556,2025-09-17,16:05:13,STN-VSKP-01,Visakhapatnam,Sedan,Type 2,14,31,20,9.65,Completed,None,Charging,Paid,177.89
SES-13557,2025-09-17,21:50:17,STN-BLR-01,Bengaluru,Sedan,CCS,14,47,56,19.70,Completed,None,Charging,Paid,361.62
SES-13558,2025-09-17,06:51:37,STN-BLR-02,Bengaluru,Hatchback,CCS,10,21,14,4.74,Completed,None,Charging,Paid,80.43
SES-13559,2025-09-17,17:23:34,STN-MUM-02,Mumbai,Hatchback,CCS,20,29,12,3.80,Completed,None,Available,Paid,63.63
SES-13560,2025-09-17,18:18:55,STN-BLR-01,Bengaluru,Hatchback,CCS,64,76,24,4.56,Completed,None,Available,Paid,82.50
SES-13561,2025-09-18,09:01:12,STN-VIJ-01,Vijayawada,SUV,CHAdeMO,30,37,11,6.34,Completed,None,Available,Paid,97.85
SES-13562,2025-09-18,06:44:29,STN-BLR-01,Bengaluru,SUV,Type 2,25,29,11,1.60,Failed,Connector Error,Maintenance,Paid,27.87
SES-13563,2025-09-18,18:50:53,STN-BLR-02,Bengaluru,Sedan,CCS,62,100,81,21.27,Completed,None,Charging,Paid,335.16
SES-13564,2025-09-18,14:43:32,STN-HYD-02,Hyderabad,Hatchback,CHAdeMO,45,47,63,0.80,Failed,Network Error,Maintenance,Failed,0.00
SES-13565,2025-09-18,09:09:17,STN-MUM-02,Mumbai,Crossover,Type 2,34,74,55,25.74,Completed,None,Charging,Paid,462.35
SES-13566,2025-09-18,07:56:18,STN-HYD-02,Hyderabad,SUV,Type 2,9,73,103,48.99,Completed,None,Charging,Paid,851.06
SES-13567,2025-09-18,15:40:41,STN-CHE-01,Chennai,Sedan,Type 2,14,39,50,13.80,Completed,None,Available,Paid,244.06
SES-13568,2025-09-18,19:51:03,STN-HYD-02,Hyderabad,Sedan,Type 2,15,83,78,40.37,Completed,None,Available,Paid,744.09
SES-13569,2025-09-18,17:04:40,STN-HYD-02,Hyderabad,Sedan,CCS,67,86,39,9.63,Completed,None,Available,Paid,169.91
SES-13570,2025-09-18,14:39:52,STN-DEL-01,Delhi,SUV,Type 2,11,54,53,38.32,Completed,None,Charging,Paid,599.92
SES-13571,2025-09-18,19:10:54,STN-MUM-01,Mumbai,Crossover,Type 2,63,77,19,9.38,Completed,None,Charging,Paid,166.28
SES-13572,2025-09-18,00:13:59,STN-VIJ-01,Vijayawada,Hatchback,CCS,16,78,106,23.50,Completed,None,Charging,Paid,367.86
SES-13573,2025-09-19,08:17:50,STN-HYD-01,Hyderabad,Hatchback,CCS,68,100,97,12.93,Completed,None,Available,Paid,219.99
SES-13574,2025-09-19,06:17:09,STN-MUM-01,Mumbai,SUV,CCS,45,100,92,45.76,Completed,None,Charging,Paid,807.64
SES-13575,2025-09-19,15:49:43,STN-VSKP-01,Visakhapatnam,SUV,CCS,64,86,39,17.39,Completed,None,Available,Paid,313.97
SES-13576,2025-09-19,09:15:01,STN-MUM-02,Mumbai,Crossover,CCS,76,100,98,17.63,Completed,None,Available,Paid,301.69
SES-13577,2025-09-19,17:17:30,STN-MUM-02,Mumbai,SUV,Type 2,32,87,84,48.67,Completed,None,Charging,Paid,884.68
SES-13578,2025-09-19,02:12:19,STN-PUN-01,Pune,Crossover,CCS,84,100,58,10.17,Completed,None,Charging,Paid,167.83
SES-13579,2025-09-19,08:34:22,STN-VSKP-01,Visakhapatnam,Hatchback,CCS,67,75,44,2.66,Cancelled,None,Maintenance,Refunded,0.00
SES-13580,2025-09-19,12:37:34,STN-HYD-02,Hyderabad,Sedan,CHAdeMO,7,50,74,22.10,Completed,None,Charging,Paid,380.60
SES-13581,2025-09-19,20:19:54,STN-BLR-01,Bengaluru,SUV,Type 2,36,45,26,3.35,Cancelled,None,Available,Refunded,0.00
SES-13582,2025-09-19,09:39:58,STN-MUM-01,Mumbai,SUV,CCS,25,27,40,0.80,Failed,Payment Failure,Offline,Failed,0.00
SES-13583,2025-09-19,12:28:06,STN-PUN-01,Pune,Sedan,CCS,59,66,79,2.74,Cancelled,None,Maintenance,Refunded,0.00
SES-13584,2025-09-19,05:05:27,STN-CHE-01,Chennai,SUV,Type 2,22,80,86,53.44,Completed,None,Charging,Paid,862.71
SES-13585,2025-09-19,20:35:31,STN-VSKP-01,Visakhapatnam,Hatchback,Type 2,57,100,61,18.37,Completed,None,Charging,Paid,329.24
SES-13586,2025-09-19,00:52:45,STN-HYD-01,Hyderabad,Hatchback,CCS,79,100,35,8.59,Completed,None,Charging,Paid,138.91
SES-13587,2025-09-20,09:22:49,STN-HYD-02,Hyderabad,Sedan,CHAdeMO,65,100,109,19.51,Completed,None,Charging,Paid,333.85
SES-13588,2025-09-20,21:01:02,STN-PUN-01,Pune,SUV,Type 2,54,65,14,8.86,Completed,None,Charging,Paid,138.37
SES-13589,2025-09-20,19:58:34,STN-MUM-01,Mumbai,SUV,Type 2,12,100,120,67.47,Completed,None,Charging,Paid,"1,019.06"
SES-13590,2025-09-20,20:42:10,STN-VSKP-01,Visakhapatnam,SUV,CCS,16,35,23,16.82,Completed,None,Available,Paid,307.49
SES-13591,2025-09-20,10:27:31,STN-VSKP-01,Visakhapatnam,SUV,CCS,55,87,60,29.16,Completed,None,Available,Paid,465.79
SES-13592,2025-09-20,08:27:24,STN-CHE-01,Chennai,Hatchback,CCS,70,89,24,7.79,Completed,None,Charging,Paid,140.33
SES-13593,2025-09-20,20:27:00,STN-VSKP-01,Visakhapatnam,SUV,CCS,45,62,21,14.09,Completed,None,Available,Paid,259.30
SES-13594,2025-09-20,12:09:41,STN-DEL-01,Delhi,Sedan,CCS,26,60,55,19.25,Completed,None,Available,Paid,296.61
SES-13595,2025-09-21,16:35:01,STN-DEL-02,Delhi,SUV,CCS,13,15,115,0.71,Cancelled,None,Available,Refunded,0.00
SES-13596,2025-09-21,09:50:04,STN-HYD-01,Hyderabad,SUV,Type 2,82,100,73,16.06,Completed,None,Available,Paid,271.60
SES-13597,2025-09-21,14:10:29,STN-MUM-02,Mumbai,Sedan,CCS,83,100,81,8.54,Completed,None,Charging,Paid,155.20
SES-13598,2025-09-21,07:57:49,STN-DEL-01,Delhi,Sedan,CCS,15,57,68,23.30,Completed,None,Charging,Paid,417.80
SES-13599,2025-09-21,16:54:27,STN-KOL-01,Kolkata,SUV,CHAdeMO,17,22,104,1.95,Cancelled,None,Available,Refunded,0.00
SES-13600,2025-09-21,08:54:16,STN-VSKP-01,Visakhapatnam,Hatchback,CCS,60,91,35,12.90,Completed,None,Charging,Paid,208.14
SES-13601,2025-09-21,21:18:16,STN-KOL-01,Kolkata,Hatchback,CCS,32,52,38,8.59,Completed,None,Available,Paid,145.68
SES-13602,2025-09-21,17:31:57,STN-VIJ-01,Vijayawada,Hatchback,Type 2,68,69,13,0.40,Failed,Station Offline,Maintenance,Failed,0.00
SES-13603,2025-09-21,13:45:58,STN-HYD-02,Hyderabad,SUV,CHAdeMO,68,99,59,26.57,Completed,None,Charging,Paid,404.77
SES-13604,2025-09-21,18:27:13,STN-DEL-02,Delhi,Sedan,Type 2,74,100,101,15.32,Completed,None,Charging,Paid,246.19
SES-13605,2025-09-21,16:05:08,STN-DEL-02,Delhi,Sedan,CCS,59,86,34,13.82,Completed,None,Available,Paid,242.14
SES-13606,2025-09-21,16:11:57,STN-HYD-01,Hyderabad,Hatchback,CHAdeMO,41,67,49,10.05,Completed,None,Available,Paid,175.41
SES-13607,2025-09-21,09:39:55,STN-BLR-01,Bengaluru,SUV,CCS,37,61,41,18.42,Completed,None,Charging,Paid,334.91
SES-13608,2025-09-21,03:26:57,STN-DEL-01,Delhi,SUV,Type 2,29,36,109,2.30,Cancelled,None,Available,Refunded,0.00
SES-13609,2025-09-21,20:04:05,STN-VSKP-01,Visakhapatnam,Sedan,CCS,27,87,84,34.44,Completed,None,Charging,Paid,630.18
SES-13610,2025-09-21,17:26:07,STN-BLR-01,Bengaluru,Crossover,Type 2,64,73,46,2.90,Cancelled,None,Available,Refunded,0.00
SES-13611,2025-09-21,19:35:56,STN-BLR-02,Bengaluru,Crossover,CCS,60,76,19,11.67,Completed,None,Available,Paid,212.62
SES-13612,2025-09-21,20:31:07,STN-DEL-01,Delhi,Sedan,Type 2,67,69,47,0.80,Failed,Station Offline,Maintenance,Failed,0.00
SES-13613,2025-09-21,21:14:36,STN-CHE-01,Chennai,Hatchback,Type 2,12,12,70,0.00,Failed,Station Offline,Offline,Failed,0.00
SES-13614,2025-09-21,08:05:58,STN-HYD-02,Hyderabad,Sedan,CCS,21,100,109,46.19,Completed,None,Available,Paid,740.87
SES-13615,2025-09-21,16:27:16,STN-DEL-01,Delhi,SUV,CCS,61,91,36,26.93,Completed,None,Charging,Paid,479.80
SES-13616,2025-09-21,16:30:10,STN-DEL-01,Delhi,Sedan,Type 2,79,100,90,10.94,Completed,None,Charging,Paid,173.36
SES-13617,2025-09-21,21:42:22,STN-BLR-02,Bengaluru,Sedan,CCS,66,75,16,4.94,Completed,None,Charging,Paid,82.90
SES-13618,2025-09-21,20:02:17,STN-HYD-01,Hyderabad,Sedan,CCS,15,88,82,38.30,Completed,None,Charging,Paid,700.02
SES-13619,2025-09-22,10:19:57,STN-VIJ-01,Vijayawada,Crossover,Type 2,71,100,108,21.09,Completed,None,Charging,Paid,349.22
SES-13620,2025-09-22,18:49:56,STN-HYD-01,Hyderabad,Hatchback,CHAdeMO,44,58,18,5.65,Completed,None,Available,Paid,103.53
SES-13621,2025-09-22,08:09:20,STN-CHE-01,Chennai,Sedan,CCS,44,48,68,1.60,Failed,Network Error,Offline,Failed,0.00
SES-13622,2025-09-22,21:51:28,STN-VSKP-01,Visakhapatnam,SUV,CCS,60,96,45,27.70,Completed,None,Charging,Paid,455.05
SES-13623,2025-09-22,21:09:12,STN-HYD-01,Hyderabad,Sedan,CCS,57,78,39,12.60,Completed,None,Charging,Paid,220.93
SES-13624,2025-09-22,22:49:22,STN-DEL-02,Delhi,Sedan,CCS,89,93,104,1.60,Failed,Payment Failure,Maintenance,Failed,0.00
SES-13625,2025-09-22,04:51:48,STN-MUM-01,Mumbai,Hatchback,CCS,32,46,28,5.23,Completed,None,Available,Paid,86.43
SES-13626,2025-09-22,14:20:52,STN-BLR-02,Bengaluru,Sedan,Type 2,90,100,50,5.95,Completed,None,Available,Paid,99.36
SES-13627,2025-09-22,16:00:14,STN-MUM-01,Mumbai,SUV,Type 2,46,100,64,41.91,Completed,None,Charging,Paid,679.37
SES-13628,2025-09-22,14:05:06,STN-MUM-01,Mumbai,SUV,CCS,50,100,96,39.61,Completed,None,Available,Paid,604.03
SES-13629,2025-09-23,01:00:38,STN-BLR-02,Bengaluru,Sedan,Type 2,22,94,93,40.80,Completed,None,Available,Paid,612.06
SES-13630,2025-09-23,01:25:43,STN-MUM-01,Mumbai,SUV,CCS,27,39,15,9.73,Completed,None,Charging,Paid,175.73
SES-13631,2025-09-23,06:12:27,STN-MUM-01,Mumbai,Crossover,CCS,30,100,116,50.25,Completed,None,Charging,Paid,903.72
SES-13632,2025-09-23,09:29:43,STN-MUM-01,Mumbai,Hatchback,CCS,33,100,97,27.70,Completed,None,Charging,Paid,479.51
SES-13633,2025-09-23,21:26:37,STN-VIJ-01,Vijayawada,Sedan,CCS,56,100,120,26.33,Completed,None,Available,Paid,438.47
SES-13634,2025-09-23,16:51:55,STN-VSKP-01,Visakhapatnam,Hatchback,CCS,79,95,31,5.99,Completed,None,Available,Paid,99.56
SES-13635,2025-09-23,21:38:40,STN-CBE-01,Coimbatore,Crossover,Type 2,50,51,79,0.40,Failed,Charging Interrupted,Offline,Failed,0.00
SES-13636,2025-09-23,09:36:00,STN-CHE-01,Chennai,Sedan,Type 2,5,30,33,12.81,Completed,None,Available,Paid,217.70
SES-13637,2025-09-23,18:31:07,STN-MUM-02,Mumbai,Sedan,Type 2,67,100,71,19.03,Completed,None,Charging,Paid,296.22
SES-13638,2025-09-23,18:44:28,STN-VSKP-01,Visakhapatnam,Sedan,CCS,20,61,51,22.84,Completed,None,Available,Paid,394.69
SES-13639,2025-09-23,16:04:17,STN-VIJ-01,Vijayawada,Sedan,CCS,29,54,31,13.68,Completed,None,Available,Paid,206.96
SES-13640,2025-09-23,07:57:09,STN-CHE-01,Chennai,Hatchback,Type 2,66,100,91,12.57,Completed,None,Charging,Paid,216.53
SES-13641,2025-09-24,13:32:22,STN-KOL-01,Kolkata,Sedan,CCS,86,89,25,1.20,Failed,Network Error,Maintenance,Failed,0.00
SES-13642,2025-09-24,08:33:23,STN-BLR-01,Bengaluru,Sedan,Type 2,84,89,109,1.64,Cancelled,None,Maintenance,Refunded,0.00
SES-13643,2025-09-24,06:06:16,STN-VIJ-01,Vijayawada,Sedan,Type 2,87,100,22,6.49,Completed,None,Available,Paid,107.59
SES-13644,2025-09-24,09:21:14,STN-DEL-01,Delhi,SUV,Type 2,20,58,46,31.74,Completed,None,Available,Paid,493.64
SES-13645,2025-09-24,03:49:49,STN-HYD-01,Hyderabad,SUV,CCS,73,100,61,24.65,Completed,None,Available,Paid,371.16
SES-13646,2025-09-24,04:20:54,STN-BLR-02,Bengaluru,Hatchback,CHAdeMO,74,97,33,9.17,Completed,None,Available,Paid,139.38
SES-13647,2025-09-24,15:26:48,STN-DEL-02,Delhi,Sedan,Type 2,38,42,92,1.60,Failed,Network Error,Maintenance,Paid,28.58
SES-13648,2025-09-24,09:03:43,STN-MUM-01,Mumbai,SUV,Type 2,84,100,93,12.59,Completed,None,Available,Paid,203.56
SES-13649,2025-09-24,11:25:33,STN-PUN-01,Pune,Sedan,Type 2,57,100,100,25.73,Completed,None,Charging,Paid,455.46
SES-13650,2025-09-24,09:19:33,STN-BLR-02,Bengaluru,Crossover,CCS,27,43,26,11.57,Completed,None,Available,Paid,195.04
SES-13651,2025-09-24,12:08:06,STN-HYD-02,Hyderabad,SUV,CCS,47,64,25,14.20,Completed,None,Available,Paid,251.65
SES-13652,2025-09-24,07:26:43,STN-BLR-02,Bengaluru,Sedan,Type 2,48,55,10,3.75,Completed,None,Charging,Paid,68.82
SES-13653,2025-09-24,07:14:45,STN-VIJ-01,Vijayawada,Sedan,CCS,36,98,94,36.12,Completed,None,Charging,Paid,652.76
SES-13654,2025-09-24,15:44:22,STN-VIJ-01,Vijayawada,Sedan,CCS,27,100,100,41.49,Completed,None,Available,Paid,692.80
SES-13655,2025-09-24,13:52:39,STN-DEL-01,Delhi,Sedan,CCS,24,30,10,3.44,Completed,None,Available,Paid,51.62
SES-13656,2025-09-25,18:18:27,STN-DEL-02,Delhi,SUV,CCS,23,43,39,17.95,Completed,None,Charging,Paid,319.91
SES-13657,2025-09-25,18:48:44,STN-VSKP-01,Visakhapatnam,Hatchback,Type 2,76,100,93,10.37,Completed,None,Available,Paid,179.87
SES-13658,2025-09-25,18:11:13,STN-BLR-02,Bengaluru,Sedan,CHAdeMO,33,55,33,12.21,Completed,None,Available,Paid,222.62
SES-13659,2025-09-25,10:02:14,STN-DEL-02,Delhi,SUV,CCS,22,54,55,27.34,Completed,None,Available,Paid,475.81
SES-13660,2025-09-25,09:51:45,STN-BLR-02,Bengaluru,Hatchback,Type 2,73,79,11,2.19,Completed,None,Available,Paid,33.90
SES-13661,2025-09-25,19:50:03,STN-CBE-01,Coimbatore,SUV,Type 2,16,35,24,14.72,Completed,None,Available,Paid,236.41
SES-13662,2025-09-25,09:19:23,STN-VSKP-01,Visakhapatnam,Sedan,Type 2,14,44,38,17.89,Completed,None,Available,Paid,274.98
SES-13663,2025-09-25,18:56:30,STN-CHE-01,Chennai,Sedan,CCS,41,100,108,34.31,Completed,None,Charging,Paid,539.75
SES-13664,2025-09-25,18:14:28,STN-VIJ-01,Vijayawada,Hatchback,Type 2,85,88,71,1.17,Cancelled,None,Available,Refunded,0.00
SES-13665,2025-09-25,19:02:27,STN-CHE-01,Chennai,Hatchback,CHAdeMO,59,73,22,5.52,Completed,None,Charging,Paid,87.97
SES-13666,2025-09-25,09:32:47,STN-VIJ-01,Vijayawada,Sedan,CCS,8,83,92,39.35,Completed,None,Available,Paid,682.41
SES-13667,2025-09-25,17:09:32,STN-MUM-02,Mumbai,Sedan,Type 2,67,100,74,19.42,Completed,None,Charging,Paid,338.36
SES-13668,2025-09-25,02:04:11,STN-BLR-01,Bengaluru,Hatchback,CHAdeMO,16,60,54,19.13,Completed,None,Available,Paid,307.95
SES-13669,2025-09-25,16:12:23,STN-VIJ-01,Vijayawada,SUV,Type 2,22,71,56,37.91,Completed,None,Charging,Paid,676.74
SES-13670,2025-09-25,21:31:15,STN-BLR-02,Bengaluru,Hatchback,Type 2,12,30,25,7.81,Completed,None,Available,Paid,123.85
SES-13671,2025-09-25,18:36:55,STN-KOL-01,Kolkata,Sedan,CHAdeMO,36,94,116,31.07,Completed,None,Available,Paid,544.85
SES-13672,2025-09-25,18:46:11,STN-KOL-01,Kolkata,Crossover,CCS,88,97,12,6.04,Completed,None,Available,Paid,93.39
SES-13673,2025-09-25,11:59:50,STN-MUM-01,Mumbai,Hatchback,Type 2,53,100,113,17.75,Completed,None,Available,Paid,282.17
SES-13674,2025-09-25,01:52:05,STN-BLR-02,Bengaluru,Sedan,CCS,67,100,79,19.57,Completed,None,Available,Paid,317.43
SES-13675,2025-09-26,17:11:57,STN-HYD-02,Hyderabad,SUV,CCS,81,100,104,16.10,Completed,None,Available,Paid,280.71
SES-13676,2025-09-26,15:00:21,STN-DEL-02,Delhi,Sedan,CCS,63,70,14,3.71,Completed,None,Charging,Paid,61.93
SES-13677,2025-09-26,20:10:02,STN-MUM-01,Mumbai,SUV,CCS,71,90,35,17.25,Completed,None,Available,Paid,265.09
SES-13678,2025-09-26,21:05:05,STN-VSKP-01,Visakhapatnam,Hatchback,CCS,43,100,101,25.00,Completed,None,Available,Paid,417.33
SES-13679,2025-09-26,11:20:01,STN-VIJ-01,Vijayawada,Sedan,CCS,54,72,24,9.69,Completed,None,Charging,Paid,156.83
SES-13680,2025-09-26,08:25:55,STN-MUM-02,Mumbai,Hatchback,CCS,89,100,82,4.29,Completed,None,Available,Paid,70.11
SES-13681,2025-09-26,10:22:57,STN-DEL-02,Delhi,Sedan,CCS,75,100,64,14.86,Completed,None,Available,Paid,228.73
SES-13682,2025-09-26,07:27:48,STN-CHE-01,Chennai,Hatchback,Type 2,30,47,31,6.65,Completed,None,Available,Paid,119.96
SES-13683,2025-09-26,08:13:36,STN-PUN-01,Pune,SUV,CCS,27,59,46,28.77,Completed,None,Available,Paid,517.85
SES-13684,2025-09-26,17:48:33,STN-MUM-01,Mumbai,Hatchback,CCS,67,100,94,14.04,Completed,None,Available,Paid,240.31
SES-13685,2025-09-26,07:50:21,STN-CHE-01,Chennai,Sedan,Type 2,70,77,115,2.32,Cancelled,None,Available,Refunded,0.00
SES-13686,2025-09-26,19:40:20,STN-HYD-02,Hyderabad,SUV,CCS,43,44,38,0.50,Cancelled,None,Available,Refunded,0.00
SES-13687,2025-09-26,07:42:43,STN-MUM-01,Mumbai,SUV,CHAdeMO,70,99,35,26.54,Completed,None,Charging,Paid,447.62
SES-13688,2025-09-26,13:18:47,STN-MUM-01,Mumbai,SUV,Type 2,50,100,79,41.19,Completed,None,Available,Paid,747.56
SES-13689,2025-09-27,17:04:10,STN-MUM-01,Mumbai,SUV,CCS,19,21,20,0.80,Failed,Charging Interrupted,Maintenance,Paid,13.49
SES-13690,2025-09-27,18:49:44,STN-BLR-01,Bengaluru,SUV,CHAdeMO,20,100,109,65.81,Completed,None,Charging,Paid,"1,181.22"
SES-13691,2025-09-27,22:35:47,STN-MUM-01,Mumbai,Crossover,Type 2,76,94,29,12.89,Completed,None,Charging,Paid,233.97
SES-13692,2025-09-27,16:45:43,STN-BLR-01,Bengaluru,Sedan,CCS,20,84,117,31.71,Completed,None,Available,Paid,524.08
SES-13693,2025-09-27,01:09:39,STN-CHE-01,Chennai,Hatchback,Type 2,89,100,93,4.28,Completed,None,Available,Paid,70.11
SES-13694,2025-09-27,10:13:16,STN-MUM-02,Mumbai,SUV,Type 2,43,100,100,47.32,Completed,None,Charging,Paid,763.58
SES-13695,2025-09-27,08:47:14,STN-BLR-01,Bengaluru,SUV,Type 2,15,71,79,44.83,Completed,None,Charging,Paid,689.65
SES-13696,2025-09-27,06:14:00,STN-VSKP-01,Visakhapatnam,SUV,Type 2,40,73,42,28.33,Completed,None,Charging,Paid,452.04
SES-13697,2025-09-27,18:54:11,STN-BLR-01,Bengaluru,Hatchback,CCS,22,42,39,7.63,Completed,None,Available,Paid,128.80
SES-13698,2025-09-27,18:41:41,STN-VSKP-01,Visakhapatnam,SUV,CHAdeMO,27,76,59,43.26,Completed,None,Available,Paid,688.95
SES-13699,2025-09-28,16:30:10,STN-VSKP-01,Visakhapatnam,Hatchback,Type 2,81,100,43,7.79,Completed,None,Charging,Paid,130.98
SES-13700,2025-09-28,22:08:46,STN-MUM-01,Mumbai,Sedan,Type 2,53,65,14,6.33,Completed,None,Charging,Paid,112.96
SES-13701,2025-09-28,09:30:08,STN-MUM-02,Mumbai,Hatchback,CCS,46,92,89,20.05,Completed,None,Charging,Paid,318.27
SES-13702,2025-09-28,17:38:53,STN-MUM-01,Mumbai,Sedan,Type 2,48,63,21,7.80,Completed,None,Available,Paid,124.30
SES-13703,2025-09-28,11:23:07,STN-CHE-01,Chennai,SUV,Type 2,5,49,85,34.83,Completed,None,Available,Paid,552.68
SES-13704,2025-09-28,08:47:29,STN-MUM-01,Mumbai,SUV,Type 2,11,12,84,0.40,Failed,Payment Failure,Maintenance,Failed,0.00
SES-13705,2025-09-28,21:54:08,STN-VSKP-01,Visakhapatnam,SUV,CHAdeMO,52,57,61,1.75,Cancelled,None,Available,Refunded,0.00
SES-13706,2025-09-28,18:43:47,STN-CBE-01,Coimbatore,SUV,CHAdeMO,89,100,60,8.81,Completed,None,Available,Paid,145.94
SES-13707,2025-09-28,05:07:00,STN-HYD-01,Hyderabad,Sedan,CCS,20,40,30,10.35,Completed,None,Charging,Paid,188.17
SES-13708,2025-09-28,08:46:35,STN-DEL-01,Delhi,SUV,Type 2,52,100,80,42.70,Completed,None,Charging,Paid,694.07
SES-13709,2025-09-28,18:04:49,STN-CHE-01,Chennai,SUV,CCS,82,88,67,2.28,Cancelled,None,Available,Refunded,0.00
SES-13710,2025-09-28,09:17:19,STN-BLR-02,Bengaluru,Sedan,CCS,47,100,107,27.62,Completed,None,Available,Paid,451.35
SES-13711,2025-09-28,17:04:29,STN-CBE-01,Coimbatore,Sedan,CCS,55,95,73,23.07,Completed,None,Available,Paid,401.91
SES-13712,2025-09-28,18:17:45,STN-CBE-01,Coimbatore,Hatchback,Type 2,70,72,102,0.80,Failed,Payment Failure,Maintenance,Failed,0.00
SES-13713,2025-09-28,00:05:26,STN-VIJ-01,Vijayawada,Hatchback,CHAdeMO,35,44,15,3.61,Completed,None,Available,Paid,63.52
SES-13714,2025-09-28,08:28:27,STN-DEL-02,Delhi,Sedan,CCS,43,100,109,33.39,Completed,None,Available,Paid,597.95
SES-13715,2025-09-28,11:52:11,STN-DEL-02,Delhi,Sedan,CCS,13,70,107,34.47,Completed,None,Charging,Paid,565.41
SES-13716,2025-09-29,18:33:54,STN-MUM-02,Mumbai,Sedan,CHAdeMO,45,54,58,3.18,Cancelled,None,Maintenance,Refunded,0.00
SES-13717,2025-09-29,04:22:44,STN-HYD-01,Hyderabad,Hatchback,Type 2,67,100,81,14.18,Completed,None,Available,Paid,240.74
SES-13718,2025-09-29,08:16:47,STN-BLR-01,Bengaluru,Hatchback,CCS,18,46,46,12.29,Completed,None,Charging,Paid,198.17
SES-13719,2025-09-29,17:39:30,STN-HYD-01,Hyderabad,Sedan,CCS,62,76,19,6.95,Completed,None,Available,Paid,112.60
SES-13720,2025-09-29,09:49:57,STN-DEL-01,Delhi,Hatchback,Type 2,78,78,89,0.00,Failed,Payment Failure,Offline,Failed,0.00
SES-13721,2025-09-29,18:05:27,STN-CHE-01,Chennai,Sedan,CHAdeMO,88,100,75,6.96,Completed,None,Available,Paid,117.24
SES-13722,2025-09-29,12:57:44,STN-MUM-02,Mumbai,Sedan,CCS,68,100,65,17.18,Completed,None,Charging,Paid,260.15
SES-13723,2025-09-29,19:37:28,STN-HYD-01,Hyderabad,Crossover,CCS,32,100,92,42.96,Completed,None,Charging,Paid,663.98
SES-13724,2025-09-29,17:31:09,STN-HYD-02,Hyderabad,Hatchback,CCS,8,62,80,21.82,Completed,None,Available,Paid,346.05
SES-13725,2025-09-30,09:00:38,STN-BLR-01,Bengaluru,Hatchback,CCS,38,100,75,25.35,Completed,None,Charging,Paid,455.71
SES-13726,2025-09-30,19:44:02,STN-HYD-01,Hyderabad,SUV,Type 2,8,16,54,2.83,Cancelled,None,Available,Refunded,0.00
SES-13727,2025-09-30,03:36:30,STN-MUM-02,Mumbai,Sedan,CHAdeMO,74,100,96,15.36,Completed,None,Available,Paid,249.06
SES-13728,2025-09-30,14:21:17,STN-HYD-02,Hyderabad,Hatchback,Type 2,62,100,104,16.07,Completed,None,Available,Paid,296.42
SES-13729,2025-09-30,17:05:02,STN-BLR-02,Bengaluru,Hatchback,CHAdeMO,90,100,77,4.37,Completed,None,Available,Paid,74.44
SES-13730,2025-09-30,15:08:27,STN-CBE-01,Coimbatore,Sedan,CHAdeMO,8,71,73,36.75,Completed,None,Available,Paid,590.66
SES-13731,2025-09-30,10:27:26,STN-CHE-01,Chennai,SUV,CCS,54,69,25,12.86,Completed,None,Available,Paid,229.11
SES-13732,2025-09-30,08:37:42,STN-CHE-01,Chennai,Hatchback,CCS,9,20,19,4.06,Completed,None,Available,Paid,69.66
SES-13733,2025-09-30,22:26:45,STN-BLR-02,Bengaluru,Crossover,Type 2,79,97,30,13.45,Completed,None,Available,Paid,229.11
SES-13734,2025-09-30,19:48:10,STN-KOL-01,Kolkata,Hatchback,CCS,49,100,101,20.44,Completed,None,Available,Paid,333.65
SES-13735,2025-09-30,18:52:16,STN-MUM-01,Mumbai,Hatchback,Type 2,39,100,119,23.94,Completed,None,Available,Paid,372.55
SES-13736,2025-09-30,20:06:29,STN-DEL-02,Delhi,Sedan,CCS,87,100,21,7.39,Completed,None,Available,Paid,115.24
SES-13737,2025-09-30,16:24:31,STN-HYD-02,Hyderabad,SUV,Type 2,79,94,22,11.76,Completed,None,Available,Paid,202.18
SES-13738,2025-09-30,19:07:04,STN-CBE-01,Coimbatore,Hatchback,Type 2,79,100,113,8.84,Completed,None,Charging,Paid,141.65
SES-13739,2025-09-30,03:07:48,STN-BLR-01,Bengaluru,Sedan,CCS,31,78,90,25.39,Completed,None,Available,Paid,452.41
SES-13740,2025-09-30,16:58:54,STN-HYD-01,Hyderabad,Hatchback,Type 2,6,79,91,29.74,Completed,None,Available,Paid,470.58
SES-13741,2025-09-30,08:35:54,STN-CBE-01,Coimbatore,Crossover,CCS,58,68,19,6.69,Completed,None,Available,Paid,122.58
SES-13742,2025-10-01,08:12:13,STN-DEL-01,Delhi,Sedan,CCS,76,76,101,0.00,Failed,Payment Failure,Maintenance,Failed,0.00
SES-13743,2025-10-01,17:47:29,STN-DEL-02,Delhi,Hatchback,Type 2,88,100,22,4.48,Completed,None,Charging,Paid,73.40
SES-13744,2025-10-01,16:12:57,STN-MUM-02,Mumbai,Hatchback,CCS,83,100,43,7.14,Completed,None,Available,Paid,125.13
SES-13745,2025-10-01,18:06:47,STN-VSKP-01,Visakhapatnam,SUV,Type 2,52,100,68,40.03,Completed,None,Charging,Paid,706.20
SES-13746,2025-10-01,08:26:44,STN-MUM-01,Mumbai,Hatchback,CCS,81,100,58,7.16,Completed,None,Available,Paid,118.94
SES-13747,2025-10-01,13:34:14,STN-CBE-01,Coimbatore,Sedan,Type 2,53,62,15,4.76,Completed,None,Available,Paid,83.06
SES-13748,2025-10-01,08:06:49,STN-BLR-01,Bengaluru,Hatchback,Type 2,82,92,21,3.64,Completed,None,Available,Paid,65.38
SES-13749,2025-10-01,08:50:45,STN-DEL-01,Delhi,Sedan,CCS,5,31,38,15.30,Completed,None,Available,Paid,244.27
SES-13750,2025-10-01,22:37:39,STN-VSKP-01,Visakhapatnam,Hatchback,CCS,37,38,86,0.40,Failed,Station Offline,Maintenance,Paid,6.71
SES-13751,2025-10-01,08:57:38,STN-DEL-01,Delhi,SUV,Type 2,39,39,35,0.00,Failed,Connector Error,Offline,Paid,0.00
SES-13752,2025-10-02,17:49:14,STN-BLR-01,Bengaluru,Sedan,CCS,58,100,77,21.68,Completed,None,Available,Paid,366.88
SES-13753,2025-10-02,17:50:21,STN-CBE-01,Coimbatore,SUV,CCS,60,100,88,35.64,Completed,None,Charging,Paid,614.37
SES-13754,2025-10-02,20:01:39,STN-VSKP-01,Visakhapatnam,Sedan,Type 2,19,22,25,1.14,Cancelled,None,Available,Refunded,0.00
SES-13755,2025-10-02,08:17:22,STN-VSKP-01,Visakhapatnam,Sedan,CCS,73,100,62,15.64,Completed,None,Charging,Paid,242.27
SES-13756,2025-10-02,08:40:08,STN-MUM-01,Mumbai,Sedan,Type 2,8,14,28,2.18,Cancelled,None,Available,Refunded,0.00
SES-13757,2025-10-02,07:40:53,STN-MUM-02,Mumbai,Hatchback,Type 2,88,100,56,4.45,Completed,None,Available,Paid,75.12
SES-13758,2025-10-02,08:03:13,STN-BLR-02,Bengaluru,Hatchback,CCS,68,100,99,11.74,Completed,None,Charging,Paid,206.97
SES-13759,2025-10-02,08:01:39,STN-DEL-02,Delhi,Crossover,CCS,26,49,41,15.57,Completed,None,Available,Paid,262.77
SES-13760,2025-10-02,07:13:19,STN-PUN-01,Pune,Hatchback,CCS,28,68,79,14.73,Completed,None,Available,Paid,257.76
SES-13761,2025-10-02,09:48:07,STN-PUN-01,Pune,Hatchback,Type 2,51,51,79,0.00,Failed,Charging Interrupted,Offline,Failed,0.00
SES-13762,2025-10-02,23:45:20,STN-MUM-01,Mumbai,Sedan,CCS,79,83,70,1.60,Failed,Payment Failure,Maintenance,Failed,0.00
SES-13763,2025-10-02,19:07:30,STN-DEL-01,Delhi,Hatchback,CCS,10,17,14,2.99,Completed,None,Charging,Paid,49.99
SES-13764,2025-10-03,09:39:41,STN-HYD-01,Hyderabad,Hatchback,CCS,31,80,68,20.86,Completed,None,Available,Paid,374.06
SES-13765,2025-10-03,07:40:17,STN-BLR-02,Bengaluru,Sedan,CCS,14,23,11,5.27,Completed,None,Available,Paid,87.33
SES-13766,2025-10-03,18:51:14,STN-BLR-02,Bengaluru,Hatchback,Type 2,43,48,11,2.08,Completed,None,Charging,Paid,38.29
SES-13767,2025-10-03,07:26:16,STN-MUM-01,Mumbai,SUV,CCS,78,100,110,18.93,Completed,None,Available,Paid,303.56
SES-13768,2025-10-03,18:48:49,STN-MUM-02,Mumbai,Crossover,CCS,41,50,12,6.80,Completed,None,Available,Paid,115.43
SES-13769,2025-10-03,01:36:40,STN-MUM-01,Mumbai,Hatchback,CCS,58,100,79,17.89,Completed,None,Available,Paid,318.30
SES-13770,2025-10-03,21:33:50,STN-KOL-01,Kolkata,Crossover,CCS,55,59,104,1.35,Cancelled,None,Maintenance,Refunded,0.00
SES-13771,2025-10-03,13:02:16,STN-HYD-01,Hyderabad,Sedan,CCS,64,94,52,15.51,Completed,None,Available,Paid,255.24
SES-13772,2025-10-03,19:45:37,STN-CHE-01,Chennai,Sedan,CCS,76,84,14,4.16,Completed,None,Charging,Paid,75.80
SES-13773,2025-10-04,19:47:28,STN-PUN-01,Pune,Crossover,CCS,55,88,59,21.22,Completed,None,Available,Paid,359.17
SES-13774,2025-10-04,21:32:16,STN-MUM-01,Mumbai,Sedan,Type 2,66,100,119,19.25,Completed,None,Charging,Paid,296.68
SES-13775,2025-10-04,15:25:07,STN-BLR-02,Bengaluru,SUV,CCS,53,69,19,13.50,Completed,None,Charging,Paid,228.61
SES-13776,2025-10-04,07:17:30,STN-MUM-02,Mumbai,SUV,Type 2,55,59,36,1.60,Failed,Network Error,Maintenance,Failed,0.00
SES-13777,2025-10-04,18:15:57,STN-PUN-01,Pune,Hatchback,CCS,32,55,33,9.90,Completed,None,Charging,Paid,179.15
SES-13778,2025-10-04,19:11:21,STN-HYD-02,Hyderabad,Sedan,Type 2,40,63,31,12.50,Completed,None,Available,Paid,211.79
SES-13779,2025-10-04,18:10:19,STN-VIJ-01,Vijayawada,Sedan,CCS,29,91,98,31.33,Completed,None,Charging,Paid,549.56
SES-13780,2025-10-04,15:26:02,STN-BLR-01,Bengaluru,SUV,CHAdeMO,40,50,12,9.26,Completed,None,Charging,Paid,160.27
SES-13781,2025-10-04,13:08:52,STN-BLR-02,Bengaluru,SUV,Type 2,81,97,25,13.48,Completed,None,Charging,Paid,238.06
SES-13782,2025-10-04,17:36:00,STN-HYD-02,Hyderabad,Sedan,CCS,64,93,39,16.25,Completed,None,Charging,Paid,249.17
SES-13783,2025-10-04,08:03:14,STN-MUM-02,Mumbai,Hatchback,CCS,11,43,52,11.85,Completed,None,Charging,Paid,191.51
SES-13784,2025-10-04,17:07:59,STN-BLR-02,Bengaluru,Hatchback,Type 2,69,76,13,3.07,Completed,None,Charging,Paid,49.16
SES-13785,2025-10-04,07:14:26,STN-MUM-01,Mumbai,Hatchback,CHAdeMO,77,100,116,9.48,Completed,None,Available,Paid,153.26
SES-13786,2025-10-04,21:46:07,STN-BLR-02,Bengaluru,Sedan,CCS,40,44,49,1.60,Failed,Station Offline,Maintenance,Failed,0.00
SES-13787,2025-10-04,16:54:41,STN-VIJ-01,Vijayawada,Hatchback,CCS,77,99,25,9.33,Completed,None,Available,Paid,165.38
SES-13788,2025-10-04,13:46:42,STN-MUM-02,Mumbai,Crossover,CCS,34,100,113,45.65,Completed,None,Charging,Paid,822.10
SES-13789,2025-10-04,11:14:34,STN-BLR-02,Bengaluru,SUV,CCS,51,100,114,39.79,Completed,None,Charging,Paid,695.63
SES-13790,2025-10-04,18:32:13,STN-HYD-01,Hyderabad,Sedan,CCS,33,100,119,38.37,Completed,None,Available,Paid,690.83
SES-13791,2025-10-04,23:52:48,STN-DEL-01,Delhi,Crossover,CCS,9,60,81,34.03,Completed,None,Available,Paid,627.04
SES-13792,2025-10-04,21:49:15,STN-VSKP-01,Visakhapatnam,SUV,CCS,69,100,97,27.64,Completed,None,Available,Paid,499.88
SES-13793,2025-10-05,08:41:36,STN-HYD-02,Hyderabad,Hatchback,CCS,73,91,25,7.40,Completed,None,Charging,Paid,130.00
SES-13794,2025-10-05,13:11:19,STN-CBE-01,Coimbatore,Sedan,Type 2,67,69,100,0.80,Failed,Network Error,Offline,Failed,0.00
SES-13795,2025-10-05,13:45:34,STN-CHE-01,Chennai,Hatchback,Type 2,60,100,75,16.08,Completed,None,Charging,Paid,281.56
SES-13796,2025-10-05,14:51:17,STN-DEL-01,Delhi,Crossover,CCS,21,71,64,32.45,Completed,None,Available,Paid,532.02
SES-13797,2025-10-05,08:01:58,STN-MUM-02,Mumbai,SUV,Type 2,55,79,29,20.25,Completed,None,Available,Paid,344.64
SES-13798,2025-10-05,18:17:21,STN-PUN-01,Pune,Sedan,CCS,41,43,60,0.80,Failed,Payment Failure,Offline,Failed,0.00
SES-13799,2025-10-05,18:52:00,STN-KOL-01,Kolkata,Sedan,CCS,13,72,93,30.52,Completed,None,Charging,Paid,538.33
SES-13800,2025-10-05,14:35:24,STN-HYD-01,Hyderabad,Sedan,Type 2,42,100,93,34.54,Completed,None,Available,Paid,519.75
SES-13801,2025-10-05,19:30:30,STN-KOL-01,Kolkata,SUV,Type 2,57,100,92,33.83,Completed,None,Available,Paid,623.62
SES-13802,2025-10-05,12:18:52,STN-KOL-01,Kolkata,Hatchback,Type 2,17,68,66,21.59,Completed,None,Charging,Paid,357.35
SES-13803,2025-10-05,07:30:44,STN-HYD-02,Hyderabad,Sedan,CCS,57,94,60,21.11,Completed,None,Available,Paid,339.63
SES-13804,2025-10-06,17:21:22,STN-MUM-02,Mumbai,Sedan,CCS,79,96,27,9.18,Completed,None,Charging,Paid,165.12
SES-13805,2025-10-06,08:14:25,STN-HYD-02,Hyderabad,SUV,Type 2,53,100,86,41.92,Completed,None,Available,Paid,689.69
SES-13806,2025-10-06,18:19:44,STN-BLR-02,Bengaluru,SUV,CCS,74,100,90,22.74,Completed,None,Available,Paid,389.33
SES-13807,2025-10-06,20:38:55,STN-CBE-01,Coimbatore,SUV,CCS,39,73,68,26.44,Completed,None,Available,Paid,417.48
SES-13808,2025-10-06,12:40:05,STN-DEL-02,Delhi,Hatchback,Type 2,20,82,106,25.22,Completed,None,Charging,Paid,422.27
SES-13809,2025-10-06,05:14:36,STN-MUM-01,Mumbai,Hatchback,CCS,17,39,37,9.61,Completed,None,Available,Paid,164.22
SES-13810,2025-10-06,17:38:08,STN-DEL-01,Delhi,Sedan,CCS,15,18,78,1.20,Failed,Network Error,Offline,Failed,0.00
SES-13811,2025-10-06,15:19:09,STN-BLR-02,Bengaluru,SUV,CCS,6,33,37,22.95,Completed,None,Available,Paid,380.63
SES-13812,2025-10-06,07:03:37,STN-BLR-01,Bengaluru,SUV,CCS,23,81,98,45.60,Completed,None,Charging,Paid,783.82
SES-13813,2025-10-06,06:40:00,STN-PUN-01,Pune,Sedan,CCS,49,100,93,29.37,Completed,None,Available,Paid,452.49
SES-13814,2025-10-06,12:23:26,STN-BLR-01,Bengaluru,SUV,CCS,50,98,94,38.63,Completed,None,Available,Paid,688.33
SES-13815,2025-10-07,21:42:34,STN-BLR-01,Bengaluru,Hatchback,CCS,51,67,22,6.80,Completed,None,Charging,Paid,111.75
SES-13816,2025-10-07,18:20:02,STN-HYD-01,Hyderabad,Sedan,Type 2,53,66,15,7.40,Completed,None,Charging,Paid,128.72
SES-13817,2025-10-07,18:09:32,STN-CHE-01,Chennai,Sedan,CCS,83,100,38,10.17,Completed,None,Charging,Paid,167.60
SES-13818,2025-10-07,21:51:05,STN-VSKP-01,Visakhapatnam,Hatchback,Type 2,46,100,115,23.35,Completed,None,Available,Paid,381.82
SES-13819,2025-10-07,19:54:39,STN-VIJ-01,Vijayawada,Hatchback,CCS,37,41,18,1.60,Failed,Connector Error,Maintenance,Failed,0.00
SES-13820,2025-10-07,06:03:58,STN-DEL-01,Delhi,SUV,CCS,45,65,38,16.21,Completed,None,Charging,Paid,286.03
SES-13821,2025-10-07,00:36:59,STN-KOL-01,Kolkata,Hatchback,CCS,73,98,47,10.71,Completed,None,Available,Paid,187.67
SES-13822,2025-10-07,10:40:22,STN-DEL-02,Delhi,Crossover,CCS,90,100,74,6.97,Completed,None,Available,Paid,108.74
SES-13823,2025-10-07,07:48:24,STN-BLR-02,Bengaluru,Sedan,CCS,23,81,65,33.68,Completed,None,Charging,Paid,583.89
SES-13824,2025-10-07,17:14:33,STN-VIJ-01,Vijayawada,Sedan,CCS,43,73,39,17.07,Completed,None,Charging,Paid,273.87
SES-13825,2025-10-07,10:53:36,STN-VIJ-01,Vijayawada,Sedan,Type 2,11,77,105,34.94,Completed,None,Available,Paid,622.21
SES-13826,2025-10-07,06:21:50,STN-BLR-01,Bengaluru,Hatchback,CCS,43,96,68,20.27,Completed,None,Charging,Paid,306.51
SES-13827,2025-10-07,09:38:02,STN-BLR-01,Bengaluru,SUV,Type 2,38,99,96,49.45,Completed,None,Available,Paid,902.83
SES-13828,2025-10-07,17:23:23,STN-PUN-01,Pune,Crossover,Type 2,48,100,112,34.20,Completed,None,Available,Paid,594.04
SES-13829,2025-10-08,18:06:24,STN-DEL-02,Delhi,Hatchback,CCS,73,75,67,0.80,Failed,Station Offline,Maintenance,Paid,14.45
SES-13830,2025-10-08,18:14:28,STN-DEL-02,Delhi,SUV,Type 2,72,87,19,12.04,Completed,None,Available,Paid,184.01
SES-13831,2025-10-08,19:09:31,STN-DEL-02,Delhi,Sedan,Type 2,67,69,117,0.68,Cancelled,None,Available,Refunded,0.00
SES-13832,2025-10-08,09:08:36,STN-BLR-02,Bengaluru,SUV,CHAdeMO,75,78,30,1.06,Cancelled,None,Available,Refunded,0.00
SES-13833,2025-10-08,13:13:03,STN-VSKP-01,Visakhapatnam,Sedan,CCS,52,100,65,28.36,Completed,None,Available,Paid,441.03
SES-13834,2025-10-08,10:27:13,STN-DEL-01,Delhi,Crossover,Type 2,7,30,35,16.75,Completed,None,Charging,Paid,308.95
SES-13835,2025-10-08,14:12:30,STN-DEL-01,Delhi,SUV,Type 2,89,100,24,9.43,Completed,None,Charging,Paid,163.26
SES-13836,2025-10-08,07:38:27,STN-BLR-02,Bengaluru,Sedan,Type 2,38,100,90,33.86,Completed,None,Charging,Paid,516.82
SES-13837,2025-10-08,09:31:08,STN-HYD-01,Hyderabad,SUV,CCS,13,49,44,29.39,Completed,None,Charging,Paid,521.38
SES-13838,2025-10-08,09:30:16,STN-BLR-02,Bengaluru,Sedan,CHAdeMO,65,100,98,20.64,Completed,None,Available,Paid,352.40
SES-13839,2025-10-08,18:12:54,STN-MUM-01,Mumbai,SUV,CHAdeMO,24,40,24,12.52,Completed,None,Charging,Paid,227.64
SES-13840,2025-10-09,17:05:47,STN-MUM-02,Mumbai,Sedan,Type 2,44,100,106,31.48,Completed,None,Available,Paid,486.61
SES-13841,2025-10-09,12:51:02,STN-VIJ-01,Vijayawada,SUV,CCS,16,80,84,53.90,Completed,None,Charging,Paid,977.31
SES-13842,2025-10-09,07:40:14,STN-MUM-01,Mumbai,SUV,Type 2,32,100,97,52.36,Completed,None,Charging,Paid,804.95
SES-13843,2025-10-09,16:41:51,STN-HYD-01,Hyderabad,SUV,CCS,52,62,15,8.76,Completed,None,Charging,Paid,140.81
SES-13844,2025-10-09,12:16:06,STN-VIJ-01,Vijayawada,Hatchback,CCS,78,100,37,8.53,Completed,None,Charging,Paid,155.50
SES-13845,2025-10-09,19:12:59,STN-HYD-01,Hyderabad,Sedan,CHAdeMO,79,100,72,10.96,Completed,None,Available,Paid,181.13
SES-13846,2025-10-09,07:35:27,STN-VIJ-01,Vijayawada,SUV,Type 2,11,13,38,0.80,Failed,Payment Failure,Offline,Failed,0.00
SES-13847,2025-10-09,08:52:10,STN-BLR-02,Bengaluru,SUV,CHAdeMO,86,86,57,0.00,Failed,Connector Error,Offline,Failed,0.00
SES-13848,2025-10-09,16:03:34,STN-BLR-02,Bengaluru,SUV,Type 2,87,100,72,11.52,Completed,None,Available,Paid,181.73
SES-13849,2025-10-09,18:26:09,STN-KOL-01,Kolkata,Crossover,CCS,18,20,67,0.80,Failed,Payment Failure,Offline,Failed,0.00
SES-13850,2025-10-09,16:19:28,STN-VIJ-01,Vijayawada,Sedan,CHAdeMO,85,100,30,8.24,Completed,None,Charging,Paid,128.64
SES-13851,2025-10-09,18:28:22,STN-CHE-01,Chennai,Hatchback,CCS,23,69,85,17.47,Completed,None,Charging,Paid,291.82
SES-13852,2025-10-09,22:20:47,STN-KOL-01,Kolkata,SUV,Type 2,58,79,31,19.09,Completed,None,Available,Paid,287.23
SES-13853,2025-10-09,07:40:11,STN-KOL-01,Kolkata,SUV,Type 2,64,88,36,20.78,Completed,None,Charging,Paid,383.12
SES-13854,2025-10-09,22:50:32,STN-PUN-01,Pune,Hatchback,CCS,71,74,94,1.20,Failed,Network Error,Maintenance,Failed,0.00
SES-13855,2025-10-09,06:21:20,STN-MUM-01,Mumbai,Sedan,CCS,38,99,88,34.58,Completed,None,Available,Paid,556.91
SES-13856,2025-10-10,09:42:51,STN-DEL-01,Delhi,Hatchback,CCS,45,85,66,15.80,Completed,None,Available,Paid,248.02
SES-13857,2025-10-10,18:35:46,STN-KOL-01,Kolkata,Sedan,CCS,35,95,91,34.37,Completed,None,Available,Paid,579.39
SES-13858,2025-10-10,16:31:57,STN-CHE-01,Chennai,SUV,CCS,43,56,19,10.45,Completed,None,Available,Paid,191.20
SES-13859,2025-10-10,20:32:57,STN-DEL-02,Delhi,Hatchback,CCS,82,100,31,7.80,Completed,None,Charging,Paid,125.16
SES-13860,2025-10-10,10:38:22,STN-HYD-02,Hyderabad,Sedan,Type 2,56,91,53,21.07,Completed,None,Charging,Paid,376.15
SES-13861,2025-10-10,04:01:01,STN-DEL-01,Delhi,Hatchback,Type 2,51,97,93,19.62,Completed,None,Available,Paid,302.70
SES-13862,2025-10-10,19:50:28,STN-VIJ-01,Vijayawada,Sedan,CCS,24,31,92,2.32,Cancelled,None,Available,Refunded,0.00
SES-13863,2025-10-10,18:59:02,STN-DEL-02,Delhi,Hatchback,Type 2,56,85,37,12.49,Completed,None,Charging,Paid,191.69
SES-13864,2025-10-10,11:35:28,STN-KOL-01,Kolkata,SUV,CCS,75,100,110,22.71,Completed,None,Available,Paid,374.83
SES-13865,2025-10-10,18:48:57,STN-CBE-01,Coimbatore,Hatchback,CCS,66,100,59,12.93,Completed,None,Available,Paid,221.99
SES-13866,2025-10-10,18:44:15,STN-CHE-01,Chennai,Crossover,CCS,9,62,60,35.49,Completed,None,Available,Paid,601.18
SES-13867,2025-10-10,08:33:49,STN-BLR-01,Bengaluru,SUV,Type 2,61,100,117,33.58,Completed,None,Available,Paid,549.18
SES-13868,2025-10-10,16:57:39,STN-CHE-01,Chennai,Sedan,CCS,8,13,10,2.98,Completed,None,Charging,Paid,46.46
SES-13869,2025-10-10,08:55:14,STN-CHE-01,Chennai,Hatchback,CCS,15,16,43,0.40,Failed,Network Error,Maintenance,Failed,0.00
SES-13870,2025-10-10,22:16:43,STN-CHE-01,Chennai,Sedan,CCS,23,56,44,18.98,Completed,None,Available,Paid,304.70
SES-13871,2025-10-10,06:05:07,STN-VSKP-01,Visakhapatnam,SUV,CHAdeMO,88,100,99,10.77,Completed,None,Charging,Paid,184.01
SES-13872,2025-10-10,19:31:50,STN-BLR-02,Bengaluru,Crossover,CHAdeMO,31,67,70,23.89,Completed,None,Available,Paid,406.72
SES-13873,2025-10-11,19:03:43,STN-VSKP-01,Visakhapatnam,Hatchback,CCS,33,52,39,7.51,Completed,None,Charging,Paid,117.72
SES-13874,2025-10-11,15:19:23,STN-MUM-01,Mumbai,Sedan,CCS,22,26,85,1.60,Failed,Connector Error,Maintenance,Paid,24.12
SES-13875,2025-10-11,18:25:24,STN-CHE-01,Chennai,Sedan,CHAdeMO,41,100,87,33.66,Completed,None,Charging,Paid,509.09
SES-13876,2025-10-11,07:09:57,STN-BLR-02,Bengaluru,Sedan,CCS,65,100,112,20.00,Completed,None,Available,Paid,352.06
SES-13877,2025-10-11,14:00:51,STN-VIJ-01,Vijayawada,SUV,CCS,51,100,77,45.69,Completed,None,Charging,Paid,780.23
SES-13878,2025-10-11,12:15:04,STN-DEL-02,Delhi,Sedan,CCS,24,33,85,2.91,Cancelled,None,Available,Refunded,0.00
SES-13879,2025-10-11,21:05:25,STN-CBE-01,Coimbatore,Hatchback,CHAdeMO,74,100,97,10.75,Completed,None,Available,Paid,178.96
SES-13880,2025-10-11,22:55:54,STN-PUN-01,Pune,SUV,Type 2,53,78,49,20.19,Completed,None,Charging,Paid,341.80
SES-13881,2025-10-11,18:44:51,STN-MUM-01,Mumbai,Crossover,CCS,19,88,104,50.74,Completed,None,Charging,Paid,916.38
SES-13882,2025-10-11,18:54:08,STN-KOL-01,Kolkata,Hatchback,CCS,22,65,74,16.19,Completed,None,Available,Paid,279.44
SES-13883,2025-10-11,16:49:52,STN-DEL-02,Delhi,Crossover,CHAdeMO,42,81,46,28.81,Completed,None,Available,Paid,491.04
SES-13884,2025-10-11,15:31:46,STN-VIJ-01,Vijayawada,Sedan,CCS,88,100,73,7.08,Completed,None,Available,Paid,123.14
SES-13885,2025-10-11,10:40:18,STN-KOL-01,Kolkata,SUV,Type 2,26,32,10,5.24,Completed,None,Available,Paid,80.58
SES-13886,2025-10-12,07:30:53,STN-HYD-01,Hyderabad,Sedan,CCS,80,95,24,8.45,Completed,None,Charging,Paid,134.26
SES-13887,2025-10-12,04:42:28,STN-DEL-01,Delhi,Sedan,Type 2,64,78,22,7.15,Completed,None,Available,Paid,121.36
SES-13888,2025-10-12,10:00:43,STN-VSKP-01,Visakhapatnam,SUV,CCS,70,78,38,2.62,Cancelled,None,Available,Refunded,0.00
SES-13889,2025-10-12,08:46:20,STN-KOL-01,Kolkata,Hatchback,Type 2,30,79,64,19.58,Completed,None,Available,Paid,313.20
SES-13890,2025-10-12,19:30:06,STN-KOL-01,Kolkata,Sedan,CCS,68,69,54,0.40,Failed,Connector Error,Offline,Paid,7.10
SES-13891,2025-10-12,18:18:38,STN-CBE-01,Coimbatore,Sedan,CCS,62,69,13,3.82,Completed,None,Charging,Paid,65.82
SES-13892,2025-10-12,03:29:34,STN-HYD-02,Hyderabad,Sedan,CCS,7,64,73,31.39,Completed,None,Available,Paid,471.77
SES-13893,2025-10-12,07:28:49,STN-HYD-01,Hyderabad,Hatchback,Type 2,34,50,24,6.71,Completed,None,Charging,Paid,117.77
SES-13894,2025-10-12,16:53:13,STN-MUM-02,Mumbai,Crossover,CCS,23,94,117,49.15,Completed,None,Available,Paid,840.11
SES-13895,2025-10-12,15:57:29,STN-VIJ-01,Vijayawada,Sedan,CCS,14,77,113,35.52,Completed,None,Available,Paid,604.10
SES-13896,2025-10-12,02:38:30,STN-VSKP-01,Visakhapatnam,SUV,Type 2,50,96,57,35.72,Completed,None,Available,Paid,631.67
SES-13897,2025-10-12,18:49:46,STN-CBE-01,Coimbatore,Crossover,Type 2,23,95,85,47.22,Completed,None,Available,Paid,726.38
SES-13898,2025-10-12,08:13:35,STN-PUN-01,Pune,Sedan,Type 2,62,100,65,21.35,Completed,None,Charging,Paid,337.14
SES-13899,2025-10-12,15:39:28,STN-MUM-02,Mumbai,Hatchback,CCS,89,98,98,2.89,Cancelled,None,Available,Refunded,0.00
SES-13900,2025-10-12,22:21:07,STN-BLR-01,Bengaluru,Sedan,CCS,10,15,100,1.72,Cancelled,None,Available,Refunded,0.00
SES-13901,2025-10-12,14:04:51,STN-BLR-01,Bengaluru,SUV,Type 2,55,97,79,32.91,Completed,None,Available,Paid,539.36
SES-13902,2025-10-13,18:10:17,STN-VSKP-01,Visakhapatnam,SUV,CCS,18,27,96,3.36,Cancelled,None,Available,Refunded,0.00
SES-13903,2025-10-13,07:29:14,STN-CHE-01,Chennai,Hatchback,CHAdeMO,62,79,24,6.27,Completed,None,Charging,Paid,104.54
SES-13904,2025-10-13,08:52:15,STN-CBE-01,Coimbatore,Sedan,CCS,12,46,48,20.31,Completed,None,Available,Paid,313.41
SES-13905,2025-10-13,07:08:42,STN-PUN-01,Pune,Sedan,CCS,6,67,78,34.25,Completed,None,Available,Paid,632.76
SES-13906,2025-10-13,05:26:12,STN-CBE-01,Coimbatore,Sedan,CCS,22,100,96,39.67,Completed,None,Available,Paid,636.07
SES-13907,2025-10-13,20:08:04,STN-DEL-02,Delhi,SUV,CCS,90,97,88,2.51,Cancelled,None,Available,Refunded,0.00
SES-13908,2025-10-13,21:30:02,STN-KOL-01,Kolkata,Hatchback,CCS,61,61,98,0.00,Failed,Payment Failure,Offline,Failed,0.00
SES-13909,2025-10-13,06:34:05,STN-HYD-01,Hyderabad,Hatchback,CCS,39,99,69,25.57,Completed,None,Charging,Paid,390.09
SES-13910,2025-10-13,19:41:36,STN-PUN-01,Pune,Sedan,Type 2,70,74,103,1.60,Failed,Payment Failure,Maintenance,Failed,0.00
SES-13911,2025-10-13,19:31:34,STN-HYD-01,Hyderabad,Hatchback,CCS,60,97,53,14.19,Completed,None,Available,Paid,223.20
SES-13912,2025-10-13,08:38:53,STN-HYD-02,Hyderabad,Sedan,CCS,86,100,52,8.21,Completed,None,Available,Paid,135.06
SES-13913,2025-10-13,03:49:31,STN-DEL-02,Delhi,SUV,CCS,47,50,13,1.20,Cancelled,None,Available,Refunded,0.00
SES-13914,2025-10-14,07:39:32,STN-MUM-02,Mumbai,Hatchback,Type 2,77,100,86,9.38,Completed,None,Available,Paid,169.82
SES-13915,2025-10-14,09:35:23,STN-HYD-01,Hyderabad,Sedan,CCS,76,100,59,12.62,Completed,None,Available,Paid,196.95
SES-13916,2025-10-14,04:38:45,STN-HYD-02,Hyderabad,Sedan,CCS,12,76,113,33.84,Completed,None,Available,Paid,541.13
SES-13917,2025-10-14,05:22:17,STN-PUN-01,Pune,Sedan,Type 2,9,9,48,0.00,Failed,Charging Interrupted,Maintenance,Paid,0.00
SES-13918,2025-10-14,14:35:27,STN-HYD-02,Hyderabad,Hatchback,CCS,17,21,63,1.60,Failed,Charging Interrupted,Offline,Failed,0.00
SES-13919,2025-10-14,12:17:07,STN-DEL-01,Delhi,SUV,Type 2,11,33,32,17.86,Completed,None,Available,Paid,290.44
SES-13920,2025-10-14,21:54:55,STN-HYD-02,Hyderabad,SUV,Type 2,25,74,69,39.55,Completed,None,Available,Paid,720.08
SES-13921,2025-10-14,20:00:11,STN-VSKP-01,Visakhapatnam,Hatchback,CHAdeMO,41,93,89,20.16,Completed,None,Charging,Paid,368.85
SES-13922,2025-10-14,18:27:44,STN-CBE-01,Coimbatore,Hatchback,CCS,49,50,44,0.40,Failed,Payment Failure,Offline,Failed,0.00
SES-13923,2025-10-15,19:00:31,STN-HYD-02,Hyderabad,Hatchback,CCS,56,99,63,16.12,Completed,None,Available,Paid,247.16
SES-13924,2025-10-15,19:39:55,STN-VSKP-01,Visakhapatnam,SUV,CCS,52,94,67,35.16,Completed,None,Charging,Paid,583.82
SES-13925,2025-10-15,20:45:23,STN-CHE-01,Chennai,Sedan,CCS,66,100,71,18.82,Completed,None,Charging,Paid,324.14
SES-13926,2025-10-15,02:38:38,STN-BLR-01,Bengaluru,Sedan,CCS,82,100,89,9.38,Completed,None,Available,Paid,154.07
SES-13927,2025-10-15,15:24:59,STN-MUM-02,Mumbai,Hatchback,Type 2,55,100,57,19.10,Completed,None,Charging,Paid,289.76
SES-13928,2025-10-15,09:56:09,STN-DEL-01,Delhi,Hatchback,CCS,8,20,16,5.04,Completed,None,Available,Paid,80.72
SES-13929,2025-10-15,11:44:14,STN-VIJ-01,Vijayawada,Crossover,CCS,90,100,54,7.03,Completed,None,Available,Paid,111.11
SES-13930,2025-10-15,22:28:03,STN-DEL-01,Delhi,Sedan,CCS,60,75,22,8.84,Completed,None,Available,Paid,144.04
SES-13931,2025-10-15,13:28:30,STN-BLR-01,Bengaluru,Sedan,Type 2,79,81,62,0.80,Failed,Connector Error,Maintenance,Failed,0.00
SES-13932,2025-10-15,07:26:52,STN-MUM-01,Mumbai,Sedan,CCS,38,100,102,34.02,Completed,None,Available,Paid,521.99
SES-13933,2025-10-15,19:59:43,STN-HYD-01,Hyderabad,Sedan,CCS,49,52,48,1.10,Cancelled,None,Available,Refunded,0.00
SES-13934,2025-10-15,16:59:58,STN-HYD-02,Hyderabad,SUV,CHAdeMO,20,100,93,72.94,Completed,None,Available,Paid,"1,245.69"
SES-13935,2025-10-15,21:45:44,STN-PUN-01,Pune,Crossover,Type 2,13,96,102,61.09,Completed,None,Charging,Paid,991.36
SES-13936,2025-10-15,04:37:50,STN-HYD-02,Hyderabad,SUV,CCS,84,100,27,14.32,Completed,None,Available,Paid,226.64
SES-13937,2025-10-15,18:16:50,STN-PUN-01,Pune,SUV,CCS,20,44,31,19.19,Completed,None,Charging,Paid,296.90
SES-13938,2025-10-15,06:13:48,STN-HYD-02,Hyderabad,Hatchback,CCS,35,63,45,12.07,Completed,None,Charging,Paid,197.72
SES-13939,2025-10-15,20:26:00,STN-DEL-01,Delhi,Sedan,Type 2,17,100,114,46.56,Completed,None,Charging,Paid,823.16
SES-13940,2025-10-15,23:47:49,STN-MUM-01,Mumbai,Hatchback,Type 2,9,58,62,18.65,Completed,None,Charging,Paid,281.01
SES-13941,2025-10-15,12:53:54,STN-BLR-01,Bengaluru,SUV,CCS,51,100,109,38.14,Completed,None,Available,Paid,638.48
SES-13942,2025-10-15,07:02:33,STN-VSKP-01,Visakhapatnam,Sedan,Type 2,43,98,81,32.54,Completed,None,Available,Paid,595.28
SES-13943,2025-10-16,10:01:33,STN-DEL-02,Delhi,SUV,CCS,22,29,12,6.14,Completed,None,Available,Paid,99.56
SES-13944,2025-10-16,08:08:29,STN-BLR-02,Bengaluru,SUV,Type 2,24,26,71,0.80,Failed,Station Offline,Maintenance,Failed,0.00
SES-13945,2025-10-16,09:28:58,STN-MUM-02,Mumbai,Sedan,CCS,6,11,38,1.67,Cancelled,None,Available,Refunded,0.00
SES-13946,2025-10-16,14:57:43,STN-DEL-02,Delhi,Sedan,CCS,44,100,82,29.11,Completed,None,Available,Paid,486.95
SES-13947,2025-10-16,18:38:43,STN-MUM-02,Mumbai,SUV,Type 2,34,47,17,11.96,Completed,None,Available,Paid,180.43
SES-13948,2025-10-16,18:36:15,STN-HYD-01,Hyderabad,Sedan,CCS,14,21,103,2.48,Cancelled,None,Available,Refunded,0.00
SES-13949,2025-10-16,09:23:25,STN-BLR-01,Bengaluru,Sedan,CHAdeMO,68,100,85,19.34,Completed,None,Available,Paid,315.73
SES-13950,2025-10-16,20:22:38,STN-PUN-01,Pune,SUV,CCS,46,81,55,29.60,Completed,None,Charging,Paid,496.64
SES-13951,2025-10-16,07:18:19,STN-VSKP-01,Visakhapatnam,SUV,CCS,79,83,101,1.60,Failed,Station Offline,Maintenance,Failed,0.00
SES-13952,2025-10-16,07:26:29,STN-VSKP-01,Visakhapatnam,Hatchback,Type 2,57,100,65,17.59,Completed,None,Available,Paid,304.31
SES-13953,2025-10-16,16:34:48,STN-DEL-02,Delhi,Crossover,CCS,57,100,115,28.60,Completed,None,Charging,Paid,483.94
SES-13954,2025-10-16,23:09:22,STN-CBE-01,Coimbatore,Hatchback,CCS,44,84,58,17.09,Completed,None,Available,Paid,265.90
SES-13955,2025-10-16,07:33:12,STN-KOL-01,Kolkata,SUV,CCS,20,56,52,27.96,Completed,None,Available,Paid,427.17
SES-13956,2025-10-16,22:17:55,STN-KOL-01,Kolkata,Hatchback,CHAdeMO,52,66,19,5.59,Completed,None,Charging,Paid,89.34
SES-13957,2025-10-16,11:33:33,STN-DEL-02,Delhi,SUV,Type 2,65,76,22,10.26,Completed,None,Available,Paid,157.65
SES-13958,2025-10-16,19:16:27,STN-MUM-02,Mumbai,Sedan,CCS,85,100,66,8.30,Completed,None,Charging,Paid,129.11
SES-13959,2025-10-16,18:47:10,STN-DEL-02,Delhi,Sedan,CCS,42,47,11,2.91,Completed,None,Charging,Paid,47.51
SES-13960,2025-10-16,08:32:56,STN-PUN-01,Pune,Hatchback,CCS,48,100,74,22.50,Completed,None,Available,Paid,383.16
SES-13961,2025-10-16,06:33:52,STN-BLR-01,Bengaluru,Hatchback,CCS,19,20,95,0.40,Failed,Network Error,Offline,Failed,0.00
SES-13962,2025-10-17,08:03:11,STN-CBE-01,Coimbatore,Crossover,CHAdeMO,65,100,106,22.55,Completed,None,Available,Paid,340.88
SES-13963,2025-10-17,07:27:02,STN-HYD-01,Hyderabad,SUV,Type 2,11,12,89,0.40,Failed,Connector Error,Maintenance,Failed,0.00
SES-13964,2025-10-17,05:51:17,STN-VSKP-01,Visakhapatnam,Hatchback,CCS,34,64,51,11.10,Completed,None,Available,Paid,183.17
SES-13965,2025-10-17,22:52:52,STN-BLR-02,Bengaluru,Sedan,CCS,40,88,67,23.77,Completed,None,Available,Paid,368.78
SES-13966,2025-10-17,19:26:41,STN-BLR-01,Bengaluru,SUV,CHAdeMO,15,85,102,63.50,Completed,None,Available,Paid,999.30
SES-13967,2025-10-17,08:10:33,STN-CHE-01,Chennai,Crossover,CCS,74,86,19,8.02,Completed,None,Available,Paid,132.24
SES-13968,2025-10-17,15:52:20,STN-HYD-01,Hyderabad,Sedan,CHAdeMO,33,70,72,19.32,Completed,None,Available,Paid,326.47
SES-13969,2025-10-17,14:20:18,STN-DEL-02,Delhi,Sedan,CCS,83,100,112,9.78,Completed,None,Charging,Paid,149.27
SES-13970,2025-10-17,18:17:51,STN-PUN-01,Pune,SUV,Type 2,10,14,80,1.60,Failed,Network Error,Maintenance,Paid,27.22
SES-13971,2025-10-17,17:55:12,STN-MUM-01,Mumbai,Hatchback,Type 2,80,83,70,1.20,Failed,Network Error,Maintenance,Failed,0.00
SES-13972,2025-10-17,09:26:59,STN-DEL-02,Delhi,Sedan,Type 2,55,61,10,3.49,Completed,None,Available,Paid,61.99
SES-13973,2025-10-17,13:00:37,STN-CBE-01,Coimbatore,SUV,Type 2,84,100,35,14.87,Completed,None,Available,Paid,237.39
SES-13974,2025-10-17,23:00:39,STN-DEL-01,Delhi,Sedan,CCS,42,48,118,2.04,Cancelled,None,Available,Refunded,0.00
SES-13975,2025-10-17,07:21:14,STN-DEL-01,Delhi,SUV,CCS,77,88,14,9.05,Completed,None,Charging,Paid,163.43
SES-13976,2025-10-18,04:47:38,STN-KOL-01,Kolkata,Crossover,CHAdeMO,26,53,44,18.17,Completed,None,Available,Paid,273.56
SES-13977,2025-10-18,07:03:43,STN-MUM-01,Mumbai,Sedan,CCS,58,75,22,9.93,Completed,None,Available,Paid,169.59
SES-13978,2025-10-18,20:03:52,STN-BLR-02,Bengaluru,Sedan,CHAdeMO,44,72,36,15.16,Completed,None,Charging,Paid,277.73
SES-13979,2025-10-18,08:06:08,STN-DEL-01,Delhi,SUV,Type 2,11,29,21,13.87,Completed,None,Available,Paid,232.49
SES-13980,2025-10-18,15:17:53,STN-BLR-02,Bengaluru,SUV,CCS,44,100,103,49.72,Completed,None,Available,Paid,760.14
SES-13981,2025-10-18,19:05:01,STN-HYD-01,Hyderabad,Sedan,CHAdeMO,28,30,59,0.80,Failed,Payment Failure,Maintenance,Failed,0.00
SES-13982,2025-10-18,15:44:22,STN-MUM-01,Mumbai,SUV,Type 2,45,100,105,48.36,Completed,None,Available,Paid,889.97
SES-13983,2025-10-18,06:44:42,STN-BLR-02,Bengaluru,Crossover,CCS,55,100,68,34.07,Completed,None,Available,Paid,590.78
SES-13984,2025-10-18,08:38:24,STN-CHE-01,Chennai,Sedan,CCS,43,63,40,10.60,Completed,None,Available,Paid,179.34
SES-13985,2025-10-18,17:16:17,STN-BLR-02,Bengaluru,Sedan,Type 2,87,100,78,7.10,Completed,None,Charging,Paid,120.69
SES-13986,2025-10-18,05:14:59,STN-VIJ-01,Vijayawada,SUV,Type 2,47,47,46,0.00,Failed,Charging Interrupted,Maintenance,Failed,0.00
SES-13987,2025-10-18,02:04:15,STN-HYD-02,Hyderabad,SUV,Type 2,73,80,11,5.43,Completed,None,Available,Paid,85.62
SES-13988,2025-10-18,06:45:33,STN-KOL-01,Kolkata,Sedan,Type 2,63,100,111,20.05,Completed,None,Available,Paid,345.72
SES-13989,2025-10-18,08:07:46,STN-KOL-01,Kolkata,SUV,CCS,29,100,80,60.91,Completed,None,Charging,Paid,995.12
SES-13990,2025-10-19,09:04:51,STN-HYD-01,Hyderabad,Crossover,Type 2,29,78,74,33.74,Completed,None,Available,Paid,588.22
SES-13991,2025-10-19,16:25:21,STN-CHE-01,Chennai,Sedan,CCS,77,87,12,6.03,Completed,None,Available,Paid,102.24
SES-13992,2025-10-19,18:12:08,STN-MUM-01,Mumbai,SUV,CCS,28,46,29,16.79,Completed,None,Available,Paid,275.95
SES-13993,2025-10-19,22:27:43,STN-VSKP-01,Visakhapatnam,Sedan,CCS,66,74,11,4.13,Completed,None,Charging,Paid,67.36
SES-13994,2025-10-19,17:23:43,STN-MUM-02,Mumbai,SUV,CCS,47,48,51,0.50,Cancelled,None,Available,Refunded,0.00
SES-13995,2025-10-19,20:59:47,STN-DEL-02,Delhi,SUV,CCS,63,70,52,2.68,Cancelled,None,Available,Refunded,0.00
SES-13996,2025-10-19,13:43:08,STN-PUN-01,Pune,SUV,CCS,58,80,30,17.30,Completed,None,Charging,Paid,300.16
SES-13997,2025-10-19,19:16:35,STN-DEL-01,Delhi,SUV,CCS,83,100,54,15.26,Completed,None,Available,Paid,277.96
SES-13998,2025-10-19,23:06:58,STN-CBE-01,Coimbatore,Sedan,CCS,30,37,105,2.54,Cancelled,None,Maintenance,Refunded,0.00
SES-13999,2025-10-19,14:43:31,STN-HYD-02,Hyderabad,Hatchback,Type 2,58,62,29,1.60,Failed,Payment Failure,Offline,Failed,0.00
SES-14000,2025-10-19,08:41:01,STN-HYD-02,Hyderabad,SUV,CCS,65,100,52,27.00,Completed,None,Available,Paid,492.32
SES-14001,2025-10-19,07:03:16,STN-MUM-02,Mumbai,Sedan,CCS,79,100,59,11.91,Completed,None,Available,Paid,200.77
SES-14002,2025-10-19,07:29:39,STN-VIJ-01,Vijayawada,Crossover,Type 2,83,100,104,12.60,Completed,None,Available,Paid,192.15
SES-14003,2025-10-20,11:23:28,STN-DEL-02,Delhi,Sedan,CCS,48,82,52,20.23,Completed,None,Available,Paid,309.81
SES-14004,2025-10-20,23:28:18,STN-DEL-02,Delhi,Hatchback,CCS,13,89,106,28.44,Completed,None,Available,Paid,497.75
SES-14005,2025-10-20,07:55:35,STN-KOL-01,Kolkata,SUV,CHAdeMO,46,52,33,2.27,Cancelled,None,Available,Refunded,0.00
SES-14006,2025-10-20,18:05:58,STN-DEL-01,Delhi,SUV,CCS,33,37,91,1.60,Failed,Network Error,Maintenance,Paid,29.38
SES-14007,2025-10-20,09:45:43,STN-KOL-01,Kolkata,Sedan,CCS,83,85,93,0.80,Failed,Payment Failure,Offline,Failed,0.00
SES-14008,2025-10-20,07:07:54,STN-BLR-02,Bengaluru,Sedan,Type 2,85,100,69,7.44,Completed,None,Available,Paid,120.72
SES-14009,2025-10-20,15:39:56,STN-VSKP-01,Visakhapatnam,Sedan,Type 2,84,88,41,1.60,Failed,Payment Failure,Maintenance,Failed,0.00
SES-14010,2025-10-20,08:51:47,STN-KOL-01,Kolkata,Hatchback,Type 2,62,64,14,0.80,Failed,Payment Failure,Maintenance,Failed,0.00
SES-14011,2025-10-20,09:47:51,STN-MUM-01,Mumbai,Hatchback,CCS,90,96,11,2.60,Completed,None,Charging,Paid,46.05
SES-14012,2025-10-20,17:35:47,STN-DEL-02,Delhi,Hatchback,Type 2,67,88,35,9.13,Completed,None,Available,Paid,145.92
SES-14013,2025-10-20,19:20:12,STN-DEL-02,Delhi,Hatchback,Type 2,53,70,34,6.47,Completed,None,Available,Paid,100.12
SES-14014,2025-10-20,09:25:39,STN-PUN-01,Pune,Crossover,CCS,15,49,59,21.91,Completed,None,Available,Paid,339.18
SES-14015,2025-10-20,21:38:21,STN-VSKP-01,Visakhapatnam,SUV,CCS,58,100,95,36.30,Completed,None,Available,Paid,562.45
SES-14016,2025-10-20,04:57:29,STN-CHE-01,Chennai,Hatchback,Type 2,34,35,48,0.40,Failed,Connector Error,Maintenance,Failed,0.00
SES-14017,2025-10-20,19:41:17,STN-CHE-01,Chennai,Sedan,CCS,70,100,95,17.46,Completed,None,Available,Paid,262.81
SES-14018,2025-10-20,21:38:29,STN-PUN-01,Pune,Hatchback,CCS,69,100,84,11.55,Completed,None,Available,Paid,181.64
SES-14019,2025-10-20,06:06:04,STN-BLR-01,Bengaluru,Hatchback,CCS,62,64,20,0.80,Failed,Network Error,Maintenance,Failed,0.00
SES-14020,2025-10-20,19:17:12,STN-MUM-01,Mumbai,Sedan,CCS,61,100,72,21.12,Completed,None,Charging,Paid,337.47
SES-14021,2025-10-20,07:07:09,STN-DEL-02,Delhi,SUV,CCS,41,100,118,53.73,Completed,None,Available,Paid,858.55
SES-14022,2025-10-21,17:37:14,STN-VSKP-01,Visakhapatnam,Crossover,CCS,58,100,77,28.84,Completed,None,Available,Paid,478.82
SES-14023,2025-10-21,17:47:39,STN-DEL-01,Delhi,Sedan,CCS,77,100,106,12.47,Completed,None,Available,Paid,202.06
SES-14024,2025-10-21,17:14:34,STN-VIJ-01,Vijayawada,SUV,CHAdeMO,73,87,27,11.43,Completed,None,Charging,Paid,204.30
SES-14025,2025-10-21,22:56:07,STN-MUM-01,Mumbai,Sedan,CCS,28,100,104,42.49,Completed,None,Available,Paid,685.28
SES-14026,2025-10-21,09:47:46,STN-MUM-02,Mumbai,SUV,CCS,67,100,117,29.72,Completed,None,Available,Paid,544.53
SES-14027,2025-10-21,20:57:51,STN-HYD-02,Hyderabad,Sedan,CHAdeMO,55,82,37,15.27,Completed,None,Available,Paid,266.23
SES-14028,2025-10-21,16:12:23,STN-VIJ-01,Vijayawada,Sedan,Type 2,19,56,51,20.13,Completed,None,Charging,Paid,346.70
SES-14029,2025-10-21,16:27:10,STN-DEL-02,Delhi,Sedan,CCS,51,100,69,26.96,Completed,None,Available,Paid,441.66
SES-14030,2025-10-21,19:55:24,STN-BLR-01,Bengaluru,Hatchback,CCS,77,100,31,8.71,Completed,None,Available,Paid,132.31
SES-14031,2025-10-21,21:24:01,STN-DEL-01,Delhi,SUV,Type 2,50,51,49,0.40,Failed,Station Offline,Maintenance,Failed,0.00
SES-14032,2025-10-21,19:12:32,STN-VIJ-01,Vijayawada,SUV,CHAdeMO,34,79,71,39.53,Completed,None,Charging,Paid,688.22
SES-14033,2025-10-21,19:23:26,STN-MUM-01,Mumbai,SUV,CCS,83,90,12,6.32,Completed,None,Available,Paid,108.36
SES-14034,2025-10-21,06:22:28,STN-HYD-01,Hyderabad,Sedan,CCS,24,87,80,37.79,Completed,None,Available,Paid,639.38
SES-14035,2025-10-21,17:29:25,STN-HYD-02,Hyderabad,Crossover,Type 2,61,65,72,1.60,Failed,Payment Failure,Maintenance,Failed,0.00
SES-14036,2025-10-21,23:02:48,STN-DEL-02,Delhi,Hatchback,CCS,53,68,29,6.54,Completed,None,Available,Paid,113.62
SES-14037,2025-10-22,10:39:43,STN-VIJ-01,Vijayawada,SUV,Type 2,60,62,116,0.80,Failed,Payment Failure,Maintenance,Failed,0.00
SES-14038,2025-10-22,19:43:58,STN-MUM-01,Mumbai,SUV,Type 2,60,100,80,35.88,Completed,None,Available,Paid,561.17
SES-14039,2025-10-22,19:14:16,STN-MUM-01,Mumbai,SUV,CCS,29,92,80,57.32,Completed,None,Charging,Paid,934.92
SES-14040,2025-10-22,07:51:57,STN-VIJ-01,Vijayawada,Sedan,CCS,13,78,102,37.21,Completed,None,Available,Paid,657.76
SES-14041,2025-10-22,18:03:12,STN-DEL-01,Delhi,Sedan,Type 2,26,48,35,13.02,Completed,None,Available,Paid,213.29
SES-14042,2025-10-22,14:45:58,STN-HYD-02,Hyderabad,SUV,Type 2,81,100,50,15.54,Completed,None,Charging,Paid,285.15
SES-14043,2025-10-22,19:32:32,STN-CHE-01,Chennai,Crossover,Type 2,41,47,12,4.48,Completed,None,Available,Paid,79.48
SES-14044,2025-10-22,22:00:53,STN-CHE-01,Chennai,Sedan,Type 2,32,65,52,19.61,Completed,None,Charging,Paid,313.72
SES-14045,2025-10-22,17:26:20,STN-HYD-01,Hyderabad,SUV,CCS,18,40,26,17.95,Completed,None,Available,Paid,291.12
SES-14046,2025-10-22,10:34:24,STN-BLR-02,Bengaluru,Sedan,Type 2,34,94,113,36.19,Completed,None,Available,Paid,577.35
SES-14047,2025-10-22,15:16:20,STN-PUN-01,Pune,Sedan,CCS,43,100,93,30.94,Completed,None,Charging,Paid,470.62
SES-14048,2025-10-22,09:02:03,STN-DEL-02,Delhi,SUV,Type 2,61,65,107,1.60,Failed,Station Offline,Maintenance,Failed,0.00
SES-14049,2025-10-22,20:27:06,STN-DEL-01,Delhi,Sedan,CCS,9,59,62,29.28,Completed,None,Charging,Paid,485.04
SES-14050,2025-10-22,07:23:42,STN-DEL-02,Delhi,Crossover,Type 2,16,64,61,32.35,Completed,None,Available,Paid,555.61
SES-14051,2025-10-22,22:12:43,STN-KOL-01,Kolkata,SUV,Type 2,39,69,42,24.04,Completed,None,Available,Paid,420.21
SES-14052,2025-10-22,12:18:50,STN-VSKP-01,Visakhapatnam,Sedan,Type 2,45,48,89,1.20,Failed,Station Offline,Maintenance,Failed,0.00
SES-14053,2025-10-23,23:51:21,STN-DEL-01,Delhi,SUV,Type 2,67,100,69,26.71,Completed,None,Available,Paid,410.74
SES-14054,2025-10-23,08:55:29,STN-CBE-01,Coimbatore,Hatchback,CCS,46,100,96,19.81,Completed,None,Available,Paid,336.55
SES-14055,2025-10-23,12:28:20,STN-CHE-01,Chennai,Sedan,CCS,69,100,77,17.39,Completed,None,Available,Paid,274.64
SES-14056,2025-10-23,18:36:47,STN-KOL-01,Kolkata,SUV,CCS,69,100,65,27.88,Completed,None,Available,Paid,493.89
SES-14057,2025-10-23,17:17:43,STN-DEL-01,Delhi,Hatchback,CHAdeMO,47,100,114,19.72,Completed,None,Charging,Paid,328.65
SES-14058,2025-10-23,07:36:47,STN-HYD-02,Hyderabad,Sedan,CCS,64,100,73,19.75,Completed,None,Charging,Paid,329.69
SES-14059,2025-10-23,16:22:33,STN-BLR-02,Bengaluru,Crossover,CCS,24,100,113,49.61,Completed,None,Available,Paid,886.94
SES-14060,2025-10-23,18:37:22,STN-HYD-01,Hyderabad,Sedan,CHAdeMO,67,100,106,19.42,Completed,None,Available,Paid,349.45
SES-14061,2025-10-23,09:03:29,STN-BLR-01,Bengaluru,Sedan,Type 2,28,40,17,5.95,Completed,None,Charging,Paid,98.24
SES-14062,2025-10-23,09:41:48,STN-CHE-01,Chennai,SUV,Type 2,79,100,78,19.04,Completed,None,Charging,Paid,335.30
SES-14063,2025-10-23,09:46:07,STN-BLR-01,Bengaluru,Sedan,CCS,76,100,42,13.40,Completed,None,Charging,Paid,242.22
SES-14064,2025-10-23,17:17:34,STN-VIJ-01,Vijayawada,Hatchback,Type 2,39,60,34,8.66,Completed,None,Charging,Paid,130.98
SES-14065,2025-10-24,18:31:55,STN-KOL-01,Kolkata,SUV,CCS,45,100,80,46.16,Completed,None,Charging,Paid,824.94
SES-14066,2025-10-24,18:12:26,STN-BLR-01,Bengaluru,Sedan,Type 2,20,100,120,44.12,Completed,None,Available,Paid,734.92
SES-14067,2025-10-24,08:35:25,STN-CBE-01,Coimbatore,Crossover,CCS,84,84,16,0.00,Failed,Charging Interrupted,Offline,Failed,0.00
SES-14068,2025-10-24,12:30:09,STN-KOL-01,Kolkata,Hatchback,Type 2,10,11,68,0.40,Failed,Network Error,Maintenance,Failed,0.00
SES-14069,2025-10-25,14:21:11,STN-KOL-01,Kolkata,SUV,CCS,24,25,42,0.40,Failed,Payment Failure,Maintenance,Failed,0.00
SES-14070,2025-10-25,07:32:52,STN-VSKP-01,Visakhapatnam,SUV,CCS,60,60,50,0.00,Failed,Payment Failure,Offline,Failed,0.00
SES-14071,2025-10-25,18:19:38,STN-MUM-02,Mumbai,Sedan,Type 2,79,100,42,11.76,Completed,None,Available,Paid,182.13
SES-14072,2025-10-25,07:58:12,STN-BLR-02,Bengaluru,Hatchback,CCS,12,44,38,11.61,Completed,None,Charging,Paid,199.38
SES-14073,2025-10-25,10:39:52,STN-PUN-01,Pune,Hatchback,CCS,88,100,117,4.73,Completed,None,Charging,Paid,85.97
SES-14074,2025-10-25,07:47:28,STN-MUM-01,Mumbai,Sedan,CCS,10,49,48,20.63,Completed,None,Available,Paid,323.36
SES-14075,2025-10-26,01:45:34,STN-HYD-02,Hyderabad,SUV,Type 2,12,51,66,32.92,Completed,None,Charging,Paid,585.04
SES-14076,2025-10-26,19:02:03,STN-DEL-01,Delhi,SUV,CCS,66,67,114,0.40,Failed,Connector Error,Maintenance,Failed,0.00
SES-14077,2025-10-26,10:09:51,STN-DEL-02,Delhi,Sedan,Type 2,18,98,105,45.91,Completed,None,Charging,Paid,770.41
SES-14078,2025-10-26,18:30:01,STN-PUN-01,Pune,Hatchback,Type 2,7,15,110,3.00,Cancelled,None,Available,Refunded,0.00
SES-14079,2025-10-26,04:04:36,STN-VSKP-01,Visakhapatnam,Sedan,Type 2,6,100,117,47.82,Completed,None,Charging,Paid,758.52
SES-14080,2025-10-26,07:32:03,STN-DEL-02,Delhi,Sedan,CCS,26,78,102,28.92,Completed,None,Available,Paid,509.20
SES-14081,2025-10-26,20:20:23,STN-HYD-01,Hyderabad,Sedan,Type 2,89,93,73,1.60,Failed,Charging Interrupted,Maintenance,Paid,28.65
SES-14082,2025-10-27,16:43:47,STN-HYD-01,Hyderabad,SUV,CCS,74,100,95,21.92,Completed,None,Available,Paid,334.96
SES-14083,2025-10-27,17:52:09,STN-HYD-02,Hyderabad,Sedan,CCS,75,100,75,12.63,Completed,None,Available,Paid,217.60
SES-14084,2025-10-27,08:49:01,STN-CBE-01,Coimbatore,Hatchback,Type 2,10,22,18,4.38,Completed,None,Available,Paid,79.87
SES-14085,2025-10-27,20:24:03,STN-DEL-01,Delhi,Hatchback,CHAdeMO,54,86,38,13.46,Completed,None,Charging,Paid,238.97
SES-14086,2025-10-27,19:16:43,STN-DEL-01,Delhi,Sedan,CCS,48,54,106,2.11,Cancelled,None,Available,Refunded,0.00
SES-14087,2025-10-27,12:08:04,STN-CHE-01,Chennai,Hatchback,CCS,12,66,83,20.99,Completed,None,Available,Paid,370.32
SES-14088,2025-10-27,18:20:08,STN-VIJ-01,Vijayawada,Hatchback,CHAdeMO,28,49,37,8.84,Completed,None,Charging,Paid,138.53
SES-14089,2025-10-27,17:54:07,STN-DEL-01,Delhi,Sedan,Type 2,31,32,119,0.40,Failed,Station Offline,Offline,Failed,0.00
SES-14090,2025-10-28,06:26:07,STN-MUM-01,Mumbai,Sedan,CCS,57,58,62,0.40,Failed,Connector Error,Offline,Paid,6.80
SES-14091,2025-10-28,12:27:22,STN-PUN-01,Pune,Sedan,CCS,55,87,55,17.70,Completed,None,Charging,Paid,273.26
SES-14092,2025-10-28,09:04:08,STN-KOL-01,Kolkata,Sedan,CCS,32,58,48,13.84,Completed,None,Charging,Paid,234.74
SES-14093,2025-10-28,18:03:38,STN-PUN-01,Pune,Hatchback,Type 2,63,100,85,16.19,Completed,None,Charging,Paid,270.89
SES-14094,2025-10-28,06:14:33,STN-VIJ-01,Vijayawada,SUV,CCS,73,100,67,23.30,Completed,None,Available,Paid,430.60
SES-14095,2025-10-28,03:47:06,STN-DEL-02,Delhi,Crossover,Type 2,87,100,95,9.35,Completed,None,Available,Paid,143.88
SES-14096,2025-10-28,00:55:38,STN-MUM-02,Mumbai,Hatchback,CHAdeMO,77,100,63,9.67,Completed,None,Available,Paid,165.15
SES-14097,2025-10-28,16:21:24,STN-HYD-02,Hyderabad,Sedan,CHAdeMO,29,41,15,7.11,Completed,None,Available,Paid,124.55
SES-14098,2025-10-28,16:19:38,STN-HYD-02,Hyderabad,Hatchback,Type 2,48,92,54,18.97,Completed,None,Charging,Paid,303.23
SES-14099,2025-10-28,18:00:14,STN-MUM-01,Mumbai,Sedan,CCS,51,83,49,16.79,Completed,None,Available,Paid,275.00
SES-14100,2025-10-28,06:39:56,STN-CBE-01,Coimbatore,Sedan,CCS,17,43,32,15.34,Completed,None,Charging,Paid,241.39
SES-14101,2025-10-28,07:41:33,STN-DEL-01,Delhi,SUV,Type 2,57,100,107,37.76,Completed,None,Charging,Paid,643.26
SES-14102,2025-10-28,15:30:50,STN-MUM-02,Mumbai,Sedan,CCS,57,97,51,20.30,Completed,None,Available,Paid,326.79
SES-14103,2025-10-28,07:00:21,STN-CHE-01,Chennai,Sedan,CCS,41,82,47,24.19,Completed,None,Available,Paid,382.58
SES-14104,2025-10-28,19:25:17,STN-CHE-01,Chennai,Hatchback,CCS,67,89,25,8.19,Completed,None,Charging,Paid,128.31
SES-14105,2025-10-28,20:00:42,STN-PUN-01,Pune,Hatchback,CHAdeMO,70,77,83,2.62,Cancelled,None,Maintenance,Refunded,0.00
SES-14106,2025-10-29,08:22:42,STN-MUM-01,Mumbai,Sedan,Type 2,44,48,56,1.60,Failed,Connector Error,Maintenance,Failed,0.00
SES-14107,2025-10-29,21:01:13,STN-BLR-01,Bengaluru,Sedan,CCS,82,100,30,8.97,Completed,None,Available,Paid,137.57
SES-14108,2025-10-29,10:17:15,STN-BLR-01,Bengaluru,SUV,CCS,65,68,83,1.20,Cancelled,None,Available,Refunded,0.00
SES-14109,2025-10-29,19:28:43,STN-DEL-01,Delhi,Hatchback,Type 2,10,53,84,15.63,Completed,None,Available,Paid,256.82
SES-14110,2025-10-29,13:02:13,STN-PUN-01,Pune,Sedan,Type 2,29,36,30,2.46,Cancelled,None,Maintenance,Refunded,0.00
SES-14111,2025-10-29,18:31:30,STN-MUM-01,Mumbai,Crossover,CCS,50,80,34,21.96,Completed,None,Available,Paid,350.96
SES-14112,2025-10-29,13:02:49,STN-VSKP-01,Visakhapatnam,Hatchback,CHAdeMO,35,36,70,0.40,Failed,Payment Failure,Maintenance,Failed,0.00
SES-14113,2025-10-29,15:23:00,STN-BLR-01,Bengaluru,SUV,Type 2,84,100,107,14.27,Completed,None,Charging,Paid,262.15
SES-14114,2025-10-29,22:36:26,STN-CBE-01,Coimbatore,Crossover,CHAdeMO,67,100,63,22.63,Completed,None,Available,Paid,403.47
SES-14115,2025-10-29,04:26:43,STN-BLR-02,Bengaluru,Crossover,Type 2,72,100,104,18.16,Completed,None,Charging,Paid,313.56
SES-14116,2025-10-29,19:29:31,STN-DEL-02,Delhi,Sedan,Type 2,43,93,100,29.29,Completed,None,Available,Paid,509.79
SES-14117,2025-10-29,08:06:33,STN-HYD-01,Hyderabad,Sedan,Type 2,84,100,98,9.23,Completed,None,Charging,Paid,148.90
SES-14118,2025-10-29,17:38:31,STN-DEL-02,Delhi,Hatchback,CCS,40,83,69,18.39,Completed,None,Available,Paid,304.77
SES-14119,2025-10-29,19:13:02,STN-VIJ-01,Vijayawada,Crossover,CCS,11,46,51,23.36,Completed,None,Charging,Paid,401.11
SES-14120,2025-10-29,17:42:35,STN-HYD-01,Hyderabad,Hatchback,Type 2,89,100,70,4.74,Completed,None,Available,Paid,72.08
SES-14121,2025-10-29,23:02:56,STN-BLR-02,Bengaluru,SUV,CCS,70,99,41,23.59,Completed,None,Charging,Paid,359.95
SES-14122,2025-10-29,08:46:39,STN-VIJ-01,Vijayawada,Hatchback,CCS,59,100,62,15.46,Completed,None,Available,Paid,275.57
SES-14123,2025-10-29,10:38:09,STN-BLR-02,Bengaluru,Sedan,Type 2,76,100,53,12.73,Completed,None,Charging,Paid,222.82
SES-14124,2025-10-29,18:45:54,STN-MUM-01,Mumbai,Crossover,Type 2,46,59,20,9.40,Completed,None,Available,Paid,170.67
SES-14125,2025-10-30,12:59:32,STN-MUM-02,Mumbai,SUV,CCS,31,60,56,26.69,Completed,None,Available,Paid,442.62
SES-14126,2025-10-30,08:26:37,STN-HYD-02,Hyderabad,Crossover,CCS,6,81,99,51.84,Completed,None,Available,Paid,871.39
SES-14127,2025-10-30,16:21:04,STN-BLR-01,Bengaluru,SUV,CCS,74,100,69,22.56,Completed,None,Charging,Paid,375.96
SES-14128,2025-10-30,08:34:08,STN-MUM-01,Mumbai,Crossover,CCS,8,35,45,17.61,Completed,None,Charging,Paid,267.05
SES-14129,2025-10-30,08:48:17,STN-MUM-02,Mumbai,Sedan,CHAdeMO,25,90,110,33.56,Completed,None,Available,Paid,547.01
SES-14130,2025-10-30,18:02:17,STN-HYD-02,Hyderabad,Hatchback,Type 2,5,46,69,14.77,Completed,None,Available,Paid,262.72
SES-14131,2025-10-30,16:06:32,STN-MUM-01,Mumbai,Crossover,CHAdeMO,42,73,42,19.96,Completed,None,Available,Paid,334.22
SES-14132,2025-10-30,22:44:21,STN-DEL-01,Delhi,SUV,CCS,64,100,106,29.29,Completed,None,Available,Paid,521.14
SES-14133,2025-10-30,07:50:08,STN-HYD-02,Hyderabad,Hatchback,CCS,80,100,51,8.49,Completed,None,Available,Paid,135.80
SES-14134,2025-10-30,12:11:51,STN-VIJ-01,Vijayawada,Sedan,Type 2,18,83,109,32.26,Completed,None,Charging,Paid,581.47
SES-14135,2025-10-30,08:49:39,STN-CBE-01,Coimbatore,SUV,CCS,83,97,22,11.96,Completed,None,Available,Paid,212.01
SES-14136,2025-10-30,02:39:53,STN-DEL-02,Delhi,Hatchback,CCS,86,99,23,4.80,Completed,None,Charging,Paid,72.81
SES-14137,2025-10-30,16:06:16,STN-HYD-02,Hyderabad,Sedan,CHAdeMO,21,23,67,0.80,Failed,Network Error,Maintenance,Failed,0.00
SES-14138,2025-10-30,05:49:23,STN-DEL-02,Delhi,Hatchback,Type 2,77,100,110,8.97,Completed,None,Charging,Paid,163.60
SES-14139,2025-10-30,06:27:18,STN-VIJ-01,Vijayawada,Hatchback,CCS,51,55,116,1.60,Failed,Network Error,Maintenance,Paid,28.10
SES-14140,2025-10-30,05:52:09,STN-CHE-01,Chennai,Sedan,Type 2,86,100,49,8.23,Completed,None,Available,Paid,150.06
SES-14141,2025-10-30,08:44:08,STN-HYD-01,Hyderabad,Sedan,CCS,60,98,74,22.30,Completed,None,Charging,Paid,394.49
SES-14142,2025-10-30,17:50:52,STN-DEL-02,Delhi,SUV,CHAdeMO,57,68,14,9.39,Completed,None,Charging,Paid,150.26
SES-14143,2025-10-30,09:34:17,STN-BLR-02,Bengaluru,Sedan,Type 2,22,50,39,16.12,Completed,None,Available,Paid,264.38
SES-14144,2025-10-30,20:04:24,STN-DEL-01,Delhi,Crossover,CCS,73,75,91,0.80,Failed,Charging Interrupted,Offline,Failed,0.00
SES-14145,2025-10-30,10:16:35,STN-VSKP-01,Visakhapatnam,Hatchback,CCS,52,88,54,14.84,Completed,None,Available,Paid,265.60
SES-14146,2025-10-31,04:31:20,STN-BLR-01,Bengaluru,SUV,Type 2,13,83,110,62.88,Completed,None,Available,Paid,957.02
SES-14147,2025-10-31,07:17:00,STN-CHE-01,Chennai,Sedan,CCS,58,91,67,19.36,Completed,None,Charging,Paid,329.06
SES-14148,2025-10-31,07:01:50,STN-CHE-01,Chennai,Hatchback,CHAdeMO,39,75,48,14.59,Completed,None,Charging,Paid,241.37
SES-14149,2025-10-31,18:33:35,STN-PUN-01,Pune,SUV,CHAdeMO,50,67,21,13.58,Completed,None,Available,Paid,243.38
SES-14150,2025-10-31,19:50:20,STN-MUM-01,Mumbai,Sedan,Type 2,5,6,43,0.50,Cancelled,None,Available,Refunded,0.00
SES-14151,2025-10-31,22:31:19,STN-MUM-01,Mumbai,SUV,Type 2,45,100,118,46.91,Completed,None,Charging,Paid,852.97
SES-14152,2025-10-31,18:35:38,STN-MUM-01,Mumbai,Hatchback,CCS,77,79,23,0.80,Failed,Connector Error,Offline,Failed,0.00
SES-14153,2025-10-31,18:21:56,STN-HYD-02,Hyderabad,Sedan,CCS,36,76,47,23.46,Completed,None,Charging,Paid,359.56
SES-14154,2025-10-31,08:09:55,STN-BLR-01,Bengaluru,SUV,Type 2,88,100,25,9.58,Completed,None,Available,Paid,152.49
SES-14155,2025-10-31,18:09:13,STN-HYD-01,Hyderabad,Crossover,CCS,81,100,115,13.86,Completed,None,Available,Paid,255.30
SES-14156,2025-10-31,19:51:53,STN-VSKP-01,Visakhapatnam,Sedan,Type 2,44,83,70,19.84,Completed,None,Available,Paid,348.42
SES-14157,2025-10-31,09:20:32,STN-VSKP-01,Visakhapatnam,Hatchback,CCS,15,50,68,13.78,Completed,None,Charging,Paid,221.39
SES-14158,2025-10-31,22:23:17,STN-DEL-02,Delhi,SUV,CCS,66,100,84,28.49,Completed,None,Available,Paid,470.62
SES-14159,2025-10-31,21:42:36,STN-VIJ-01,Vijayawada,Sedan,CCS,50,100,106,25.26,Completed,None,Available,Paid,389.13
SES-14160,2025-11-01,16:23:55,STN-KOL-01,Kolkata,Sedan,Type 2,52,96,88,23.48,Completed,None,Available,Paid,425.52
SES-14161,2025-11-01,19:21:03,STN-MUM-01,Mumbai,Sedan,CCS,47,48,115,0.50,Cancelled,None,Maintenance,Refunded,0.00
SES-14162,2025-11-01,09:01:07,STN-CHE-01,Chennai,Sedan,CCS,55,100,83,22.38,Completed,None,Available,Paid,396.24
SES-14163,2025-11-01,20:37:42,STN-DEL-02,Delhi,Sedan,CCS,65,66,76,0.40,Failed,Network Error,Offline,Failed,0.00
SES-14164,2025-11-01,08:27:09,STN-BLR-01,Bengaluru,Sedan,CCS,46,61,20,8.14,Completed,None,Available,Paid,146.62
SES-14165,2025-11-01,19:33:02,STN-CHE-01,Chennai,Sedan,Type 2,30,46,20,9.39,Completed,None,Available,Paid,161.54
SES-14166,2025-11-01,06:41:09,STN-BLR-02,Bengaluru,Hatchback,Type 2,15,35,25,7.62,Completed,None,Available,Paid,114.35
SES-14167,2025-11-01,13:57:20,STN-BLR-01,Bengaluru,Hatchback,CCS,29,29,47,0.00,Failed,Connector Error,Maintenance,Failed,0.00
SES-14168,2025-11-01,08:02:04,STN-HYD-02,Hyderabad,Hatchback,CCS,44,72,39,11.26,Completed,None,Charging,Paid,181.24
SES-14169,2025-11-01,07:48:07,STN-MUM-01,Mumbai,SUV,CHAdeMO,29,30,50,0.50,Cancelled,None,Maintenance,Refunded,0.00
SES-14170,2025-11-01,07:31:05,STN-MUM-02,Mumbai,Crossover,Type 2,88,94,10,4.46,Completed,None,Charging,Paid,82.11
SES-14171,2025-11-01,13:20:06,STN-DEL-01,Delhi,Sedan,CCS,79,100,47,12.30,Completed,None,Available,Paid,204.38
SES-14172,2025-11-01,07:38:53,STN-CHE-01,Chennai,Sedan,CCS,78,100,118,11.35,Completed,None,Available,Paid,194.48
SES-14173,2025-11-01,17:08:27,STN-PUN-01,Pune,Sedan,CCS,56,100,107,22.86,Completed,None,Available,Paid,420.55
SES-14174,2025-11-01,01:06:46,STN-PUN-01,Pune,Hatchback,CCS,7,51,69,18.87,Completed,None,Charging,Paid,320.90
SES-14175,2025-11-01,11:49:09,STN-KOL-01,Kolkata,Hatchback,Type 2,43,46,28,1.20,Failed,Payment Failure,Offline,Failed,0.00
SES-14176,2025-11-01,11:32:06,STN-DEL-01,Delhi,SUV,CCS,39,43,107,1.60,Failed,Network Error,Maintenance,Failed,0.00
SES-14177,2025-11-01,16:43:45,STN-HYD-01,Hyderabad,SUV,Type 2,44,93,68,41.83,Completed,None,Charging,Paid,656.17
SES-14178,2025-11-02,10:12:15,STN-HYD-01,Hyderabad,Hatchback,CCS,89,90,109,0.50,Cancelled,None,Available,Refunded,0.00
SES-14179,2025-11-02,20:04:51,STN-DEL-01,Delhi,Sedan,CCS,26,70,77,24.86,Completed,None,Charging,Paid,425.54
SES-14180,2025-11-02,16:37:49,STN-MUM-02,Mumbai,SUV,Type 2,66,81,19,13.85,Completed,None,Charging,Paid,240.69
SES-14181,2025-11-02,10:55:55,STN-HYD-02,Hyderabad,SUV,CCS,23,30,26,2.32,Cancelled,None,Maintenance,Refunded,0.00
SES-14182,2025-11-02,23:25:58,STN-BLR-01,Bengaluru,Sedan,Type 2,18,86,89,38.42,Completed,None,Charging,Paid,669.86
SES-14183,2025-11-02,18:50:25,STN-MUM-02,Mumbai,Sedan,Type 2,54,100,94,23.61,Completed,None,Charging,Paid,397.27
SES-14184,2025-11-02,17:54:00,STN-DEL-02,Delhi,Hatchback,CHAdeMO,66,69,101,1.20,Failed,Network Error,Offline,Failed,0.00
SES-14185,2025-11-02,06:03:20,STN-MUM-01,Mumbai,SUV,CCS,47,97,81,42.66,Completed,None,Available,Paid,757.60
SES-14186,2025-11-03,20:50:52,STN-HYD-01,Hyderabad,Sedan,CCS,59,84,38,15.12,Completed,None,Charging,Paid,272.43
SES-14187,2025-11-03,12:48:02,STN-CBE-01,Coimbatore,SUV,CCS,44,56,15,9.87,Completed,None,Available,Paid,178.87
SES-14188,2025-11-03,18:28:22,STN-CHE-01,Chennai,Crossover,CCS,16,81,103,48.64,Completed,None,Available,Paid,797.69
SES-14189,2025-11-03,17:51:40,STN-HYD-01,Hyderabad,SUV,CCS,69,100,75,26.52,Completed,None,Available,Paid,410.73
SES-14190,2025-11-03,13:06:56,STN-PUN-01,Pune,Sedan,CCS,38,100,120,36.59,Completed,None,Available,Paid,637.92
SES-14191,2025-11-03,08:48:21,STN-CHE-01,Chennai,SUV,CCS,87,100,72,11.76,Completed,None,Charging,Paid,185.95
SES-14192,2025-11-03,16:11:03,STN-DEL-02,Delhi,SUV,CCS,27,57,40,25.01,Completed,None,Available,Paid,407.66
SES-14193,2025-11-03,13:36:30,STN-DEL-02,Delhi,Sedan,Type 2,75,100,34,14.60,Completed,None,Available,Paid,252.00
SES-14194,2025-11-03,14:44:25,STN-MUM-01,Mumbai,Sedan,Type 2,11,83,96,40.03,Completed,None,Charging,Paid,722.02
SES-14195,2025-11-03,22:39:32,STN-BLR-02,Bengaluru,SUV,CCS,69,70,116,0.40,Failed,Network Error,Maintenance,Failed,0.00
SES-14196,2025-11-03,07:04:27,STN-PUN-01,Pune,SUV,Type 2,22,47,30,21.83,Completed,None,Available,Paid,362.20
SES-14197,2025-11-04,22:16:54,STN-DEL-01,Delhi,Sedan,CCS,12,15,25,1.20,Failed,Charging Interrupted,Offline,Failed,0.00
SES-14198,2025-11-04,20:08:01,STN-HYD-01,Hyderabad,Hatchback,CCS,46,48,13,0.80,Failed,Network Error,Offline,Paid,13.00
SES-14199,2025-11-04,20:50:51,STN-VSKP-01,Visakhapatnam,Crossover,CCS,5,100,116,68.94,Completed,None,Available,Paid,"1,141.64"
SES-14200,2025-11-04,18:06:29,STN-MUM-01,Mumbai,Crossover,Type 2,83,100,55,11.23,Completed,None,Available,Paid,200.41
SES-14201,2025-11-04,17:50:50,STN-MUM-01,Mumbai,Hatchback,CCS,19,22,17,1.20,Failed,Network Error,Offline,Failed,0.00
SES-14202,2025-11-04,20:09:45,STN-BLR-02,Bengaluru,SUV,CCS,32,40,15,2.66,Cancelled,None,Available,Refunded,0.00
SES-14203,2025-11-04,15:46:25,STN-DEL-02,Delhi,Hatchback,CHAdeMO,40,80,62,16.90,Completed,None,Available,Paid,254.64
SES-14204,2025-11-04,06:56:37,STN-PUN-01,Pune,Hatchback,CCS,50,100,73,18.64,Completed,None,Charging,Paid,308.65
SES-14205,2025-11-04,06:24:05,STN-CHE-01,Chennai,Hatchback,CHAdeMO,81,100,100,8.09,Completed,None,Available,Paid,143.91
SES-14206,2025-11-04,08:55:02,STN-KOL-01,Kolkata,Sedan,CCS,25,64,60,20.25,Completed,None,Available,Paid,370.86
SES-14207,2025-11-04,11:47:07,STN-KOL-01,Kolkata,Sedan,Type 2,53,100,109,23.57,Completed,None,Available,Paid,358.66
SES-14208,2025-11-04,14:39:16,STN-PUN-01,Pune,Crossover,Type 2,43,100,109,37.49,Completed,None,Charging,Paid,620.89
SES-14209,2025-11-05,19:40:11,STN-CBE-01,Coimbatore,Crossover,Type 2,42,100,72,41.41,Completed,None,Charging,Paid,744.72
SES-14210,2025-11-05,08:50:35,STN-VSKP-01,Visakhapatnam,SUV,CHAdeMO,13,14,97,0.50,Cancelled,None,Available,Refunded,0.00
SES-14211,2025-11-05,09:24:28,STN-CBE-01,Coimbatore,Crossover,Type 2,24,28,15,1.60,Failed,Payment Failure,Offline,Failed,0.00
SES-14212,2025-11-05,03:03:13,STN-PUN-01,Pune,Hatchback,CCS,88,100,71,4.54,Completed,None,Available,Paid,69.71
SES-14213,2025-11-05,17:16:01,STN-VIJ-01,Vijayawada,SUV,Type 2,12,14,116,0.80,Failed,Network Error,Maintenance,Failed,0.00
SES-14214,2025-11-05,23:09:06,STN-HYD-01,Hyderabad,SUV,Type 2,18,50,42,28.00,Completed,None,Available,Paid,508.04
SES-14215,2025-11-05,05:13:15,STN-CHE-01,Chennai,SUV,CCS,66,72,11,5.59,Completed,None,Available,Paid,87.92
SES-14216,2025-11-05,21:03:28,STN-MUM-02,Mumbai,SUV,CHAdeMO,88,100,50,10.22,Completed,None,Charging,Paid,176.97
SES-14217,2025-11-05,07:05:00,STN-CHE-01,Chennai,Crossover,CCS,39,54,25,11.02,Completed,None,Charging,Paid,168.71
SES-14218,2025-11-05,06:00:50,STN-MUM-01,Mumbai,SUV,CCS,59,100,111,37.37,Completed,None,Charging,Paid,570.08
SES-14219,2025-11-05,22:56:02,STN-BLR-02,Bengaluru,Hatchback,CCS,49,83,68,14.04,Completed,None,Charging,Paid,235.03
SES-14220,2025-11-05,19:38:20,STN-PUN-01,Pune,Hatchback,Type 2,25,38,18,5.53,Completed,None,Available,Paid,96.68
SES-14221,2025-11-06,16:31:32,STN-CHE-01,Chennai,Sedan,Type 2,57,100,78,24.19,Completed,None,Available,Paid,420.87
SES-14222,2025-11-06,17:29:53,STN-MUM-01,Mumbai,Sedan,Type 2,58,72,19,7.21,Completed,None,Available,Paid,133.17
SES-14223,2025-11-06,16:22:54,STN-BLR-01,Bengaluru,Hatchback,CCS,90,100,103,4.32,Completed,None,Available,Paid,70.90
SES-14224,2025-11-06,19:11:16,STN-DEL-02,Delhi,Sedan,Type 2,47,61,16,7.51,Completed,None,Charging,Paid,128.38
SES-14225,2025-11-06,12:09:34,STN-BLR-02,Bengaluru,Hatchback,CHAdeMO,10,76,102,25.82,Completed,None,Charging,Paid,460.67
SES-14226,2025-11-06,06:51:28,STN-KOL-01,Kolkata,Sedan,CCS,59,62,75,1.20,Failed,Payment Failure,Maintenance,Failed,0.00
SES-14227,2025-11-06,11:00:09,STN-HYD-02,Hyderabad,SUV,Type 2,48,72,29,21.92,Completed,None,Available,Paid,389.88
SES-14228,2025-11-06,10:01:48,STN-KOL-01,Kolkata,Sedan,CCS,72,100,72,15.80,Completed,None,Charging,Paid,267.15
SES-14229,2025-11-06,07:21:25,STN-DEL-01,Delhi,Sedan,CCS,8,16,13,4.77,Completed,None,Charging,Paid,74.94
SES-14230,2025-11-06,06:20:30,STN-MUM-01,Mumbai,Sedan,Type 2,67,89,37,11.73,Completed,None,Available,Paid,194.05
SES-14231,2025-11-06,18:42:05,STN-PUN-01,Pune,Crossover,CCS,62,100,81,28.44,Completed,None,Available,Paid,443.82
SES-14232,2025-11-06,11:32:06,STN-BLR-02,Bengaluru,SUV,Type 2,58,82,44,19.05,Completed,None,Charging,Paid,317.76
SES-14233,2025-11-06,17:10:55,STN-DEL-02,Delhi,Crossover,Type 2,85,91,11,4.58,Completed,None,Available,Paid,76.97
SES-14234,2025-11-06,11:50:01,STN-CHE-01,Chennai,Crossover,CCS,42,69,50,20.68,Completed,None,Available,Paid,360.87
SES-14235,2025-11-06,23:35:51,STN-VIJ-01,Vijayawada,Crossover,CCS,64,89,37,18.90,Completed,None,Charging,Paid,305.64
SES-14236,2025-11-06,12:38:43,STN-VIJ-01,Vijayawada,SUV,CHAdeMO,56,100,84,40.81,Completed,None,Charging,Paid,665.61
SES-14237,2025-11-06,18:09:05,STN-VSKP-01,Visakhapatnam,Hatchback,CCS,33,97,109,27.07,Completed,None,Available,Paid,437.34
SES-14238,2025-11-06,09:53:45,STN-BLR-01,Bengaluru,Sedan,Type 2,44,51,82,2.59,Cancelled,None,Available,Refunded,0.00
SES-14239,2025-11-06,01:42:09,STN-HYD-02,Hyderabad,Sedan,CHAdeMO,75,100,111,13.04,Completed,None,Charging,Paid,223.38
SES-14240,2025-11-07,12:52:31,STN-DEL-02,Delhi,Hatchback,CHAdeMO,12,19,10,2.94,Completed,None,Charging,Paid,51.03
SES-14241,2025-11-07,14:02:55,STN-BLR-01,Bengaluru,Sedan,Type 2,39,65,36,15.15,Completed,None,Charging,Paid,259.34
SES-14242,2025-11-07,20:16:26,STN-KOL-01,Kolkata,Crossover,CCS,86,100,76,10.10,Completed,None,Charging,Paid,161.12
SES-14243,2025-11-07,17:18:11,STN-KOL-01,Kolkata,Hatchback,CCS,20,20,48,0.00,Failed,Charging Interrupted,Offline,Failed,0.00
SES-14244,2025-11-07,11:23:26,STN-DEL-01,Delhi,SUV,CCS,22,83,82,50.55,Completed,None,Charging,Paid,845.92
SES-14245,2025-11-07,16:14:46,STN-BLR-02,Bengaluru,Sedan,Type 2,63,97,49,18.83,Completed,None,Available,Paid,298.63
SES-14246,2025-11-07,17:43:33,STN-MUM-02,Mumbai,Hatchback,CCS,38,64,37,9.97,Completed,None,Available,Paid,178.81
SES-14247,2025-11-07,20:40:31,STN-HYD-01,Hyderabad,SUV,Type 2,8,81,94,62.96,Completed,None,Charging,Paid,973.55
SES-14248,2025-11-07,07:52:57,STN-CBE-01,Coimbatore,Hatchback,Type 2,73,76,101,1.20,Failed,Network Error,Offline,Failed,0.00
SES-14249,2025-11-07,17:41:06,STN-BLR-02,Bengaluru,SUV,CCS,82,100,118,13.90,Completed,None,Charging,Paid,254.30
SES-14250,2025-11-07,10:29:36,STN-VSKP-01,Visakhapatnam,Sedan,CCS,69,87,33,9.91,Completed,None,Charging,Paid,169.66
SES-14251,2025-11-07,14:04:02,STN-HYD-02,Hyderabad,Sedan,Type 2,65,100,91,18.58,Completed,None,Available,Paid,338.11
SES-14252,2025-11-07,12:09:04,STN-MUM-02,Mumbai,Sedan,CCS,90,100,60,5.70,Completed,None,Available,Paid,95.34
SES-14253,2025-11-07,20:17:24,STN-MUM-02,Mumbai,Sedan,Type 2,50,92,65,21.55,Completed,None,Available,Paid,371.97
SES-14254,2025-11-08,22:20:01,STN-DEL-01,Delhi,Sedan,CHAdeMO,25,96,82,40.20,Completed,None,Available,Paid,626.50
SES-14255,2025-11-08,00:22:31,STN-VIJ-01,Vijayawada,Sedan,CHAdeMO,81,100,35,9.90,Completed,None,Available,Paid,154.18
SES-14256,2025-11-08,05:29:18,STN-VSKP-01,Visakhapatnam,Hatchback,Type 2,42,100,97,21.25,Completed,None,Available,Paid,391.37
SES-14257,2025-11-08,07:17:52,STN-HYD-01,Hyderabad,SUV,Type 2,77,100,61,19.75,Completed,None,Available,Paid,363.55
SES-14258,2025-11-08,04:32:51,STN-MUM-02,Mumbai,Sedan,Type 2,90,98,15,4.50,Completed,None,Available,Paid,75.66
SES-14259,2025-11-08,07:53:43,STN-MUM-01,Mumbai,SUV,CCS,85,87,68,0.72,Cancelled,None,Available,Refunded,0.00
SES-14260,2025-11-08,07:50:27,STN-DEL-02,Delhi,SUV,Type 2,64,77,21,11.80,Completed,None,Available,Paid,211.70
SES-14261,2025-11-08,19:55:38,STN-MUM-02,Mumbai,SUV,CCS,40,80,72,31.75,Completed,None,Charging,Paid,557.28
SES-14262,2025-11-08,18:18:30,STN-MUM-02,Mumbai,SUV,CCS,10,45,45,28.93,Completed,None,Available,Paid,487.50
SES-14263,2025-11-08,22:23:04,STN-DEL-02,Delhi,SUV,Type 2,43,56,18,10.46,Completed,None,Available,Paid,187.30
SES-14264,2025-11-08,19:00:32,STN-CHE-01,Chennai,Sedan,CHAdeMO,33,100,83,35.67,Completed,None,Available,Paid,594.46
SES-14265,2025-11-08,20:49:55,STN-DEL-01,Delhi,SUV,Type 2,31,70,76,33.65,Completed,None,Available,Paid,518.78
SES-14266,2025-11-08,17:58:27,STN-MUM-02,Mumbai,Sedan,CCS,73,96,38,12.81,Completed,None,Available,Paid,208.57
SES-14267,2025-11-09,00:11:08,STN-MUM-02,Mumbai,SUV,CCS,13,73,80,54.75,Completed,None,Charging,Paid,959.17
SES-14268,2025-11-09,21:10:32,STN-VIJ-01,Vijayawada,Hatchback,CCS,28,32,99,1.52,Cancelled,None,Maintenance,Refunded,0.00
SES-14269,2025-11-09,08:56:41,STN-CBE-01,Coimbatore,SUV,CCS,67,79,17,10.31,Completed,None,Available,Paid,164.83
SES-14270,2025-11-09,22:30:51,STN-HYD-01,Hyderabad,Hatchback,CHAdeMO,23,63,52,15.03,Completed,None,Available,Paid,247.65
SES-14271,2025-11-09,11:37:31,STN-BLR-01,Bengaluru,Hatchback,CCS,34,99,86,25.88,Completed,None,Charging,Paid,412.01
SES-14272,2025-11-09,19:07:25,STN-CBE-01,Coimbatore,Sedan,CCS,62,88,44,12.95,Completed,None,Charging,Paid,238.93
SES-14273,2025-11-09,18:40:19,STN-CBE-01,Coimbatore,Crossover,Type 2,44,100,92,40.04,Completed,None,Available,Paid,602.26
SES-14274,2025-11-09,17:08:07,STN-CHE-01,Chennai,Sedan,CCS,72,100,119,14.57,Completed,None,Available,Paid,264.35
SES-14275,2025-11-09,15:33:23,STN-PUN-01,Pune,Crossover,Type 2,36,61,31,16.34,Completed,None,Available,Paid,273.64
SES-14276,2025-11-09,19:40:44,STN-CHE-01,Chennai,Sedan,Type 2,69,100,89,16.21,Completed,None,Charging,Paid,258.79
SES-14277,2025-11-09,18:26:20,STN-DEL-02,Delhi,Sedan,Type 2,38,100,88,36.40,Completed,None,Available,Paid,629.41
SES-14278,2025-11-09,19:34:20,STN-HYD-01,Hyderabad,SUV,CCS,89,100,75,9.15,Completed,None,Available,Paid,154.45
SES-14279,2025-11-09,16:47:15,STN-DEL-01,Delhi,Crossover,CCS,35,36,111,0.50,Cancelled,None,Available,Refunded,0.00
SES-14280,2025-11-09,21:25:51,STN-BLR-02,Bengaluru,Sedan,CCS,63,87,30,12.68,Completed,None,Available,Paid,222.11
SES-14281,2025-11-09,18:32:20,STN-HYD-01,Hyderabad,Hatchback,Type 2,82,100,103,7.80,Completed,None,Charging,Paid,132.09
SES-14282,2025-11-09,20:38:33,STN-VIJ-01,Vijayawada,Hatchback,CCS,30,80,80,20.55,Completed,None,Charging,Paid,365.78
SES-14283,2025-11-09,16:59:14,STN-HYD-02,Hyderabad,Sedan,CCS,26,100,104,43.35,Completed,None,Available,Paid,763.44
SES-14284,2025-11-09,14:23:55,STN-DEL-02,Delhi,SUV,CHAdeMO,38,38,50,0.00,Failed,Network Error,Maintenance,Failed,0.00
SES-14285,2025-11-09,08:00:00,STN-BLR-01,Bengaluru,SUV,CCS,17,61,50,39.18,Completed,None,Charging,Paid,720.87
SES-14286,2025-11-09,13:19:47,STN-KOL-01,Kolkata,Sedan,Type 2,59,100,58,21.12,Completed,None,Available,Paid,332.31
SES-14287,2025-11-09,08:25:50,STN-HYD-02,Hyderabad,Hatchback,Type 2,12,70,108,23.57,Completed,None,Charging,Paid,363.63
SES-14288,2025-11-09,21:24:09,STN-HYD-02,Hyderabad,Crossover,Type 2,66,76,13,6.99,Completed,None,Charging,Paid,108.92
SES-14289,2025-11-09,20:06:11,STN-DEL-01,Delhi,Hatchback,CHAdeMO,26,95,107,27.91,Completed,None,Available,Paid,435.10
SES-14290,2025-11-09,17:16:04,STN-PUN-01,Pune,Crossover,CCS,60,100,74,27.68,Completed,None,Charging,Paid,474.56
SES-14291,2025-11-10,16:33:47,STN-BLR-02,Bengaluru,Sedan,Type 2,88,100,19,6.63,Completed,None,Charging,Paid,118.54
SES-14292,2025-11-10,18:34:54,STN-VSKP-01,Visakhapatnam,Sedan,Type 2,25,100,103,37.85,Completed,None,Available,Paid,665.04
SES-14293,2025-11-10,12:49:49,STN-MUM-02,Mumbai,Hatchback,CCS,53,100,105,18.93,Completed,None,Available,Paid,335.15
SES-14294,2025-11-10,23:59:18,STN-MUM-01,Mumbai,Hatchback,CCS,10,69,76,24.50,Completed,None,Available,Paid,446.95
SES-14295,2025-11-10,04:04:18,STN-MUM-02,Mumbai,Sedan,CCS,39,43,19,1.55,Cancelled,None,Maintenance,Refunded,0.00
SES-14296,2025-11-10,22:04:51,STN-KOL-01,Kolkata,SUV,CCS,31,100,82,61.41,Completed,None,Charging,Paid,"1,087.94"
SES-14297,2025-11-10,17:46:11,STN-HYD-02,Hyderabad,Hatchback,Type 2,88,100,26,5.00,Completed,None,Charging,Paid,88.08
SES-14298,2025-11-10,08:11:17,STN-CBE-01,Coimbatore,Sedan,CHAdeMO,44,48,120,1.60,Failed,Station Offline,Offline,Failed,0.00
SES-14299,2025-11-10,07:47:42,STN-CBE-01,Coimbatore,Sedan,Type 2,18,20,76,0.80,Failed,Station Offline,Maintenance,Paid,13.23
SES-14300,2025-11-10,19:32:48,STN-CHE-01,Chennai,Hatchback,CCS,78,100,100,8.95,Completed,None,Available,Paid,161.37
SES-14301,2025-11-10,18:56:28,STN-MUM-01,Mumbai,Crossover,CCS,56,100,62,29.93,Completed,None,Available,Paid,462.81
SES-14302,2025-11-10,13:24:23,STN-DEL-01,Delhi,Hatchback,Type 2,83,100,44,7.14,Completed,None,Available,Paid,118.16
SES-14303,2025-11-10,14:58:37,STN-BLR-02,Bengaluru,Hatchback,CCS,44,51,13,3.02,Completed,None,Available,Paid,50.52
SES-14304,2025-11-10,19:36:59,STN-KOL-01,Kolkata,Sedan,Type 2,47,90,77,25.55,Completed,None,Available,Paid,419.01
SES-14305,2025-11-10,17:57:10,STN-DEL-01,Delhi,Hatchback,Type 2,62,100,105,15.04,Completed,None,Available,Paid,277.98
SES-14306,2025-11-10,17:06:49,STN-DEL-02,Delhi,Sedan,Type 2,7,100,111,53.13,Completed,None,Available,Paid,850.41
SES-14307,2025-11-10,05:52:09,STN-BLR-01,Bengaluru,Crossover,CCS,19,32,20,8.86,Completed,None,Charging,Paid,133.31
SES-14308,2025-11-10,01:35:47,STN-HYD-02,Hyderabad,SUV,CCS,49,91,53,37.39,Completed,None,Available,Paid,630.95
SES-14309,2025-11-10,11:43:39,STN-VIJ-01,Vijayawada,SUV,CCS,15,64,69,42.40,Completed,None,Charging,Paid,667.27
SES-14310,2025-11-11,22:05:36,STN-CHE-01,Chennai,Hatchback,CCS,43,100,112,23.56,Completed,None,Available,Paid,383.70
SES-14311,2025-11-11,19:57:03,STN-DEL-01,Delhi,Sedan,CHAdeMO,23,100,118,41.55,Completed,None,Charging,Paid,708.55
SES-14312,2025-11-11,21:16:30,STN-MUM-01,Mumbai,Crossover,CCS,83,83,79,0.00,Failed,Network Error,Maintenance,Paid,0.00
SES-14313,2025-11-11,07:25:27,STN-HYD-02,Hyderabad,SUV,CCS,24,77,71,46.54,Completed,None,Charging,Paid,728.38
SES-14314,2025-11-11,15:11:36,STN-BLR-02,Bengaluru,Sedan,Type 2,90,100,108,5.31,Completed,None,Available,Paid,88.59
SES-14315,2025-11-11,18:49:19,STN-CHE-01,Chennai,Sedan,CCS,75,100,119,14.11,Completed,None,Charging,Paid,251.67
SES-14316,2025-11-11,20:14:37,STN-PUN-01,Pune,Hatchback,Type 2,60,89,41,10.97,Completed,None,Available,Paid,191.89
SES-14317,2025-11-11,01:49:31,STN-PUN-01,Pune,Hatchback,CCS,82,100,55,6.49,Completed,None,Available,Paid,114.78
SES-14318,2025-11-11,16:35:32,STN-MUM-01,Mumbai,Sedan,CHAdeMO,8,31,32,12.88,Completed,None,Available,Paid,201.06
SES-14319,2025-11-11,14:49:45,STN-KOL-01,Kolkata,Sedan,CHAdeMO,13,15,115,0.80,Failed,Connector Error,Offline,Failed,0.00
SES-14320,2025-11-12,09:46:26,STN-BLR-01,Bengaluru,Crossover,Type 2,29,56,46,18.63,Completed,None,Charging,Paid,297.80
SES-14321,2025-11-12,18:55:30,STN-PUN-01,Pune,Sedan,CCS,51,55,99,1.60,Failed,Network Error,Maintenance,Failed,0.00
SES-14322,2025-11-12,19:53:06,STN-HYD-02,Hyderabad,SUV,CCS,53,100,107,43.40,Completed,None,Available,Paid,668.20
SES-14323,2025-11-12,08:53:00,STN-CBE-01,Coimbatore,SUV,Type 2,31,100,111,63.14,Completed,None,Charging,Paid,"1,109.44"
SES-14324,2025-11-12,07:35:11,STN-BLR-02,Bengaluru,Hatchback,Type 2,32,77,84,18.07,Completed,None,Charging,Paid,275.65
SES-14325,2025-11-12,17:24:29,STN-BLR-01,Bengaluru,SUV,Type 2,66,71,67,1.85,Cancelled,None,Maintenance,Refunded,0.00
SES-14326,2025-11-12,18:28:30,STN-MUM-02,Mumbai,SUV,CCS,20,100,94,68.68,Completed,None,Charging,Paid,"1,255.11"
SES-14327,2025-11-12,10:18:53,STN-BLR-02,Bengaluru,Crossover,CCS,50,78,52,20.86,Completed,None,Charging,Paid,321.30
SES-14328,2025-11-12,10:40:58,STN-VSKP-01,Visakhapatnam,Sedan,CHAdeMO,79,100,97,12.35,Completed,None,Available,Paid,203.68
SES-14329,2025-11-12,11:07:14,STN-HYD-02,Hyderabad,Sedan,CCS,50,66,24,9.60,Completed,None,Charging,Paid,146.74
SES-14330,2025-11-12,19:38:21,STN-HYD-02,Hyderabad,Sedan,CCS,44,82,76,20.56,Completed,None,Charging,Paid,342.31
SES-14331,2025-11-12,11:01:35,STN-VSKP-01,Visakhapatnam,Crossover,CCS,87,93,11,3.93,Completed,None,Available,Paid,68.27
SES-14332,2025-11-12,13:02:55,STN-DEL-02,Delhi,Hatchback,Type 2,38,82,80,18.65,Completed,None,Charging,Paid,297.80
SES-14333,2025-11-12,16:01:34,STN-BLR-01,Bengaluru,Sedan,CCS,14,21,14,3.64,Completed,None,Charging,Paid,59.25
SES-14334,2025-11-12,19:04:01,STN-BLR-02,Bengaluru,Hatchback,CCS,5,59,62,22.57,Completed,None,Available,Paid,367.53
SES-14335,2025-11-12,19:19:33,STN-BLR-01,Bengaluru,SUV,CCS,70,100,54,23.52,Completed,None,Available,Paid,361.43
SES-14336,2025-11-13,06:55:54,STN-MUM-01,Mumbai,Crossover,CCS,90,100,113,7.51,Completed,None,Charging,Paid,131.88
SES-14337,2025-11-13,21:24:19,STN-VSKP-01,Visakhapatnam,Sedan,Type 2,21,83,102,31.59,Completed,None,Available,Paid,536.62
SES-14338,2025-11-13,17:13:59,STN-HYD-01,Hyderabad,Hatchback,CCS,51,55,50,1.60,Failed,Payment Failure,Maintenance,Failed,0.00
SES-14339,2025-11-13,15:42:42,STN-BLR-01,Bengaluru,SUV,CCS,28,78,72,41.80,Completed,None,Available,Paid,677.25
SES-14340,2025-11-13,09:11:47,STN-VIJ-01,Vijayawada,Sedan,Type 2,54,100,105,24.58,Completed,None,Available,Paid,421.03
SES-14341,2025-11-13,17:01:53,STN-PUN-01,Pune,Hatchback,CCS,89,100,103,4.22,Completed,None,Available,Paid,71.00
SES-14342,2025-11-13,21:29:46,STN-CBE-01,Coimbatore,Sedan,CCS,33,76,81,24.89,Completed,None,Charging,Paid,444.88
SES-14343,2025-11-13,14:37:44,STN-VIJ-01,Vijayawada,Hatchback,CHAdeMO,82,100,41,7.35,Completed,None,Available,Paid,134.93
SES-14344,2025-11-13,06:41:23,STN-CBE-01,Coimbatore,Hatchback,CHAdeMO,76,100,115,9.85,Completed,None,Available,Paid,177.85
SES-14345,2025-11-13,11:36:56,STN-HYD-02,Hyderabad,SUV,CCS,90,99,11,8.15,Completed,None,Available,Paid,140.87
SES-14346,2025-11-14,09:38:10,STN-DEL-02,Delhi,Sedan,CCS,17,29,19,6.23,Completed,None,Available,Paid,100.40
SES-14347,2025-11-14,13:52:15,STN-MUM-02,Mumbai,Crossover,CCS,68,100,52,24.07,Completed,None,Available,Paid,429.00
SES-14348,2025-11-14,23:54:54,STN-DEL-02,Delhi,Sedan,Type 2,32,63,52,18.00,Completed,None,Charging,Paid,301.97
SES-14349,2025-11-14,17:53:46,STN-BLR-02,Bengaluru,SUV,Type 2,9,89,110,63.31,Completed,None,Charging,Paid,"1,156.75"
SES-14350,2025-11-14,14:58:04,STN-MUM-01,Mumbai,Hatchback,CCS,78,100,119,8.78,Completed,None,Available,Paid,138.98
SES-14351,2025-11-14,09:44:17,STN-MUM-01,Mumbai,Crossover,Type 2,13,17,76,1.60,Failed,Charging Interrupted,Offline,Failed,0.00
SES-14352,2025-11-14,19:54:29,STN-MUM-02,Mumbai,SUV,CCS,18,45,32,21.71,Completed,None,Available,Paid,329.49
SES-14353,2025-11-14,09:29:54,STN-VIJ-01,Vijayawada,Sedan,CCS,14,91,107,46.26,Completed,None,Charging,Paid,775.82
SES-14354,2025-11-14,10:04:40,STN-BLR-01,Bengaluru,Hatchback,CCS,37,97,91,22.24,Completed,None,Charging,Paid,376.38
SES-14355,2025-11-14,10:26:15,STN-CBE-01,Coimbatore,Sedan,CCS,79,100,106,11.93,Completed,None,Available,Paid,189.54
SES-14356,2025-11-14,12:35:20,STN-VIJ-01,Vijayawada,Sedan,CHAdeMO,44,46,106,0.71,Cancelled,None,Maintenance,Refunded,0.00
SES-14357,2025-11-14,08:39:44,STN-BLR-01,Bengaluru,Crossover,Type 2,10,60,69,36.96,Completed,None,Available,Paid,561.56
SES-14358,2025-11-14,08:19:44,STN-BLR-02,Bengaluru,SUV,CCS,21,86,90,51.40,Completed,None,Available,Paid,812.50
SES-14359,2025-11-14,06:04:53,STN-CBE-01,Coimbatore,Sedan,CCS,40,50,15,5.00,Completed,None,Charging,Paid,86.29
SES-14360,2025-11-14,21:31:05,STN-KOL-01,Kolkata,SUV,Type 2,74,93,22,15.38,Completed,None,Available,Paid,271.62
SES-14361,2025-11-14,08:36:12,STN-BLR-02,Bengaluru,Sedan,CCS,65,85,30,11.94,Completed,None,Available,Paid,206.38
SES-14362,2025-11-14,17:24:12,STN-CHE-01,Chennai,Sedan,CCS,78,82,104,1.60,Failed,Payment Failure,Offline,Failed,0.00
SES-14363,2025-11-14,17:19:54,STN-BLR-01,Bengaluru,Sedan,Type 2,53,97,67,25.51,Completed,None,Available,Paid,415.94
SES-14364,2025-11-14,14:08:20,STN-KOL-01,Kolkata,Hatchback,CCS,73,100,94,10.28,Completed,None,Available,Paid,186.87
SES-14365,2025-11-14,09:19:14,STN-BLR-02,Bengaluru,Hatchback,CCS,87,100,106,4.89,Completed,None,Charging,Paid,86.10
SES-14366,2025-11-15,09:41:10,STN-MUM-01,Mumbai,SUV,CCS,75,100,37,19.18,Completed,None,Charging,Paid,322.89
SES-14367,2025-11-15,16:10:26,STN-HYD-01,Hyderabad,Sedan,CCS,28,89,79,36.14,Completed,None,Charging,Paid,559.02
SES-14368,2025-11-15,16:33:37,STN-HYD-02,Hyderabad,Hatchback,Type 2,55,68,17,5.51,Completed,None,Available,Paid,88.12
SES-14369,2025-11-15,08:52:00,STN-BLR-01,Bengaluru,SUV,CCS,46,47,86,0.50,Cancelled,None,Maintenance,Refunded,0.00
SES-14370,2025-11-15,20:27:13,STN-CHE-01,Chennai,SUV,Type 2,23,100,107,65.62,Completed,None,Charging,Paid,"1,105.02"
SES-14371,2025-11-15,19:57:53,STN-HYD-02,Hyderabad,Hatchback,CCS,66,66,67,0.00,Failed,Network Error,Maintenance,Paid,0.00
SES-14372,2025-11-15,05:14:37,STN-PUN-01,Pune,SUV,Type 2,79,81,49,0.80,Failed,Station Offline,Maintenance,Failed,0.00
SES-14373,2025-11-15,07:56:58,STN-HYD-01,Hyderabad,SUV,CCS,71,100,95,23.05,Completed,None,Available,Paid,351.32
SES-14374,2025-11-15,19:07:18,STN-DEL-02,Delhi,Crossover,Type 2,34,41,10,4.65,Completed,None,Available,Paid,76.16
SES-14375,2025-11-15,15:28:40,STN-BLR-01,Bengaluru,SUV,Type 2,42,100,86,54.06,Completed,None,Charging,Paid,906.46
SES-14376,2025-11-15,11:12:26,STN-CBE-01,Coimbatore,SUV,Type 2,10,66,74,47.83,Completed,None,Charging,Paid,799.69
SES-14377,2025-11-15,16:25:52,STN-VSKP-01,Visakhapatnam,SUV,Type 2,26,28,19,0.80,Failed,Connector Error,Maintenance,Failed,0.00
SES-14378,2025-11-15,07:47:08,STN-DEL-02,Delhi,Sedan,CCS,15,52,69,22.30,Completed,None,Charging,Paid,389.45
SES-14379,2025-11-15,11:31:51,STN-CHE-01,Chennai,Hatchback,CHAdeMO,76,100,78,10.54,Completed,None,Available,Paid,164.22
SES-14380,2025-11-16,20:50:31,STN-CBE-01,Coimbatore,Hatchback,Type 2,33,51,29,6.94,Completed,None,Available,Paid,105.89
SES-14381,2025-11-16,17:13:55,STN-BLR-01,Bengaluru,Sedan,Type 2,12,66,71,30.68,Completed,None,Available,Paid,494.04
SES-14382,2025-11-16,16:12:42,STN-KOL-01,Kolkata,Sedan,Type 2,84,98,22,7.48,Completed,None,Charging,Paid,135.31
SES-14383,2025-11-16,08:50:41,STN-CHE-01,Chennai,Crossover,CCS,39,75,67,26.91,Completed,None,Available,Paid,434.20
SES-14384,2025-11-16,11:25:17,STN-DEL-01,Delhi,SUV,CCS,76,100,46,19.21,Completed,None,Available,Paid,318.06
SES-14385,2025-11-16,06:56:06,STN-CHE-01,Chennai,Sedan,Type 2,76,86,19,5.67,Completed,None,Available,Paid,85.46
SES-14386,2025-11-16,18:47:15,STN-BLR-02,Bengaluru,Sedan,CHAdeMO,49,57,12,4.52,Completed,None,Charging,Paid,68.79
SES-14387,2025-11-16,16:59:32,STN-VSKP-01,Visakhapatnam,SUV,CCS,37,41,43,1.60,Failed,Network Error,Maintenance,Failed,0.00
SES-14388,2025-11-16,09:02:37,STN-BLR-02,Bengaluru,Sedan,Type 2,9,31,43,11.59,Completed,None,Charging,Paid,206.14
SES-14389,2025-11-16,11:03:41,STN-DEL-02,Delhi,Sedan,Type 2,66,86,39,11.84,Completed,None,Available,Paid,198.10
SES-14390,2025-11-16,11:50:16,STN-DEL-01,Delhi,Hatchback,CHAdeMO,41,45,46,1.60,Failed,Network Error,Maintenance,Paid,28.50
SES-14391,2025-11-16,17:19:13,STN-VIJ-01,Vijayawada,Hatchback,CCS,21,78,77,23.60,Completed,None,Charging,Paid,404.02
SES-14392,2025-11-16,19:26:42,STN-CBE-01,Coimbatore,Sedan,CCS,26,55,43,15.87,Completed,None,Available,Paid,266.07
SES-14393,2025-11-16,07:29:07,STN-CHE-01,Chennai,Sedan,CCS,82,100,41,9.51,Completed,None,Available,Paid,169.38
SES-14394,2025-11-16,18:59:09,STN-KOL-01,Kolkata,SUV,Type 2,36,100,94,56.84,Completed,None,Available,Paid,855.35
SES-14395,2025-11-16,23:39:53,STN-PUN-01,Pune,Sedan,CHAdeMO,18,75,67,33.27,Completed,None,Available,Paid,506.24
SES-14396,2025-11-16,19:20:38,STN-DEL-02,Delhi,SUV,Type 2,24,92,114,63.04,Completed,None,Available,Paid,"1,103.40"
SES-14397,2025-11-16,20:59:43,STN-HYD-02,Hyderabad,Sedan,CHAdeMO,26,42,33,8.03,Completed,None,Charging,Paid,132.04
SES-14398,2025-11-17,17:08:19,STN-BLR-02,Bengaluru,Sedan,Type 2,34,48,18,8.29,Completed,None,Available,Paid,140.92
SES-14399,2025-11-17,18:35:41,STN-HYD-02,Hyderabad,SUV,Type 2,58,99,50,31.97,Completed,None,Available,Paid,522.06
SES-14400,2025-11-17,06:08:21,STN-VIJ-01,Vijayawada,Crossover,CCS,37,55,33,12.54,Completed,None,Available,Paid,227.20
SES-14401,2025-11-17,21:08:36,STN-KOL-01,Kolkata,Sedan,CCS,9,27,34,9.11,Completed,None,Charging,Paid,167.89
SES-14402,2025-11-17,18:07:41,STN-HYD-02,Hyderabad,Sedan,CCS,22,58,45,18.81,Completed,None,Charging,Paid,288.51
SES-14403,2025-11-17,02:12:19,STN-KOL-01,Kolkata,Sedan,CCS,67,79,17,7.07,Completed,None,Charging,Paid,110.61
SES-14404,2025-11-17,16:43:36,STN-DEL-01,Delhi,SUV,CCS,50,51,114,0.40,Failed,Connector Error,Maintenance,Failed,0.00
SES-14405,2025-11-17,08:30:24,STN-DEL-02,Delhi,Hatchback,CCS,11,13,102,0.80,Failed,Station Offline,Maintenance,Failed,0.00
SES-14406,2025-11-17,19:38:20,STN-KOL-01,Kolkata,SUV,CCS,33,100,98,56.34,Completed,None,Available,Paid,"1,021.66"
SES-14407,2025-11-17,18:41:41,STN-MUM-01,Mumbai,Hatchback,CCS,61,100,68,16.78,Completed,None,Available,Paid,285.20
SES-14408,2025-11-17,18:07:31,STN-DEL-02,Delhi,Sedan,CCS,51,56,44,1.66,Cancelled,None,Available,Refunded,0.00
SES-14409,2025-11-17,23:48:12,STN-MUM-01,Mumbai,Hatchback,Type 2,13,13,47,0.00,Failed,Network Error,Maintenance,Failed,0.00
SES-14410,2025-11-17,12:23:49,STN-CHE-01,Chennai,Sedan,Type 2,63,100,101,21.43,Completed,None,Charging,Paid,363.55
SES-14411,2025-11-17,08:39:25,STN-MUM-01,Mumbai,Sedan,Type 2,75,100,92,13.24,Completed,None,Charging,Paid,243.91
SES-14412,2025-11-17,11:56:54,STN-BLR-01,Bengaluru,Sedan,Type 2,75,96,41,12.47,Completed,None,Charging,Paid,212.59
SES-14413,2025-11-17,09:32:51,STN-VSKP-01,Visakhapatnam,Sedan,Type 2,47,56,110,3.21,Cancelled,None,Available,Refunded,0.00
SES-14414,2025-11-17,09:34:11,STN-CHE-01,Chennai,SUV,CHAdeMO,63,100,60,33.31,Completed,None,Charging,Paid,599.44
SES-14415,2025-11-18,18:44:30,STN-VIJ-01,Vijayawada,SUV,CCS,10,28,37,14.24,Completed,None,Available,Paid,242.01
SES-14416,2025-11-18,16:51:33,STN-MUM-01,Mumbai,Hatchback,CCS,57,91,65,14.49,Completed,None,Available,Paid,267.68
SES-14417,2025-11-18,09:45:38,STN-PUN-01,Pune,Sedan,CCS,68,100,108,18.67,Completed,None,Charging,Paid,300.07
SES-14418,2025-11-18,17:31:42,STN-HYD-02,Hyderabad,SUV,Type 2,8,18,17,8.78,Completed,None,Available,Paid,150.11
SES-14419,2025-11-18,13:19:05,STN-CBE-01,Coimbatore,Sedan,CCS,5,37,50,16.93,Completed,None,Charging,Paid,299.95
SES-14420,2025-11-18,19:48:28,STN-CHE-01,Chennai,SUV,CCS,74,98,32,18.55,Completed,None,Charging,Paid,284.56
SES-14421,2025-11-18,09:16:30,STN-HYD-02,Hyderabad,Sedan,CCS,35,80,63,23.76,Completed,None,Available,Paid,363.89
SES-14422,2025-11-18,06:37:56,STN-MUM-02,Mumbai,Sedan,Type 2,69,100,113,17.00,Completed,None,Available,Paid,292.44
SES-14423,2025-11-18,05:01:11,STN-DEL-02,Delhi,SUV,Type 2,73,100,119,21.30,Completed,None,Charging,Paid,375.33
SES-14424,2025-11-18,18:55:45,STN-MUM-01,Mumbai,Hatchback,CCS,23,25,32,0.80,Failed,Network Error,Offline,Failed,0.00
SES-14425,2025-11-19,20:52:57,STN-CBE-01,Coimbatore,Hatchback,CCS,73,100,41,10.46,Completed,None,Available,Paid,170.76
SES-14426,2025-11-19,08:34:47,STN-HYD-02,Hyderabad,Sedan,Type 2,73,86,19,7.65,Completed,None,Available,Paid,117.28
SES-14427,2025-11-19,13:14:44,STN-MUM-01,Mumbai,Sedan,Type 2,53,57,90,1.60,Failed,Payment Failure,Offline,Failed,0.00
SES-14428,2025-11-19,08:16:03,STN-VSKP-01,Visakhapatnam,Sedan,CCS,35,66,44,16.48,Completed,None,Charging,Paid,283.08
SES-14429,2025-11-19,19:58:21,STN-HYD-02,Hyderabad,SUV,Type 2,64,100,108,29.22,Completed,None,Available,Paid,447.31
SES-14430,2025-11-19,18:14:59,STN-VIJ-01,Vijayawada,SUV,CCS,75,100,72,19.37,Completed,None,Available,Paid,308.87
SES-14431,2025-11-19,18:21:27,STN-PUN-01,Pune,Sedan,CCS,83,100,76,9.39,Completed,None,Available,Paid,168.26
SES-14432,2025-11-19,23:59:56,STN-KOL-01,Kolkata,SUV,CCS,59,98,45,34.00,Completed,None,Available,Paid,555.40
SES-14433,2025-11-19,18:35:08,STN-HYD-01,Hyderabad,SUV,CHAdeMO,81,100,102,15.89,Completed,None,Charging,Paid,254.24
SES-14434,2025-11-19,08:44:19,STN-PUN-01,Pune,SUV,CCS,80,82,58,0.80,Failed,Payment Failure,Maintenance,Failed,0.00
SES-14435,2025-11-19,11:27:50,STN-VSKP-01,Visakhapatnam,Sedan,CCS,87,100,55,7.24,Completed,None,Available,Paid,122.77
SES-14436,2025-11-19,18:15:10,STN-BLR-02,Bengaluru,SUV,CHAdeMO,81,100,36,14.90,Completed,None,Available,Paid,256.66
SES-14437,2025-11-19,18:32:09,STN-MUM-01,Mumbai,Sedan,Type 2,42,65,40,11.77,Completed,None,Charging,Paid,185.33
SES-14438,2025-11-19,08:34:42,STN-PUN-01,Pune,Hatchback,Type 2,37,72,43,14.85,Completed,None,Available,Paid,264.18
SES-14439,2025-11-20,07:39:26,STN-BLR-01,Bengaluru,Hatchback,CCS,10,60,85,19.70,Completed,None,Available,Paid,296.12
SES-14440,2025-11-20,13:45:05,STN-MUM-01,Mumbai,Sedan,CCS,17,100,110,44.67,Completed,None,Available,Paid,808.94
SES-14441,2025-11-20,09:06:09,STN-DEL-01,Delhi,Sedan,CHAdeMO,81,100,68,11.14,Completed,None,Available,Paid,191.79
SES-14442,2025-11-20,13:28:41,STN-VSKP-01,Visakhapatnam,Sedan,Type 2,81,100,63,9.93,Completed,None,Available,Paid,176.48
SES-14443,2025-11-20,21:58:50,STN-DEL-02,Delhi,SUV,Type 2,24,75,98,42.06,Completed,None,Available,Paid,749.79
SES-14444,2025-11-20,05:43:14,STN-DEL-02,Delhi,Crossover,CHAdeMO,41,100,75,39.94,Completed,None,Available,Paid,674.58
SES-14445,2025-11-20,06:11:24,STN-BLR-02,Bengaluru,Sedan,Type 2,49,78,39,17.28,Completed,None,Charging,Paid,272.95
SES-14446,2025-11-20,17:04:03,STN-KOL-01,Kolkata,Hatchback,CCS,77,100,117,9.77,Completed,None,Available,Paid,174.08
SES-14447,2025-11-20,02:40:56,STN-VSKP-01,Visakhapatnam,SUV,CCS,85,100,82,13.78,Completed,None,Available,Paid,229.86
SES-14448,2025-11-20,15:52:02,STN-BLR-01,Bengaluru,Hatchback,CCS,63,81,32,7.36,Completed,None,Charging,Paid,113.02
SES-14449,2025-11-20,07:16:59,STN-BLR-02,Bengaluru,Hatchback,CCS,56,69,18,5.64,Completed,None,Charging,Paid,87.95
SES-14450,2025-11-20,10:23:10,STN-CHE-01,Chennai,Hatchback,CHAdeMO,22,72,93,19.18,Completed,None,Available,Paid,293.16
SES-14451,2025-11-20,11:22:31,STN-MUM-01,Mumbai,SUV,CCS,29,32,64,1.20,Failed,Network Error,Offline,Failed,0.00
SES-14452,2025-11-20,18:40:18,STN-BLR-01,Bengaluru,Hatchback,CHAdeMO,83,88,10,2.00,Completed,None,Charging,Paid,30.07
SES-14453,2025-11-20,21:50:01,STN-MUM-02,Mumbai,Sedan,Type 2,5,43,65,19.99,Completed,None,Available,Paid,307.07
SES-14454,2025-11-20,18:20:34,STN-KOL-01,Kolkata,Crossover,CHAdeMO,45,76,48,22.24,Completed,None,Charging,Paid,356.77
SES-14455,2025-11-21,06:26:23,STN-HYD-02,Hyderabad,SUV,CHAdeMO,22,84,96,47.85,Completed,None,Charging,Paid,823.97
SES-14456,2025-11-21,02:45:32,STN-DEL-01,Delhi,SUV,Type 2,5,21,27,13.08,Completed,None,Charging,Paid,231.03
SES-14457,2025-11-21,08:16:45,STN-MUM-01,Mumbai,Crossover,Type 2,43,71,51,19.15,Completed,None,Charging,Paid,317.57
SES-14458,2025-11-21,08:07:39,STN-DEL-01,Delhi,Hatchback,Type 2,78,100,105,8.51,Completed,None,Available,Paid,149.84
SES-14459,2025-11-21,18:05:03,STN-BLR-01,Bengaluru,Hatchback,Type 2,35,100,120,26.61,Completed,None,Available,Paid,455.97
SES-14460,2025-11-21,11:30:24,STN-HYD-02,Hyderabad,Sedan,Type 2,75,100,82,15.03,Completed,None,Available,Paid,225.84
SES-14461,2025-11-21,07:51:34,STN-BLR-02,Bengaluru,Crossover,Type 2,42,89,84,31.31,Completed,None,Available,Paid,496.51
SES-14462,2025-11-21,05:04:35,STN-MUM-01,Mumbai,Hatchback,CCS,12,73,74,23.66,Completed,None,Available,Paid,358.36
SES-14463,2025-11-21,19:51:13,STN-HYD-02,Hyderabad,SUV,CCS,38,98,84,54.47,Completed,None,Available,Paid,896.84
SES-14464,2025-11-21,20:07:33,STN-DEL-01,Delhi,Crossover,CCS,77,80,42,1.20,Failed,Network Error,Maintenance,Failed,0.00
SES-14465,2025-11-21,09:28:35,STN-CBE-01,Coimbatore,Sedan,CCS,31,57,39,14.75,Completed,None,Available,Paid,232.49
SES-14466,2025-11-21,17:28:04,STN-HYD-01,Hyderabad,Sedan,CCS,45,56,14,5.61,Completed,None,Available,Paid,84.87
SES-14467,2025-11-21,17:59:51,STN-BLR-01,Bengaluru,SUV,Type 2,11,53,59,32.80,Completed,None,Available,Paid,587.59
SES-14468,2025-11-21,16:11:51,STN-KOL-01,Kolkata,Sedan,Type 2,36,39,74,1.20,Failed,Charging Interrupted,Offline,Failed,0.00
SES-14469,2025-11-21,21:16:33,STN-VSKP-01,Visakhapatnam,Hatchback,CCS,77,82,19,1.99,Cancelled,None,Maintenance,Refunded,0.00
SES-14470,2025-11-22,19:16:58,STN-KOL-01,Kolkata,Sedan,Type 2,85,100,69,8.08,Completed,None,Available,Paid,146.58
SES-14471,2025-11-22,17:21:37,STN-BLR-01,Bengaluru,Sedan,CHAdeMO,20,21,86,0.50,Cancelled,None,Available,Refunded,0.00
SES-14472,2025-11-22,10:28:49,STN-VIJ-01,Vijayawada,SUV,Type 2,6,26,36,17.76,Completed,None,Charging,Paid,282.64
SES-14473,2025-11-22,08:41:04,STN-DEL-01,Delhi,SUV,Type 2,47,100,81,44.77,Completed,None,Charging,Paid,691.86
SES-14474,2025-11-22,17:54:20,STN-DEL-01,Delhi,Sedan,CCS,35,39,37,1.60,Failed,Connector Error,Offline,Failed,0.00
SES-14475,2025-11-22,07:53:46,STN-CHE-01,Chennai,Sedan,CCS,84,100,54,8.48,Completed,None,Charging,Paid,144.30
SES-14476,2025-11-22,17:22:03,STN-BLR-02,Bengaluru,SUV,Type 2,51,100,61,41.86,Completed,None,Available,Paid,629.72
SES-14477,2025-11-22,01:00:14,STN-DEL-01,Delhi,Hatchback,CCS,37,75,75,14.40,Completed,None,Charging,Paid,223.63
SES-14478,2025-11-22,18:13:58,STN-VSKP-01,Visakhapatnam,Hatchback,CCS,89,100,71,4.84,Completed,None,Charging,Paid,74.44
SES-14479,2025-11-22,13:59:33,STN-VIJ-01,Vijayawada,Sedan,CHAdeMO,21,81,85,30.90,Completed,None,Available,Paid,467.76
SES-14480,2025-11-22,09:48:05,STN-VSKP-01,Visakhapatnam,SUV,Type 2,58,59,100,0.40,Failed,Network Error,Maintenance,Failed,0.00
SES-14481,2025-11-22,19:04:06,STN-PUN-01,Pune,Sedan,CCS,58,100,86,21.78,Completed,None,Available,Paid,399.06
SES-14482,2025-11-22,12:50:53,STN-VSKP-01,Visakhapatnam,SUV,CCS,55,56,69,0.40,Failed,Network Error,Maintenance,Failed,0.00
SES-14483,2025-11-22,19:42:26,STN-KOL-01,Kolkata,Crossover,CCS,56,100,95,30.55,Completed,None,Available,Paid,557.77
SES-14484,2025-11-23,18:02:57,STN-DEL-02,Delhi,SUV,CCS,11,44,49,26.05,Completed,None,Charging,Paid,472.36
SES-14485,2025-11-23,16:39:16,STN-DEL-02,Delhi,SUV,Type 2,58,71,24,10.01,Completed,None,Available,Paid,168.87
SES-14486,2025-11-23,18:36:57,STN-MUM-01,Mumbai,Sedan,CCS,15,19,104,1.41,Cancelled,None,Available,Refunded,0.00
SES-14487,2025-11-23,19:22:58,STN-MUM-02,Mumbai,Crossover,Type 2,66,78,16,8.72,Completed,None,Available,Paid,154.29
SES-14488,2025-11-23,08:37:58,STN-VIJ-01,Vijayawada,SUV,Type 2,34,64,48,23.38,Completed,None,Charging,Paid,403.29
SES-14489,2025-11-23,14:37:52,STN-MUM-01,Mumbai,SUV,Type 2,86,100,60,12.17,Completed,None,Available,Paid,224.49
SES-14490,2025-11-23,09:49:22,STN-CHE-01,Chennai,SUV,Type 2,61,100,108,32.75,Completed,None,Charging,Paid,575.17
SES-14491,2025-11-23,09:16:36,STN-HYD-02,Hyderabad,Sedan,CCS,50,58,16,4.50,Completed,None,Available,Paid,78.04
SES-14492,2025-11-23,23:54:04,STN-MUM-02,Mumbai,Hatchback,Type 2,84,95,21,4.43,Completed,None,Available,Paid,78.49
SES-14493,2025-11-23,23:51:48,STN-HYD-02,Hyderabad,Sedan,Type 2,74,89,23,8.61,Completed,None,Charging,Paid,159.04
SES-14494,2025-11-24,08:09:53,STN-DEL-02,Delhi,Hatchback,Type 2,70,100,43,11.20,Completed,None,Charging,Paid,198.82
SES-14495,2025-11-24,17:47:16,STN-DEL-02,Delhi,SUV,CCS,59,85,48,24.25,Completed,None,Charging,Paid,395.16
SES-14496,2025-11-24,09:43:40,STN-DEL-02,Delhi,Sedan,CCS,62,100,82,20.88,Completed,None,Available,Paid,357.28
SES-14497,2025-11-24,23:45:57,STN-DEL-01,Delhi,Sedan,CCS,14,67,73,28.60,Completed,None,Available,Paid,516.23
SES-14498,2025-11-24,07:51:05,STN-CHE-01,Chennai,Hatchback,Type 2,8,11,106,1.00,Cancelled,None,Available,Refunded,0.00
SES-14499,2025-11-24,17:57:22,STN-PUN-01,Pune,Sedan,Type 2,78,94,21,8.17,Completed,None,Available,Paid,143.95
SES-14500,2025-11-24,21:18:53,STN-VIJ-01,Vijayawada,Sedan,Type 2,77,99,43,11.51,Completed,None,Available,Paid,178.63
SES-14501,2025-11-24,17:43:51,STN-VSKP-01,Visakhapatnam,Sedan,Type 2,66,91,36,12.80,Completed,None,Charging,Paid,205.02
SES-14502,2025-11-24,17:02:13,STN-VIJ-01,Vijayawada,Hatchback,CCS,47,74,31,11.46,Completed,None,Available,Paid,189.85
SES-14503,2025-11-24,12:50:59,STN-VIJ-01,Vijayawada,Hatchback,Type 2,46,68,27,7.93,Completed,None,Available,Paid,133.77
SES-14504,2025-11-24,15:48:14,STN-MUM-01,Mumbai,Hatchback,CCS,28,69,55,14.77,Completed,None,Available,Paid,261.08
SES-14505,2025-11-24,20:03:14,STN-HYD-02,Hyderabad,SUV,CCS,9,35,53,20.80,Completed,None,Available,Paid,373.81
SES-14506,2025-11-24,19:07:48,STN-VIJ-01,Vijayawada,SUV,Type 2,72,91,27,14.82,Completed,None,Charging,Paid,230.39
SES-14507,2025-11-24,22:06:52,STN-HYD-01,Hyderabad,Sedan,CCS,81,100,46,11.16,Completed,None,Charging,Paid,174.83
SES-14508,2025-11-24,14:11:47,STN-KOL-01,Kolkata,Sedan,CCS,49,50,16,0.40,Failed,Network Error,Maintenance,Failed,0.00
SES-14509,2025-11-25,15:58:46,STN-MUM-01,Mumbai,Hatchback,Type 2,63,100,77,15.16,Completed,None,Available,Paid,241.65
SES-14510,2025-11-25,17:48:02,STN-BLR-01,Bengaluru,Hatchback,CHAdeMO,69,100,118,11.43,Completed,None,Charging,Paid,202.93
SES-14511,2025-11-25,10:05:30,STN-BLR-02,Bengaluru,Hatchback,CCS,67,69,89,0.80,Failed,Network Error,Offline,Failed,0.00
SES-14512,2025-11-25,16:06:42,STN-MUM-02,Mumbai,SUV,CCS,79,100,95,18.10,Completed,None,Available,Paid,333.40
SES-14513,2025-11-25,07:16:54,STN-HYD-02,Hyderabad,Hatchback,CCS,71,100,69,12.25,Completed,None,Available,Paid,184.28
SES-14514,2025-11-25,19:55:52,STN-CHE-01,Chennai,Crossover,CHAdeMO,53,91,57,25.92,Completed,None,Available,Paid,405.43
SES-14515,2025-11-25,19:26:39,STN-KOL-01,Kolkata,Sedan,CCS,81,100,60,10.98,Completed,None,Charging,Paid,172.41
SES-14516,2025-11-25,19:07:20,STN-DEL-02,Delhi,Sedan,CCS,36,100,109,33.37,Completed,None,Available,Paid,577.84
SES-14517,2025-11-26,18:20:02,STN-BLR-01,Bengaluru,SUV,CCS,54,100,93,40.11,Completed,None,Charging,Paid,639.01
SES-14518,2025-11-26,19:26:45,STN-BLR-02,Bengaluru,Sedan,CCS,62,100,104,20.42,Completed,None,Available,Paid,309.99
SES-14519,2025-11-26,05:56:32,STN-HYD-02,Hyderabad,Hatchback,CCS,56,100,61,17.21,Completed,None,Charging,Paid,283.18
SES-14520,2025-11-26,07:27:43,STN-PUN-01,Pune,Sedan,CCS,27,29,106,0.80,Failed,Network Error,Maintenance,Failed,0.00
SES-14521,2025-11-26,15:52:00,STN-DEL-02,Delhi,SUV,CCS,34,79,86,39.94,Completed,None,Charging,Paid,736.78
SES-14522,2025-11-26,20:16:14,STN-HYD-02,Hyderabad,SUV,CCS,74,100,61,20.30,Completed,None,Available,Paid,362.07
SES-14523,2025-11-26,09:15:03,STN-CBE-01,Coimbatore,SUV,Type 2,75,100,93,20.44,Completed,None,Charging,Paid,313.25
SES-14524,2025-11-26,15:45:24,STN-HYD-01,Hyderabad,Sedan,CHAdeMO,34,34,63,0.00,Failed,Network Error,Maintenance,Failed,0.00
SES-14525,2025-11-26,19:08:01,STN-HYD-01,Hyderabad,Crossover,CCS,41,85,50,33.34,Completed,None,Available,Paid,615.33
SES-14526,2025-11-26,06:09:08,STN-VIJ-01,Vijayawada,Sedan,Type 2,52,92,51,21.04,Completed,None,Available,Paid,378.79
SES-14527,2025-11-26,09:23:18,STN-CHE-01,Chennai,Hatchback,Type 2,36,100,111,24.92,Completed,None,Available,Paid,425.45
SES-14528,2025-11-26,06:48:09,STN-HYD-01,Hyderabad,Hatchback,CCS,74,100,31,10.16,Completed,None,Available,Paid,172.54
SES-14529,2025-11-26,12:27:37,STN-PUN-01,Pune,Sedan,CCS,39,81,48,21.11,Completed,None,Available,Paid,365.69
SES-14530,2025-11-27,14:58:49,STN-CHE-01,Chennai,Crossover,Type 2,80,100,32,14.86,Completed,None,Available,Paid,240.61
SES-14531,2025-11-27,12:00:59,STN-VIJ-01,Vijayawada,SUV,CCS,72,100,57,22.83,Completed,None,Available,Paid,351.68
SES-14532,2025-11-27,11:51:09,STN-CBE-01,Coimbatore,SUV,Type 2,36,39,42,1.20,Failed,Network Error,Maintenance,Failed,0.00
SES-14533,2025-11-27,10:14:22,STN-VIJ-01,Vijayawada,SUV,CCS,63,63,50,0.00,Failed,Connector Error,Maintenance,Failed,0.00
SES-14534,2025-11-27,20:09:55,STN-CBE-01,Coimbatore,SUV,CCS,39,65,39,20.13,Completed,None,Available,Paid,322.14
SES-14535,2025-11-27,21:38:04,STN-MUM-02,Mumbai,Sedan,Type 2,20,86,87,33.28,Completed,None,Charging,Paid,604.01
SES-14536,2025-11-27,20:41:56,STN-KOL-01,Kolkata,Hatchback,Type 2,83,100,56,6.67,Completed,None,Charging,Paid,123.09
SES-14537,2025-11-27,16:07:21,STN-PUN-01,Pune,SUV,CHAdeMO,56,100,109,38.03,Completed,None,Charging,Paid,580.76
SES-14538,2025-11-27,09:47:11,STN-CHE-01,Chennai,Sedan,Type 2,70,76,66,1.96,Cancelled,None,Maintenance,Refunded,0.00
SES-14539,2025-11-27,09:47:09,STN-PUN-01,Pune,Hatchback,CCS,10,58,81,18.93,Completed,None,Charging,Paid,289.07
SES-14540,2025-11-27,18:25:34,STN-VIJ-01,Vijayawada,Hatchback,Type 2,18,75,66,23.08,Completed,None,Available,Paid,367.97
SES-14541,2025-11-27,19:30:18,STN-HYD-01,Hyderabad,SUV,Type 2,33,100,120,60.50,Completed,None,Available,Paid,967.60
SES-14542,2025-11-27,16:05:14,STN-CBE-01,Coimbatore,Sedan,Type 2,30,90,71,31.35,Completed,None,Charging,Paid,534.28
SES-14543,2025-11-27,18:44:53,STN-VIJ-01,Vijayawada,SUV,CCS,22,100,95,60.02,Completed,None,Available,Paid,"1,057.27"
SES-14544,2025-11-28,18:52:01,STN-MUM-02,Mumbai,Sedan,CCS,8,13,66,1.79,Cancelled,None,Available,Refunded,0.00
SES-14545,2025-11-28,08:43:51,STN-PUN-01,Pune,SUV,CHAdeMO,61,100,77,31.54,Completed,None,Available,Paid,517.16
SES-14546,2025-11-28,12:23:19,STN-MUM-02,Mumbai,Crossover,Type 2,57,100,108,30.39,Completed,None,Charging,Paid,540.44
SES-14547,2025-11-28,07:51:23,STN-CBE-01,Coimbatore,Sedan,CCS,29,92,81,31.93,Completed,None,Available,Paid,540.98
SES-14548,2025-11-28,16:45:54,STN-BLR-02,Bengaluru,Sedan,CCS,51,100,107,28.62,Completed,None,Charging,Paid,435.14
SES-14549,2025-11-28,16:49:58,STN-PUN-01,Pune,Hatchback,Type 2,56,100,95,18.50,Completed,None,Available,Paid,342.16
SES-14550,2025-11-28,17:21:55,STN-MUM-01,Mumbai,Sedan,CCS,38,56,34,10.43,Completed,None,Available,Paid,160.99
SES-14551,2025-11-28,16:53:43,STN-DEL-02,Delhi,Sedan,CCS,20,71,98,28.20,Completed,None,Available,Paid,423.68
SES-14552,2025-11-28,07:37:27,STN-HYD-01,Hyderabad,SUV,Type 2,40,69,49,23.97,Completed,None,Available,Paid,412.40
SES-14553,2025-11-28,18:11:56,STN-HYD-02,Hyderabad,Hatchback,Type 2,32,94,113,24.74,Completed,None,Charging,Paid,383.95
SES-14554,2025-11-29,18:43:14,STN-MUM-02,Mumbai,Hatchback,CCS,69,70,26,0.40,Failed,Station Offline,Maintenance,Paid,7.34
SES-14555,2025-11-29,06:50:52,STN-HYD-01,Hyderabad,Hatchback,Type 2,76,100,89,10.41,Completed,None,Charging,Paid,157.76
SES-14556,2025-11-29,18:44:12,STN-BLR-01,Bengaluru,SUV,Type 2,57,100,57,34.21,Completed,None,Available,Paid,551.56
SES-14557,2025-11-29,08:12:35,STN-MUM-01,Mumbai,Hatchback,Type 2,46,73,48,11.01,Completed,None,Available,Paid,174.88
SES-14558,2025-11-29,03:31:20,STN-HYD-01,Hyderabad,Sedan,CCS,83,97,24,8.26,Completed,None,Charging,Paid,145.73
SES-14559,2025-11-29,09:48:58,STN-KOL-01,Kolkata,Sedan,CCS,23,38,26,7.88,Completed,None,Available,Paid,139.63
SES-14560,2025-11-29,07:14:55,STN-DEL-02,Delhi,Sedan,CCS,48,87,44,22.72,Completed,None,Charging,Paid,377.31
SES-14561,2025-11-29,18:22:51,STN-MUM-01,Mumbai,Sedan,CCS,34,59,42,14.04,Completed,None,Charging,Paid,212.09
SES-14562,2025-11-30,16:14:47,STN-DEL-02,Delhi,Sedan,CCS,78,100,113,13.27,Completed,None,Available,Paid,236.78
SES-14563,2025-11-30,22:15:31,STN-VIJ-01,Vijayawada,SUV,CCS,48,100,112,44.09,Completed,None,Available,Paid,770.87
SES-14564,2025-11-30,07:19:45,STN-HYD-01,Hyderabad,SUV,CCS,31,49,27,15.95,Completed,None,Available,Paid,291.59
SES-14565,2025-11-30,07:22:29,STN-MUM-01,Mumbai,Sedan,CCS,88,100,39,6.32,Completed,None,Available,Paid,103.80
SES-14566,2025-11-30,16:45:38,STN-KOL-01,Kolkata,Hatchback,CCS,77,100,96,8.36,Completed,None,Available,Paid,149.04
SES-14567,2025-11-30,08:00:40,STN-HYD-02,Hyderabad,Hatchback,CCS,38,45,46,2.49,Cancelled,None,Available,Refunded,0.00
SES-14568,2025-11-30,21:13:47,STN-VSKP-01,Visakhapatnam,Sedan,Type 2,89,100,120,6.59,Completed,None,Available,Paid,104.31
SES-14569,2025-11-30,09:44:31,STN-HYD-02,Hyderabad,Sedan,CCS,28,30,16,0.80,Failed,Payment Failure,Offline,Failed,0.00
SES-14570,2025-11-30,18:00:20,STN-DEL-02,Delhi,Sedan,CCS,60,62,83,0.80,Failed,Payment Failure,Offline,Failed,0.00
SES-14571,2025-12-01,03:02:48,STN-DEL-02,Delhi,Sedan,CCS,11,12,89,0.40,Failed,Network Error,Offline,Failed,0.00
SES-14572,2025-12-01,18:33:18,STN-KOL-01,Kolkata,Hatchback,Type 2,72,95,37,9.17,Completed,None,Available,Paid,164.69
SES-14573,2025-12-01,15:53:58,STN-BLR-02,Bengaluru,Sedan,CCS,55,100,96,23.89,Completed,None,Available,Paid,431.21
SES-14574,2025-12-01,21:24:14,STN-CBE-01,Coimbatore,Sedan,CHAdeMO,12,79,107,36.59,Completed,None,Available,Paid,551.86
SES-14575,2025-12-01,20:51:01,STN-HYD-02,Hyderabad,Sedan,Type 2,60,74,27,7.43,Completed,None,Charging,Paid,118.74
SES-14576,2025-12-01,00:14:51,STN-KOL-01,Kolkata,Hatchback,CCS,81,84,56,1.14,Cancelled,None,Available,Refunded,0.00
SES-14577,2025-12-01,02:09:13,STN-VIJ-01,Vijayawada,Sedan,CCS,62,81,32,10.34,Completed,None,Available,Paid,188.25
SES-14578,2025-12-01,15:13:34,STN-HYD-02,Hyderabad,Hatchback,Type 2,89,100,29,4.64,Completed,None,Charging,Paid,80.05
SES-14579,2025-12-01,21:00:33,STN-KOL-01,Kolkata,Sedan,CCS,73,100,40,14.34,Completed,None,Charging,Paid,261.61
SES-14580,2025-12-01,07:41:03,STN-MUM-02,Mumbai,Hatchback,CCS,12,32,23,8.44,Completed,None,Charging,Paid,137.63
SES-14581,2025-12-01,23:57:31,STN-CHE-01,Chennai,Crossover,CCS,70,78,32,3.09,Cancelled,None,Maintenance,Refunded,0.00
SES-14582,2025-12-01,16:15:49,STN-PUN-01,Pune,SUV,CHAdeMO,28,34,11,4.83,Completed,None,Charging,Paid,83.17
SES-14583,2025-12-02,19:19:09,STN-MUM-02,Mumbai,Hatchback,CCS,46,46,38,0.00,Failed,Connector Error,Maintenance,Failed,0.00
SES-14584,2025-12-02,08:57:21,STN-DEL-02,Delhi,Hatchback,CCS,58,95,59,15.44,Completed,None,Available,Paid,281.38
SES-14585,2025-12-02,23:10:24,STN-DEL-01,Delhi,Hatchback,CCS,20,66,82,17.80,Completed,None,Charging,Paid,319.79
SES-14586,2025-12-02,07:07:08,STN-PUN-01,Pune,Hatchback,Type 2,8,64,68,20.51,Completed,None,Available,Paid,369.73
SES-14587,2025-12-02,16:52:02,STN-DEL-01,Delhi,Sedan,Type 2,63,64,42,0.40,Failed,Payment Failure,Maintenance,Failed,0.00
SES-14588,2025-12-02,18:12:43,STN-BLR-01,Bengaluru,SUV,CCS,50,97,57,37.45,Completed,None,Available,Paid,620.59
SES-14589,2025-12-02,22:56:45,STN-DEL-02,Delhi,Crossover,Type 2,17,59,53,28.32,Completed,None,Available,Paid,493.76
SES-14590,2025-12-02,19:47:21,STN-VSKP-01,Visakhapatnam,Sedan,CCS,41,56,21,8.50,Completed,None,Available,Paid,145.74
SES-14591,2025-12-02,12:36:30,STN-VIJ-01,Vijayawada,Crossover,Type 2,58,60,92,0.80,Failed,Connector Error,Offline,Failed,0.00
SES-14592,2025-12-02,20:42:38,STN-HYD-01,Hyderabad,SUV,CCS,53,82,51,22.51,Completed,None,Available,Paid,376.26
SES-14593,2025-12-02,18:17:10,STN-CHE-01,Chennai,SUV,Type 2,79,100,93,16.54,Completed,None,Charging,Paid,250.05
SES-14594,2025-12-02,00:43:17,STN-DEL-01,Delhi,Hatchback,Type 2,62,100,110,13.71,Completed,None,Charging,Paid,220.70
SES-14595,2025-12-02,08:33:22,STN-PUN-01,Pune,Hatchback,Type 2,23,99,104,31.07,Completed,None,Available,Paid,530.63
SES-14596,2025-12-02,08:09:52,STN-CBE-01,Coimbatore,SUV,CCS,22,60,44,33.31,Completed,None,Available,Paid,551.48
SES-14597,2025-12-02,10:37:38,STN-DEL-02,Delhi,Sedan,Type 2,64,100,50,19.48,Completed,None,Available,Paid,359.91
SES-14598,2025-12-03,06:30:06,STN-MUM-02,Mumbai,Hatchback,CCS,21,75,94,20.70,Completed,None,Charging,Paid,358.38
SES-14599,2025-12-03,18:47:36,STN-BLR-02,Bengaluru,Crossover,CHAdeMO,15,56,64,28.00,Completed,None,Available,Paid,470.09
SES-14600,2025-12-03,13:32:03,STN-KOL-01,Kolkata,SUV,CCS,19,100,120,71.00,Completed,None,Available,Paid,"1,079.64"
SES-14601,2025-12-03,12:51:08,STN-MUM-01,Mumbai,Sedan,Type 2,76,100,119,14.23,Completed,None,Available,Paid,229.74
SES-14602,2025-12-03,22:07:39,STN-HYD-02,Hyderabad,Sedan,CCS,21,100,116,45.87,Completed,None,Charging,Paid,749.65
SES-14603,2025-12-03,12:00:14,STN-CHE-01,Chennai,Crossover,CCS,9,22,22,9.74,Completed,None,Available,Paid,176.58
SES-14604,2025-12-03,19:37:41,STN-CBE-01,Coimbatore,Sedan,CCS,65,100,48,19.07,Completed,None,Charging,Paid,302.05
SES-14605,2025-12-03,17:52:25,STN-CHE-01,Chennai,SUV,CCS,8,60,100,44.03,Completed,None,Charging,Paid,674.03
SES-14606,2025-12-03,21:39:58,STN-VSKP-01,Visakhapatnam,Sedan,CCS,60,100,98,23.90,Completed,None,Available,Paid,400.57
SES-14607,2025-12-03,10:21:25,STN-HYD-02,Hyderabad,Sedan,CCS,79,81,75,0.80,Failed,Network Error,Maintenance,Failed,0.00
SES-14608,2025-12-03,11:43:46,STN-HYD-02,Hyderabad,Sedan,CCS,52,87,44,19.91,Completed,None,Charging,Paid,325.13
SES-14609,2025-12-03,11:58:35,STN-HYD-02,Hyderabad,Sedan,Type 2,52,100,81,27.17,Completed,None,Available,Paid,481.64
SES-14610,2025-12-03,16:53:47,STN-KOL-01,Kolkata,Hatchback,CCS,39,61,42,8.09,Completed,None,Available,Paid,138.09
SES-14611,2025-12-04,07:12:35,STN-BLR-02,Bengaluru,Sedan,Type 2,37,100,98,33.13,Completed,None,Charging,Paid,510.60
SES-14612,2025-12-04,18:40:25,STN-BLR-01,Bengaluru,Sedan,Type 2,25,98,94,41.88,Completed,None,Charging,Paid,666.15
SES-14613,2025-12-04,08:14:14,STN-VIJ-01,Vijayawada,SUV,Type 2,9,11,45,0.80,Failed,Network Error,Maintenance,Failed,0.00
SES-14614,2025-12-04,06:30:27,STN-BLR-02,Bengaluru,Crossover,CCS,68,70,22,0.71,Cancelled,None,Available,Refunded,0.00
SES-14615,2025-12-04,15:20:16,STN-MUM-02,Mumbai,Hatchback,CCS,73,100,65,10.94,Completed,None,Available,Paid,167.05
SES-14616,2025-12-04,15:48:23,STN-VIJ-01,Vijayawada,Sedan,Type 2,25,67,55,24.19,Completed,None,Charging,Paid,403.65
SES-14617,2025-12-04,21:49:35,STN-BLR-01,Bengaluru,Sedan,Type 2,78,100,82,10.92,Completed,None,Charging,Paid,179.31
SES-14618,2025-12-04,09:46:33,STN-MUM-01,Mumbai,SUV,Type 2,87,100,108,10.23,Completed,None,Available,Paid,164.49
SES-14619,2025-12-04,09:02:29,STN-HYD-02,Hyderabad,Hatchback,Type 2,36,40,55,1.60,Failed,Connector Error,Offline,Failed,0.00
SES-14620,2025-12-04,08:06:11,STN-BLR-02,Bengaluru,Sedan,Type 2,22,86,109,36.52,Completed,None,Available,Paid,654.06
SES-14621,2025-12-04,08:25:27,STN-HYD-01,Hyderabad,Sedan,CCS,62,100,120,22.45,Completed,None,Charging,Paid,403.76
SES-14622,2025-12-04,20:13:47,STN-MUM-02,Mumbai,Hatchback,Type 2,83,100,53,6.66,Completed,None,Available,Paid,106.63
SES-14623,2025-12-04,19:13:02,STN-MUM-01,Mumbai,SUV,Type 2,28,63,55,30.14,Completed,None,Available,Paid,472.11
SES-14624,2025-12-04,06:59:53,STN-MUM-01,Mumbai,SUV,CCS,9,50,83,32.41,Completed,None,Available,Paid,503.06
SES-14625,2025-12-04,17:22:27,STN-PUN-01,Pune,Sedan,CCS,57,61,78,1.60,Failed,Station Offline,Offline,Failed,0.00
SES-14626,2025-12-04,08:19:12,STN-PUN-01,Pune,Sedan,Type 2,77,100,40,11.39,Completed,None,Available,Paid,201.37
SES-14627,2025-12-04,20:34:44,STN-MUM-01,Mumbai,Sedan,Type 2,59,82,33,12.18,Completed,None,Charging,Paid,186.97
SES-14628,2025-12-05,07:01:40,STN-BLR-01,Bengaluru,Sedan,CHAdeMO,9,39,41,17.88,Completed,None,Charging,Paid,318.82
SES-14629,2025-12-05,08:47:23,STN-DEL-02,Delhi,Crossover,CCS,73,100,76,17.86,Completed,None,Available,Paid,313.47
SES-14630,2025-12-05,05:44:03,STN-VSKP-01,Visakhapatnam,Sedan,Type 2,45,61,25,8.76,Completed,None,Charging,Paid,132.45
SES-14631,2025-12-05,13:19:53,STN-MUM-02,Mumbai,SUV,Type 2,11,59,66,41.52,Completed,None,Charging,Paid,630.57
SES-14632,2025-12-05,18:48:31,STN-PUN-01,Pune,SUV,Type 2,5,87,114,74.65,Completed,None,Charging,Paid,"1,127.91"
SES-14633,2025-12-05,16:00:37,STN-CHE-01,Chennai,Sedan,CCS,56,100,93,24.59,Completed,None,Charging,Paid,378.89
SES-14634,2025-12-05,21:06:44,STN-VSKP-01,Visakhapatnam,Hatchback,CCS,30,100,117,29.68,Completed,None,Available,Paid,490.52
SES-14635,2025-12-05,07:00:13,STN-KOL-01,Kolkata,Hatchback,Type 2,67,68,33,0.40,Failed,Connector Error,Maintenance,Failed,0.00
SES-14636,2025-12-05,15:02:45,STN-HYD-02,Hyderabad,Crossover,CCS,16,51,43,23.92,Completed,None,Charging,Paid,383.91
SES-14637,2025-12-05,13:47:09,STN-MUM-02,Mumbai,Sedan,Type 2,74,100,61,14.66,Completed,None,Charging,Paid,253.78
SES-14638,2025-12-05,15:08:13,STN-VIJ-01,Vijayawada,Sedan,CCS,88,100,57,6.68,Completed,None,Available,Paid,106.06
SES-14639,2025-12-05,16:39:22,STN-VIJ-01,Vijayawada,Sedan,Type 2,23,100,96,42.70,Completed,None,Charging,Paid,742.66
SES-14640,2025-12-05,08:06:41,STN-KOL-01,Kolkata,Sedan,CCS,84,86,62,0.80,Failed,Connector Error,Maintenance,Failed,0.00
SES-14641,2025-12-06,18:14:08,STN-VSKP-01,Visakhapatnam,SUV,CCS,8,42,64,27.20,Completed,None,Charging,Paid,489.66
SES-14642,2025-12-06,15:38:51,STN-MUM-01,Mumbai,Hatchback,Type 2,86,87,47,0.40,Failed,Network Error,Maintenance,Failed,0.00
SES-14643,2025-12-06,07:17:23,STN-VIJ-01,Vijayawada,Sedan,CCS,9,15,11,3.36,Completed,None,Charging,Paid,57.55
SES-14644,2025-12-06,18:22:20,STN-MUM-01,Mumbai,Crossover,Type 2,58,59,114,0.40,Failed,Charging Interrupted,Maintenance,Failed,0.00
SES-14645,2025-12-06,17:25:07,STN-CBE-01,Coimbatore,SUV,CCS,74,100,78,22.26,Completed,None,Available,Paid,367.22
SES-14646,2025-12-06,17:01:04,STN-HYD-01,Hyderabad,SUV,Type 2,61,64,91,1.20,Failed,Charging Interrupted,Maintenance,Failed,0.00
SES-14647,2025-12-06,17:53:03,STN-KOL-01,Kolkata,Sedan,CCS,82,100,62,10.47,Completed,None,Available,Paid,184.49
SES-14648,2025-12-06,21:44:18,STN-DEL-02,Delhi,Sedan,CCS,56,88,59,15.92,Completed,None,Available,Paid,260.20
SES-14649,2025-12-06,20:44:07,STN-HYD-02,Hyderabad,Hatchback,CCS,22,47,38,9.57,Completed,None,Available,Paid,175.05
SES-14650,2025-12-06,22:00:05,STN-CHE-01,Chennai,Sedan,Type 2,68,100,83,18.14,Completed,None,Available,Paid,304.67
SES-14651,2025-12-06,11:26:14,STN-DEL-01,Delhi,Hatchback,CCS,14,18,115,1.60,Failed,Payment Failure,Offline,Failed,0.00
SES-14652,2025-12-06,16:33:57,STN-PUN-01,Pune,SUV,CCS,27,66,64,35.13,Completed,None,Available,Paid,552.33
SES-14653,2025-12-06,17:22:47,STN-HYD-01,Hyderabad,Hatchback,Type 2,86,100,115,5.17,Completed,None,Available,Paid,88.61
SES-14654,2025-12-06,18:14:34,STN-MUM-01,Mumbai,Hatchback,CCS,72,100,70,11.05,Completed,None,Available,Paid,188.05
SES-14655,2025-12-06,04:36:16,STN-DEL-02,Delhi,Sedan,Type 2,56,57,59,0.40,Failed,Charging Interrupted,Maintenance,Paid,7.00
SES-14656,2025-12-06,10:09:53,STN-BLR-01,Bengaluru,SUV,Type 2,51,67,25,13.02,Completed,None,Charging,Paid,238.88
SES-14657,2025-12-07,05:41:05,STN-HYD-01,Hyderabad,Sedan,CCS,74,76,96,0.80,Failed,Network Error,Offline,Failed,0.00
SES-14658,2025-12-07,07:51:14,STN-DEL-02,Delhi,SUV,CCS,30,33,103,1.05,Cancelled,None,Available,Refunded,0.00
SES-14659,2025-12-07,07:47:53,STN-CBE-01,Coimbatore,Sedan,Type 2,74,100,79,13.81,Completed,None,Charging,Paid,245.53
SES-14660,2025-12-07,17:06:50,STN-VIJ-01,Vijayawada,SUV,CCS,47,73,53,22.85,Completed,None,Available,Paid,349.39
SES-14661,2025-12-07,06:52:44,STN-MUM-02,Mumbai,Sedan,CCS,73,74,109,0.40,Failed,Network Error,Offline,Failed,0.00
SES-14662,2025-12-07,16:57:30,STN-MUM-02,Mumbai,Crossover,Type 2,67,100,93,21.13,Completed,None,Available,Paid,337.52
SES-14663,2025-12-07,05:41:12,STN-BLR-02,Bengaluru,SUV,CCS,82,100,25,16.66,Completed,None,Charging,Paid,287.60
SES-14664,2025-12-07,16:54:10,STN-HYD-01,Hyderabad,Crossover,CCS,70,71,37,0.40,Failed,Charging Interrupted,Maintenance,Paid,7.24
SES-14665,2025-12-07,19:23:56,STN-MUM-02,Mumbai,Sedan,CCS,67,73,66,2.08,Cancelled,None,Available,Refunded,0.00
SES-14666,2025-12-07,08:55:53,STN-VIJ-01,Vijayawada,SUV,Type 2,17,40,35,19.05,Completed,None,Available,Paid,301.14
SES-14667,2025-12-07,18:18:54,STN-MUM-01,Mumbai,Sedan,Type 2,55,100,95,27.06,Completed,None,Available,Paid,422.05
SES-14668,2025-12-07,09:43:13,STN-VSKP-01,Visakhapatnam,SUV,Type 2,9,11,20,0.65,Cancelled,None,Available,Refunded,0.00
SES-14669,2025-12-07,06:21:08,STN-MUM-02,Mumbai,Hatchback,CHAdeMO,51,56,10,2.00,Completed,None,Available,Paid,31.20
SES-14670,2025-12-07,06:25:44,STN-DEL-02,Delhi,Crossover,CCS,40,100,78,38.13,Completed,None,Charging,Paid,696.87
SES-14671,2025-12-07,15:28:53,STN-DEL-01,Delhi,Sedan,CCS,40,86,52,25.31,Completed,None,Charging,Paid,435.03
SES-14672,2025-12-08,08:02:27,STN-PUN-01,Pune,Crossover,CCS,54,98,55,28.12,Completed,None,Available,Paid,517.22
SES-14673,2025-12-08,22:46:13,STN-MUM-01,Mumbai,Hatchback,CCS,60,100,114,16.55,Completed,None,Available,Paid,279.34
SES-14674,2025-12-08,19:08:37,STN-VIJ-01,Vijayawada,Crossover,CCS,23,100,115,54.56,Completed,None,Available,Paid,954.72
SES-14675,2025-12-08,06:43:05,STN-CBE-01,Coimbatore,SUV,CCS,24,58,45,31.32,Completed,None,Charging,Paid,474.90
SES-14676,2025-12-08,06:15:51,STN-HYD-02,Hyderabad,Crossover,Type 2,26,85,75,37.53,Completed,None,Charging,Paid,599.94
SES-14677,2025-12-08,22:16:02,STN-CBE-01,Coimbatore,Hatchback,CCS,35,93,66,25.50,Completed,None,Charging,Paid,426.36
SES-14678,2025-12-08,18:16:54,STN-VSKP-01,Visakhapatnam,Sedan,Type 2,66,74,15,4.34,Completed,None,Charging,Paid,76.79
SES-14679,2025-12-08,16:51:37,STN-DEL-02,Delhi,Sedan,CCS,48,98,71,28.00,Completed,None,Charging,Paid,505.89
SES-14680,2025-12-08,09:06:25,STN-DEL-01,Delhi,Sedan,CHAdeMO,72,77,36,1.74,Cancelled,None,Available,Refunded,0.00
SES-14681,2025-12-08,08:18:51,STN-MUM-02,Mumbai,SUV,Type 2,71,96,35,19.95,Completed,None,Available,Paid,305.31
SES-14682,2025-12-08,08:42:54,STN-CHE-01,Chennai,Hatchback,Type 2,53,100,108,19.26,Completed,None,Charging,Paid,299.60
SES-14683,2025-12-08,20:19:25,STN-BLR-02,Bengaluru,Hatchback,Type 2,63,75,22,4.73,Completed,None,Charging,Paid,85.54
SES-14684,2025-12-08,08:08:40,STN-DEL-01,Delhi,Hatchback,Type 2,8,72,85,27.64,Completed,None,Charging,Paid,436.83
SES-14685,2025-12-08,17:09:05,STN-CBE-01,Coimbatore,SUV,CCS,43,64,27,18.33,Completed,None,Available,Paid,300.61
SES-14686,2025-12-08,14:58:51,STN-MUM-02,Mumbai,Sedan,CCS,11,37,47,14.16,Completed,None,Available,Paid,237.15
SES-14687,2025-12-08,08:05:01,STN-DEL-01,Delhi,Sedan,Type 2,75,100,115,13.05,Completed,None,Available,Paid,197.25
SES-14688,2025-12-09,18:15:27,STN-KOL-01,Kolkata,Hatchback,CCS,53,64,15,4.06,Completed,None,Charging,Paid,60.93
SES-14689,2025-12-09,08:09:09,STN-DEL-01,Delhi,Sedan,CCS,19,98,101,47.15,Completed,None,Available,Paid,845.96
SES-14690,2025-12-09,20:08:27,STN-DEL-02,Delhi,Sedan,CCS,11,33,37,13.01,Completed,None,Charging,Paid,199.89
SES-14691,2025-12-09,11:32:03,STN-CHE-01,Chennai,SUV,CCS,51,54,98,1.20,Failed,Station Offline,Maintenance,Failed,0.00
SES-14692,2025-12-09,16:41:11,STN-MUM-02,Mumbai,Sedan,CCS,72,83,14,5.52,Completed,None,Charging,Paid,92.78
SES-14693,2025-12-09,09:19:05,STN-CHE-01,Chennai,Sedan,CCS,49,58,68,3.45,Cancelled,None,Available,Refunded,0.00
SES-14694,2025-12-09,17:41:01,STN-HYD-01,Hyderabad,Sedan,CCS,23,78,88,32.70,Completed,None,Charging,Paid,532.23
SES-14695,2025-12-09,18:26:41,STN-DEL-02,Delhi,Crossover,CCS,51,55,120,1.60,Failed,Network Error,Maintenance,Failed,0.00
SES-14696,2025-12-09,13:23:48,STN-PUN-01,Pune,Sedan,CCS,57,100,117,22.30,Completed,None,Available,Paid,394.16
SES-14697,2025-12-09,09:35:49,STN-PUN-01,Pune,Hatchback,Type 2,31,33,82,0.79,Cancelled,None,Available,Refunded,0.00
SES-14698,2025-12-09,18:48:08,STN-DEL-01,Delhi,Sedan,CCS,9,45,54,21.18,Completed,None,Available,Paid,381.47
SES-14699,2025-12-09,15:45:45,STN-KOL-01,Kolkata,Hatchback,CHAdeMO,64,98,62,13.89,Completed,None,Charging,Paid,246.27
SES-14700,2025-12-09,10:01:39,STN-CBE-01,Coimbatore,SUV,CCS,81,89,11,6.47,Completed,None,Available,Paid,101.75
SES-14701,2025-12-10,10:38:53,STN-VIJ-01,Vijayawada,Hatchback,Type 2,66,67,58,0.40,Failed,Connector Error,Maintenance,Failed,0.00
SES-14702,2025-12-10,17:15:16,STN-MUM-01,Mumbai,Hatchback,CCS,63,100,82,14.23,Completed,None,Charging,Paid,257.43
SES-14703,2025-12-10,09:06:51,STN-BLR-02,Bengaluru,SUV,CHAdeMO,65,100,99,28.75,Completed,None,Available,Paid,433.28
SES-14704,2025-12-10,09:22:31,STN-HYD-01,Hyderabad,Crossover,CCS,60,100,96,25.76,Completed,None,Available,Paid,430.00
SES-14705,2025-12-10,13:17:37,STN-VSKP-01,Visakhapatnam,SUV,Type 2,82,100,72,15.97,Completed,None,Available,Paid,259.47
SES-14706,2025-12-10,20:14:27,STN-KOL-01,Kolkata,Hatchback,CCS,51,100,101,20.18,Completed,None,Available,Paid,354.38
SES-14707,2025-12-10,04:49:55,STN-VIJ-01,Vijayawada,SUV,Type 2,52,100,79,43.52,Completed,None,Charging,Paid,714.96
SES-14708,2025-12-10,07:08:07,STN-DEL-02,Delhi,Crossover,CCS,14,59,67,31.67,Completed,None,Available,Paid,578.32
SES-14709,2025-12-10,12:50:07,STN-KOL-01,Kolkata,Hatchback,Type 2,36,42,13,2.64,Completed,None,Available,Paid,48.35
SES-14710,2025-12-10,08:03:30,STN-MUM-01,Mumbai,Sedan,Type 2,69,92,39,13.25,Completed,None,Available,Paid,239.63
SES-14711,2025-12-10,08:34:18,STN-BLR-01,Bengaluru,SUV,CHAdeMO,28,69,66,38.10,Completed,None,Charging,Paid,598.92
SES-14712,2025-12-10,08:09:11,STN-CBE-01,Coimbatore,Hatchback,Type 2,33,63,56,11.06,Completed,None,Charging,Paid,201.97
SES-14713,2025-12-10,23:29:59,STN-BLR-02,Bengaluru,Hatchback,CCS,11,35,27,8.73,Completed,None,Available,Paid,134.99
SES-14714,2025-12-10,17:31:08,STN-PUN-01,Pune,Crossover,CCS,21,100,103,54.72,Completed,None,Charging,Paid,983.14
SES-14715,2025-12-10,07:25:02,STN-KOL-01,Kolkata,Sedan,Type 2,29,94,100,33.52,Completed,None,Charging,Paid,548.24
SES-14716,2025-12-10,09:09:49,STN-PUN-01,Pune,SUV,CCS,40,100,117,50.11,Completed,None,Charging,Paid,823.31
SES-14717,2025-12-11,18:12:28,STN-MUM-01,Mumbai,SUV,Type 2,65,100,104,29.15,Completed,None,Available,Paid,439.62
SES-14718,2025-12-11,07:52:12,STN-HYD-01,Hyderabad,Sedan,CCS,75,100,53,13.59,Completed,None,Available,Paid,239.08
SES-14719,2025-12-11,11:19:04,STN-CBE-01,Coimbatore,SUV,CCS,39,45,61,2.34,Cancelled,None,Available,Refunded,0.00
SES-14720,2025-12-11,19:44:13,STN-BLR-02,Bengaluru,SUV,Type 2,88,100,58,9.46,Completed,None,Available,Paid,163.09
SES-14721,2025-12-11,18:12:23,STN-VSKP-01,Visakhapatnam,Sedan,CCS,82,100,112,10.48,Completed,None,Available,Paid,160.15
SES-14722,2025-12-11,16:00:21,STN-MUM-01,Mumbai,Sedan,Type 2,54,84,39,17.86,Completed,None,Charging,Paid,327.05
SES-14723,2025-12-11,13:50:39,STN-BLR-01,Bengaluru,Sedan,CCS,60,98,61,22.32,Completed,None,Charging,Paid,386.74
SES-14724,2025-12-11,19:54:25,STN-CBE-01,Coimbatore,Hatchback,CCS,69,92,46,8.80,Completed,None,Available,Paid,133.58
SES-14725,2025-12-11,05:40:07,STN-DEL-02,Delhi,SUV,CHAdeMO,45,84,72,32.20,Completed,None,Charging,Paid,529.11
SES-14726,2025-12-11,22:54:55,STN-MUM-01,Mumbai,Sedan,CCS,29,45,21,9.35,Completed,None,Available,Paid,166.74
SES-14727,2025-12-11,10:20:09,STN-DEL-01,Delhi,SUV,Type 2,38,58,26,15.72,Completed,None,Available,Paid,264.44
SES-14728,2025-12-11,15:55:37,STN-MUM-02,Mumbai,Sedan,CCS,12,44,43,18.84,Completed,None,Available,Paid,326.20
SES-14729,2025-12-11,16:47:46,STN-DEL-01,Delhi,Crossover,Type 2,60,85,37,17.59,Completed,None,Available,Paid,268.18
SES-14730,2025-12-12,08:03:03,STN-BLR-02,Bengaluru,Sedan,CCS,88,92,13,1.46,Cancelled,None,Maintenance,Refunded,0.00
SES-14731,2025-12-12,07:28:42,STN-KOL-01,Kolkata,Hatchback,CCS,34,97,107,23.45,Completed,None,Charging,Paid,391.38
SES-14732,2025-12-12,01:20:59,STN-CBE-01,Coimbatore,SUV,CCS,72,100,55,25.93,Completed,None,Charging,Paid,391.04
SES-14733,2025-12-12,14:47:20,STN-CHE-01,Chennai,Hatchback,CCS,25,39,23,5.35,Completed,None,Charging,Paid,95.90
SES-14734,2025-12-12,17:25:55,STN-DEL-01,Delhi,Sedan,CHAdeMO,14,26,22,6.89,Completed,None,Charging,Paid,120.66
SES-14735,2025-12-12,13:08:54,STN-MUM-02,Mumbai,Sedan,CCS,37,96,67,34.38,Completed,None,Available,Paid,585.91
SES-14736,2025-12-12,13:17:47,STN-DEL-01,Delhi,Hatchback,Type 2,79,100,58,8.17,Completed,None,Charging,Paid,141.62
SES-14737,2025-12-12,18:41:40,STN-CBE-01,Coimbatore,Sedan,CCS,87,100,59,7.37,Completed,None,Charging,Paid,130.63
SES-14738,2025-12-12,18:25:57,STN-KOL-01,Kolkata,Hatchback,CCS,79,100,76,9.15,Completed,None,Available,Paid,142.05
SES-14739,2025-12-12,17:34:37,STN-MUM-01,Mumbai,Sedan,CCS,8,34,30,15.09,Completed,None,Available,Paid,233.84
SES-14740,2025-12-12,15:40:34,STN-MUM-02,Mumbai,Hatchback,CCS,27,30,89,1.20,Failed,Payment Failure,Maintenance,Failed,0.00
SES-14741,2025-12-12,09:21:07,STN-DEL-02,Delhi,Crossover,CCS,73,100,60,17.56,Completed,None,Available,Paid,292.24
SES-14742,2025-12-12,07:06:18,STN-CHE-01,Chennai,Crossover,CCS,57,98,47,29.84,Completed,None,Available,Paid,470.01
SES-14743,2025-12-13,15:16:00,STN-MUM-01,Mumbai,SUV,Type 2,9,35,35,20.88,Completed,None,Charging,Paid,321.57
SES-14744,2025-12-13,12:57:12,STN-BLR-01,Bengaluru,SUV,CCS,22,34,15,10.88,Completed,None,Available,Paid,171.07
SES-14745,2025-12-13,19:28:40,STN-BLR-01,Bengaluru,Crossover,CCS,21,22,27,0.40,Failed,Charging Interrupted,Maintenance,Failed,0.00
SES-14746,2025-12-13,11:04:33,STN-BLR-02,Bengaluru,Hatchback,CCS,62,100,114,14.31,Completed,None,Charging,Paid,226.31
SES-14747,2025-12-13,19:37:39,STN-KOL-01,Kolkata,Sedan,Type 2,71,79,15,4.77,Completed,None,Available,Paid,81.32
SES-14748,2025-12-13,09:07:43,STN-CBE-01,Coimbatore,SUV,CCS,76,77,50,0.40,Failed,Payment Failure,Offline,Failed,0.00
SES-14749,2025-12-13,16:02:12,STN-HYD-02,Hyderabad,Sedan,CHAdeMO,60,100,66,23.28,Completed,None,Available,Paid,366.31
SES-14750,2025-12-13,16:31:48,STN-KOL-01,Kolkata,Crossover,CCS,44,76,59,23.51,Completed,None,Available,Paid,394.82
SES-14751,2025-12-13,13:17:13,STN-DEL-01,Delhi,Sedan,CCS,6,6,34,0.00,Failed,Network Error,Maintenance,Failed,0.00
SES-14752,2025-12-13,20:12:26,STN-MUM-02,Mumbai,SUV,CCS,25,64,57,35.30,Completed,None,Available,Paid,628.78
SES-14753,2025-12-13,20:51:16,STN-MUM-01,Mumbai,Hatchback,CCS,56,74,33,7.57,Completed,None,Available,Paid,131.67
SES-14754,2025-12-14,01:56:19,STN-BLR-01,Bengaluru,Crossover,Type 2,28,57,39,21.59,Completed,None,Available,Paid,391.63
SES-14755,2025-12-14,08:17:55,STN-CHE-01,Chennai,Hatchback,CCS,57,100,96,17.23,Completed,None,Charging,Paid,273.15
SES-14756,2025-12-14,16:49:26,STN-KOL-01,Kolkata,Sedan,CCS,42,74,54,16.16,Completed,None,Charging,Paid,249.74
SES-14757,2025-12-14,14:44:27,STN-VIJ-01,Vijayawada,SUV,CCS,24,58,52,30.85,Completed,None,Charging,Paid,478.27
SES-14758,2025-12-14,20:19:03,STN-VSKP-01,Visakhapatnam,Crossover,CCS,54,95,81,28.30,Completed,None,Charging,Paid,447.50
SES-14759,2025-12-14,20:23:47,STN-HYD-02,Hyderabad,Hatchback,CHAdeMO,43,48,65,1.67,Cancelled,None,Available,Refunded,0.00
SES-14760,2025-12-14,19:39:47,STN-CHE-01,Chennai,Hatchback,Type 2,64,100,82,15.46,Completed,None,Charging,Paid,251.17
SES-14761,2025-12-14,14:28:57,STN-KOL-01,Kolkata,Hatchback,CCS,43,89,79,16.60,Completed,None,Charging,Paid,296.58
SES-14762,2025-12-14,08:40:17,STN-DEL-01,Delhi,Sedan,CCS,75,100,42,14.52,Completed,None,Charging,Paid,263.12
SES-14763,2025-12-14,19:57:14,STN-VIJ-01,Vijayawada,Hatchback,Type 2,37,100,106,25.21,Completed,None,Charging,Paid,407.55
SES-14764,2025-12-14,19:22:01,STN-HYD-01,Hyderabad,Sedan,Type 2,33,35,54,0.68,Cancelled,None,Available,Refunded,0.00
SES-14765,2025-12-15,19:26:36,STN-HYD-02,Hyderabad,SUV,Type 2,78,84,16,2.03,Cancelled,None,Maintenance,Refunded,0.00
SES-14766,2025-12-15,10:33:17,STN-PUN-01,Pune,Hatchback,CCS,14,76,115,26.05,Completed,None,Available,Paid,446.03
SES-14767,2025-12-15,17:09:37,STN-HYD-01,Hyderabad,Sedan,CCS,80,100,27,11.08,Completed,None,Charging,Paid,169.36
SES-14768,2025-12-15,15:16:58,STN-VSKP-01,Visakhapatnam,SUV,Type 2,71,100,79,24.12,Completed,None,Available,Paid,419.79
SES-14769,2025-12-15,20:59:47,STN-HYD-01,Hyderabad,Sedan,CCS,7,49,54,21.23,Completed,None,Available,Paid,339.30
SES-14770,2025-12-15,18:52:01,STN-VSKP-01,Visakhapatnam,Sedan,Type 2,81,100,46,9.81,Completed,None,Available,Paid,177.53
SES-14771,2025-12-15,05:22:06,STN-DEL-01,Delhi,Hatchback,CCS,35,58,30,9.84,Completed,None,Available,Paid,173.76
SES-14772,2025-12-15,08:32:11,STN-CHE-01,Chennai,Hatchback,Type 2,31,82,99,19.71,Completed,None,Available,Paid,331.42
SES-14773,2025-12-15,05:18:08,STN-DEL-02,Delhi,Sedan,CCS,74,100,88,15.30,Completed,None,Charging,Paid,272.76
SES-14774,2025-12-15,16:49:39,STN-BLR-01,Bengaluru,SUV,CCS,31,31,53,0.00,Failed,Payment Failure,Maintenance,Failed,0.00
SES-14775,2025-12-15,04:09:11,STN-MUM-02,Mumbai,SUV,Type 2,13,40,39,22.02,Completed,None,Available,Paid,335.15
SES-14776,2025-12-15,23:14:27,STN-MUM-02,Mumbai,Sedan,Type 2,10,23,20,7.72,Completed,None,Charging,Paid,119.19
SES-14777,2025-12-15,10:54:00,STN-MUM-01,Mumbai,Hatchback,Type 2,10,11,17,0.40,Failed,Station Offline,Offline,Paid,6.64
SES-14778,2025-12-15,09:56:33,STN-MUM-01,Mumbai,SUV,CHAdeMO,30,32,14,0.80,Failed,Network Error,Maintenance,Failed,0.00
SES-14779,2025-12-15,17:38:37,STN-HYD-01,Hyderabad,Hatchback,Type 2,47,60,17,4.98,Completed,None,Charging,Paid,76.21
SES-14780,2025-12-15,08:32:59,STN-HYD-01,Hyderabad,Sedan,Type 2,23,30,14,3.95,Completed,None,Available,Paid,60.28
SES-14781,2025-12-15,07:45:35,STN-DEL-02,Delhi,Sedan,Type 2,20,29,19,5.27,Completed,None,Charging,Paid,93.99
SES-14782,2025-12-16,03:00:52,STN-KOL-01,Kolkata,Sedan,CCS,27,29,24,0.80,Failed,Payment Failure,Maintenance,Failed,0.00
SES-14783,2025-12-16,21:01:56,STN-DEL-01,Delhi,Sedan,Type 2,79,100,111,11.14,Completed,None,Charging,Paid,180.50
SES-14784,2025-12-16,06:58:04,STN-BLR-01,Bengaluru,Hatchback,CCS,84,100,65,5.98,Completed,None,Available,Paid,106.09
SES-14785,2025-12-16,20:50:52,STN-MUM-02,Mumbai,Sedan,Type 2,33,70,64,18.44,Completed,None,Available,Paid,324.53
SES-14786,2025-12-16,21:11:04,STN-VSKP-01,Visakhapatnam,Sedan,CCS,42,49,12,3.77,Completed,None,Charging,Paid,62.13
SES-14787,2025-12-16,19:03:58,STN-VIJ-01,Vijayawada,Crossover,CCS,63,99,50,26.77,Completed,None,Available,Paid,453.84
SES-14788,2025-12-16,20:52:09,STN-KOL-01,Kolkata,SUV,CCS,52,54,19,0.80,Failed,Charging Interrupted,Maintenance,Failed,0.00
SES-14789,2025-12-16,10:01:25,STN-DEL-02,Delhi,Sedan,Type 2,24,36,16,7.02,Completed,None,Available,Paid,105.46
SES-14790,2025-12-16,08:56:09,STN-MUM-02,Mumbai,Crossover,CCS,25,65,72,28.35,Completed,None,Charging,Paid,477.95
SES-14791,2025-12-16,06:24:14,STN-PUN-01,Pune,Sedan,CCS,32,70,72,19.22,Completed,None,Charging,Paid,291.62
SES-14792,2025-12-16,09:20:20,STN-MUM-01,Mumbai,Hatchback,Type 2,54,100,97,18.25,Completed,None,Charging,Paid,287.91
SES-14793,2025-12-16,11:32:44,STN-PUN-01,Pune,Sedan,CCS,37,61,35,13.56,Completed,None,Charging,Paid,230.66
SES-14794,2025-12-16,10:49:21,STN-BLR-01,Bengaluru,SUV,CCS,44,71,43,21.78,Completed,None,Available,Paid,365.23
SES-14795,2025-12-17,19:08:44,STN-BLR-01,Bengaluru,SUV,CCS,58,100,81,39.04,Completed,None,Available,Paid,621.37
SES-14796,2025-12-17,11:41:04,STN-DEL-01,Delhi,Sedan,Type 2,14,53,48,23.11,Completed,None,Charging,Paid,381.55
SES-14797,2025-12-17,21:05:31,STN-VIJ-01,Vijayawada,SUV,CCS,38,98,69,47.60,Completed,None,Charging,Paid,855.41
SES-14798,2025-12-17,18:38:20,STN-HYD-02,Hyderabad,SUV,Type 2,77,100,78,19.81,Completed,None,Available,Paid,307.23
SES-14799,2025-12-17,19:14:41,STN-HYD-01,Hyderabad,Hatchback,CCS,40,44,109,1.60,Failed,Payment Failure,Maintenance,Failed,0.00
SES-14800,2025-12-17,19:43:31,STN-MUM-01,Mumbai,Hatchback,CCS,79,100,116,8.18,Completed,None,Available,Paid,132.87
SES-14801,2025-12-17,00:59:38,STN-DEL-02,Delhi,SUV,CCS,78,79,35,0.50,Cancelled,None,Available,Refunded,0.00
SES-14802,2025-12-17,15:12:14,STN-VIJ-01,Vijayawada,SUV,CHAdeMO,11,49,71,35.35,Completed,None,Charging,Paid,652.96
SES-14803,2025-12-18,05:05:54,STN-VSKP-01,Visakhapatnam,SUV,CCS,20,23,19,1.20,Failed,Payment Failure,Maintenance,Failed,0.00
SES-14804,2025-12-18,16:39:19,STN-VIJ-01,Vijayawada,Hatchback,CCS,55,100,106,17.65,Completed,None,Available,Paid,279.26
SES-14805,2025-12-18,09:07:50,STN-DEL-01,Delhi,SUV,CHAdeMO,65,100,109,29.80,Completed,None,Available,Paid,531.60
SES-14806,2025-12-18,02:34:46,STN-DEL-02,Delhi,SUV,CCS,35,83,63,39.86,Completed,None,Charging,Paid,687.17
SES-14807,2025-12-18,18:46:23,STN-KOL-01,Kolkata,SUV,CCS,36,70,40,31.70,Completed,None,Available,Paid,564.40
SES-14808,2025-12-18,16:33:11,STN-HYD-02,Hyderabad,Crossover,Type 2,49,81,47,21.89,Completed,None,Available,Paid,398.80
SES-14809,2025-12-18,19:24:33,STN-DEL-01,Delhi,SUV,Type 2,80,100,34,17.86,Completed,None,Charging,Paid,284.61
SES-14810,2025-12-18,13:45:10,STN-CHE-01,Chennai,Sedan,Type 2,31,100,118,40.31,Completed,None,Charging,Paid,607.38
SES-14811,2025-12-18,17:59:24,STN-VSKP-01,Visakhapatnam,SUV,Type 2,26,93,86,57.89,Completed,None,Charging,Paid,896.16
SES-14812,2025-12-18,10:23:00,STN-MUM-02,Mumbai,Hatchback,Type 2,19,58,74,15.23,Completed,None,Available,Paid,275.04
SES-14813,2025-12-18,02:24:27,STN-HYD-01,Hyderabad,Hatchback,Type 2,12,85,109,31.87,Completed,None,Available,Paid,492.82
SES-14814,2025-12-18,18:05:01,STN-HYD-01,Hyderabad,Hatchback,Type 2,72,100,109,10.11,Completed,None,Charging,Paid,171.71
SES-14815,2025-12-18,20:07:30,STN-VIJ-01,Vijayawada,Hatchback,CCS,12,53,59,17.90,Completed,None,Available,Paid,309.97
SES-14816,2025-12-19,00:49:05,STN-HYD-01,Hyderabad,Sedan,CCS,20,23,33,0.97,Cancelled,None,Available,Refunded,0.00
SES-14817,2025-12-19,06:47:00,STN-PUN-01,Pune,SUV,Type 2,52,82,36,24.57,Completed,None,Available,Paid,377.12
SES-14818,2025-12-19,23:45:18,STN-CBE-01,Coimbatore,Hatchback,Type 2,38,39,91,0.40,Failed,Connector Error,Offline,Failed,0.00
SES-14819,2025-12-19,08:18:08,STN-MUM-01,Mumbai,Sedan,CCS,90,100,59,5.58,Completed,None,Charging,Paid,94.31
SES-14820,2025-12-19,19:36:49,STN-DEL-01,Delhi,SUV,CCS,61,65,120,1.60,Failed,Connector Error,Maintenance,Failed,0.00
SES-14821,2025-12-19,09:52:06,STN-DEL-01,Delhi,Hatchback,CCS,9,53,59,17.50,Completed,None,Charging,Paid,298.67
SES-14822,2025-12-19,18:24:48,STN-PUN-01,Pune,Hatchback,CHAdeMO,48,50,24,0.72,Cancelled,None,Available,Refunded,0.00
SES-14823,2025-12-19,21:17:39,STN-BLR-01,Bengaluru,Crossover,CCS,75,92,26,12.28,Completed,None,Available,Paid,186.77
SES-14824,2025-12-19,11:02:01,STN-MUM-01,Mumbai,Crossover,CCS,41,61,38,14.02,Completed,None,Charging,Paid,228.97
SES-14825,2025-12-19,08:40:39,STN-HYD-02,Hyderabad,Sedan,Type 2,32,39,14,4.06,Completed,None,Available,Paid,69.92
SES-14826,2025-12-19,03:31:01,STN-HYD-02,Hyderabad,Crossover,Type 2,72,83,20,7.74,Completed,None,Charging,Paid,127.30
SES-14827,2025-12-20,16:01:33,STN-HYD-01,Hyderabad,Sedan,Type 2,42,91,89,27.46,Completed,None,Charging,Paid,465.85
SES-14828,2025-12-20,21:59:53,STN-VIJ-01,Vijayawada,Hatchback,CHAdeMO,50,96,61,16.67,Completed,None,Charging,Paid,303.81
SES-14829,2025-12-20,09:37:17,STN-DEL-01,Delhi,Sedan,Type 2,77,100,43,11.60,Completed,None,Available,Paid,186.88
SES-14830,2025-12-20,19:26:44,STN-BLR-02,Bengaluru,Sedan,Type 2,30,92,90,33.07,Completed,None,Available,Paid,589.88
SES-14831,2025-12-20,07:22:29,STN-BLR-01,Bengaluru,Crossover,CCS,79,100,42,13.94,Completed,None,Available,Paid,217.49
SES-14832,2025-12-20,15:26:33,STN-CBE-01,Coimbatore,Sedan,CCS,88,100,58,6.62,Completed,None,Charging,Paid,119.98
SES-14833,2025-12-20,21:40:25,STN-DEL-02,Delhi,Hatchback,Type 2,57,78,40,8.10,Completed,None,Available,Paid,124.33
SES-14834,2025-12-20,22:03:30,STN-HYD-01,Hyderabad,Sedan,CCS,67,86,27,10.97,Completed,None,Available,Paid,179.95
SES-14835,2025-12-20,21:09:37,STN-VSKP-01,Visakhapatnam,Sedan,Type 2,67,100,98,17.72,Completed,None,Available,Paid,300.24
SES-14836,2025-12-20,21:44:08,STN-HYD-02,Hyderabad,Sedan,CCS,42,42,14,0.00,Failed,Network Error,Maintenance,Failed,0.00
SES-14837,2025-12-20,18:50:57,STN-HYD-02,Hyderabad,SUV,CCS,19,41,39,19.83,Completed,None,Available,Paid,359.68
SES-14838,2025-12-20,20:59:18,STN-MUM-01,Mumbai,Sedan,CCS,13,43,54,16.97,Completed,None,Available,Paid,302.50
SES-14839,2025-12-20,06:12:24,STN-BLR-01,Bengaluru,Sedan,CCS,79,79,96,0.00,Failed,Network Error,Offline,Paid,0.00
SES-14840,2025-12-20,12:27:41,STN-BLR-01,Bengaluru,Hatchback,CCS,26,66,47,17.25,Completed,None,Charging,Paid,312.97
SES-14841,2025-12-20,23:29:04,STN-BLR-02,Bengaluru,Sedan,CCS,74,100,118,15.03,Completed,None,Available,Paid,273.30
SES-14842,2025-12-20,20:42:46,STN-HYD-02,Hyderabad,SUV,Type 2,60,100,91,30.75,Completed,None,Available,Paid,505.61
SES-14843,2025-12-20,11:38:49,STN-MUM-02,Mumbai,Crossover,CHAdeMO,41,100,105,43.52,Completed,None,Charging,Paid,668.32
SES-14844,2025-12-20,04:05:49,STN-MUM-01,Mumbai,SUV,CCS,61,100,103,34.17,Completed,None,Charging,Paid,539.69
SES-14845,2025-12-21,05:50:00,STN-KOL-01,Kolkata,SUV,CCS,64,97,38,30.00,Completed,None,Available,Paid,507.19
SES-14846,2025-12-21,17:57:42,STN-DEL-01,Delhi,Hatchback,CCS,89,100,45,4.37,Completed,None,Charging,Paid,80.34
SES-14847,2025-12-21,18:47:22,STN-MUM-02,Mumbai,Hatchback,CCS,16,31,18,6.24,Completed,None,Available,Paid,103.22
SES-14848,2025-12-21,21:45:02,STN-VIJ-01,Vijayawada,Hatchback,Type 2,11,37,32,11.28,Completed,None,Available,Paid,181.06
SES-14849,2025-12-21,10:36:16,STN-CHE-01,Chennai,Crossover,CCS,70,78,12,5.35,Completed,None,Charging,Paid,88.09
SES-14850,2025-12-21,18:32:14,STN-MUM-01,Mumbai,Sedan,CCS,45,47,95,0.80,Failed,Charging Interrupted,Maintenance,Failed,0.00
SES-14851,2025-12-21,20:26:54,STN-DEL-02,Delhi,Crossover,Type 2,28,74,65,35.06,Completed,None,Available,Paid,554.30
SES-14852,2025-12-21,07:59:44,STN-DEL-01,Delhi,Crossover,CCS,29,32,49,1.20,Failed,Payment Failure,Maintenance,Failed,0.00
SES-14853,2025-12-21,17:27:55,STN-BLR-01,Bengaluru,Hatchback,CCS,66,100,118,14.94,Completed,None,Charging,Paid,272.09
SES-14854,2025-12-21,11:24:20,STN-KOL-01,Kolkata,SUV,Type 2,88,100,65,9.82,Completed,None,Available,Paid,169.02
SES-14855,2025-12-21,18:52:25,STN-DEL-01,Delhi,Hatchback,Type 2,48,98,67,20.30,Completed,None,Available,Paid,353.91
SES-14856,2025-12-21,14:54:06,STN-MUM-01,Mumbai,Sedan,Type 2,6,34,40,14.99,Completed,None,Available,Paid,270.84
SES-14857,2025-12-21,22:06:55,STN-VIJ-01,Vijayawada,Hatchback,Type 2,46,100,95,23.26,Completed,None,Available,Paid,382.44
SES-14858,2025-12-21,08:37:10,STN-HYD-02,Hyderabad,Sedan,Type 2,37,47,20,5.42,Completed,None,Available,Paid,81.80
SES-14859,2025-12-22,11:15:50,STN-VIJ-01,Vijayawada,Hatchback,CCS,21,48,51,11.65,Completed,None,Charging,Paid,177.05
SES-14860,2025-12-22,17:50:10,STN-CHE-01,Chennai,SUV,CCS,67,100,116,26.51,Completed,None,Available,Paid,453.11
SES-14861,2025-12-22,17:59:58,STN-VSKP-01,Visakhapatnam,Sedan,Type 2,26,32,12,3.38,Completed,None,Charging,Paid,56.42
SES-14862,2025-12-22,17:39:02,STN-BLR-01,Bengaluru,Hatchback,Type 2,5,63,66,22.00,Completed,None,Available,Paid,399.69
SES-14863,2025-12-22,23:37:47,STN-MUM-02,Mumbai,SUV,CCS,74,85,23,9.68,Completed,None,Charging,Paid,154.48
SES-14864,2025-12-22,17:28:46,STN-VSKP-01,Visakhapatnam,Hatchback,CCS,58,89,55,12.73,Completed,None,Charging,Paid,194.00
SES-14865,2025-12-22,12:19:17,STN-VSKP-01,Visakhapatnam,Sedan,Type 2,18,39,28,10.48,Completed,None,Available,Paid,179.72
SES-14866,2025-12-22,22:01:00,STN-PUN-01,Pune,Hatchback,CCS,57,100,69,16.61,Completed,None,Available,Paid,288.21
SES-14867,2025-12-22,12:40:40,STN-KOL-01,Kolkata,SUV,CCS,10,45,40,28.15,Completed,None,Available,Paid,467.69
SES-14868,2025-12-22,07:26:22,STN-CHE-01,Chennai,SUV,CCS,68,70,45,0.79,Cancelled,None,Maintenance,Refunded,0.00
SES-14869,2025-12-22,21:02:11,STN-BLR-02,Bengaluru,SUV,CCS,37,57,41,17.28,Completed,None,Available,Paid,269.11
SES-14870,2025-12-22,21:22:00,STN-PUN-01,Pune,Hatchback,CCS,76,100,72,9.89,Completed,None,Charging,Paid,177.37
SES-14871,2025-12-22,13:53:05,STN-DEL-02,Delhi,Hatchback,CCS,48,52,35,1.60,Failed,Network Error,Offline,Failed,0.00
SES-14872,2025-12-23,16:03:28,STN-MUM-02,Mumbai,SUV,Type 2,38,80,74,35.25,Completed,None,Available,Paid,647.82
SES-14873,2025-12-23,05:50:28,STN-DEL-02,Delhi,SUV,CCS,38,38,11,0.00,Failed,Payment Failure,Maintenance,Failed,0.00
SES-14874,2025-12-23,08:39:07,STN-DEL-01,Delhi,SUV,Type 2,28,80,79,43.09,Completed,None,Charging,Paid,673.79
SES-14875,2025-12-23,14:16:18,STN-HYD-02,Hyderabad,Crossover,Type 2,6,44,54,27.60,Completed,None,Available,Paid,466.73
SES-14876,2025-12-23,01:14:44,STN-KOL-01,Kolkata,Hatchback,CCS,12,81,87,27.43,Completed,None,Charging,Paid,449.56
SES-14877,2025-12-23,11:02:01,STN-DEL-01,Delhi,SUV,CCS,29,36,101,2.61,Cancelled,None,Maintenance,Refunded,0.00
SES-14878,2025-12-23,09:58:15,STN-HYD-02,Hyderabad,Sedan,Type 2,36,94,106,30.01,Completed,None,Available,Paid,479.55
SES-14879,2025-12-23,09:50:58,STN-HYD-01,Hyderabad,SUV,CCS,60,61,34,0.40,Failed,Connector Error,Offline,Failed,0.00
SES-14880,2025-12-23,23:11:27,STN-KOL-01,Kolkata,Hatchback,CCS,11,49,49,15.53,Completed,None,Available,Paid,281.90
SES-14881,2025-12-23,16:32:19,STN-HYD-01,Hyderabad,Sedan,CCS,52,69,27,8.59,Completed,None,Charging,Paid,129.91
SES-14882,2025-12-23,23:20:59,STN-DEL-02,Delhi,Hatchback,CCS,58,100,119,15.96,Completed,None,Available,Paid,246.49
SES-14883,2025-12-23,08:38:40,STN-BLR-02,Bengaluru,Sedan,Type 2,67,100,107,18.94,Completed,None,Available,Paid,330.62
SES-14884,2025-12-23,07:41:35,STN-DEL-02,Delhi,Sedan,Type 2,77,78,21,0.40,Failed,Connector Error,Maintenance,Failed,0.00
SES-14885,2025-12-23,17:06:06,STN-HYD-01,Hyderabad,Sedan,CCS,84,100,100,8.38,Completed,None,Charging,Paid,133.98
SES-14886,2025-12-24,12:25:23,STN-CBE-01,Coimbatore,Hatchback,CHAdeMO,6,29,33,9.95,Completed,None,Available,Paid,154.61
SES-14887,2025-12-24,03:47:11,STN-PUN-01,Pune,Crossover,CCS,39,100,106,41.57,Completed,None,Available,Paid,672.68
SES-14888,2025-12-24,23:53:08,STN-KOL-01,Kolkata,Sedan,Type 2,26,89,88,32.11,Completed,None,Available,Paid,516.69
SES-14889,2025-12-24,07:20:30,STN-PUN-01,Pune,SUV,Type 2,87,88,52,0.40,Failed,Network Error,Offline,Failed,0.00
SES-14890,2025-12-24,17:23:03,STN-BLR-02,Bengaluru,Sedan,Type 2,68,100,41,17.09,Completed,None,Available,Paid,304.11
SES-14891,2025-12-24,19:15:09,STN-KOL-01,Kolkata,Hatchback,CCS,63,100,90,14.33,Completed,None,Available,Paid,254.51
SES-14892,2025-12-24,08:28:04,STN-BLR-02,Bengaluru,Hatchback,Type 2,53,100,108,19.33,Completed,None,Available,Paid,308.63
SES-14893,2025-12-24,18:44:14,STN-BLR-02,Bengaluru,Sedan,CCS,56,100,56,23.56,Completed,None,Charging,Paid,357.12
SES-14894,2025-12-24,13:14:42,STN-DEL-02,Delhi,Sedan,CCS,25,55,54,17.95,Completed,None,Charging,Paid,277.97
SES-14895,2025-12-25,11:59:59,STN-MUM-02,Mumbai,Hatchback,CCS,16,39,44,9.65,Completed,None,Available,Paid,171.92
SES-14896,2025-12-25,10:43:15,STN-MUM-01,Mumbai,Hatchback,Type 2,15,77,86,25.34,Completed,None,Available,Paid,394.66
SES-14897,2025-12-25,15:48:13,STN-VIJ-01,Vijayawada,Sedan,CCS,58,70,18,7.22,Completed,None,Available,Paid,113.09
SES-14898,2025-12-25,22:47:31,STN-KOL-01,Kolkata,SUV,CCS,87,96,19,7.52,Completed,None,Available,Paid,115.83
SES-14899,2025-12-25,20:48:44,STN-BLR-01,Bengaluru,Hatchback,CCS,74,100,74,10.79,Completed,None,Charging,Paid,164.87
SES-14900,2025-12-25,16:23:35,STN-BLR-02,Bengaluru,SUV,CCS,18,76,68,45.07,Completed,None,Available,Paid,726.20
SES-14901,2025-12-25,16:59:28,STN-CBE-01,Coimbatore,SUV,CCS,37,100,107,55.99,Completed,None,Available,Paid,908.88
SES-14902,2025-12-25,11:22:26,STN-BLR-01,Bengaluru,SUV,CHAdeMO,81,100,66,14.68,Completed,None,Available,Paid,266.43
SES-14903,2025-12-25,19:06:48,STN-VIJ-01,Vijayawada,SUV,CCS,30,100,119,53.67,Completed,None,Charging,Paid,835.87
SES-14904,2025-12-25,07:03:13,STN-KOL-01,Kolkata,SUV,CCS,18,88,110,54.09,Completed,None,Available,Paid,936.21
SES-14905,2025-12-25,08:09:58,STN-MUM-02,Mumbai,Crossover,Type 2,52,100,98,35.02,Completed,None,Available,Paid,643.61
SES-14906,2025-12-25,16:25:22,STN-MUM-01,Mumbai,Sedan,Type 2,69,100,95,16.20,Completed,None,Charging,Paid,246.68
SES-14907,2025-12-25,06:36:07,STN-BLR-02,Bengaluru,SUV,Type 2,50,60,19,8.96,Completed,None,Available,Paid,157.19
SES-14908,2025-12-26,18:06:06,STN-BLR-02,Bengaluru,Sedan,Type 2,59,100,99,22.39,Completed,None,Available,Paid,350.02
SES-14909,2025-12-26,20:13:16,STN-BLR-02,Bengaluru,Sedan,CCS,78,97,28,9.68,Completed,None,Charging,Paid,175.25
SES-14910,2025-12-26,19:21:45,STN-PUN-01,Pune,Hatchback,Type 2,78,100,113,9.59,Completed,None,Available,Paid,158.06
SES-14911,2025-12-26,07:27:44,STN-CBE-01,Coimbatore,Crossover,CCS,72,100,118,21.18,Completed,None,Available,Paid,359.75
SES-14912,2025-12-26,05:50:25,STN-MUM-02,Mumbai,Sedan,Type 2,82,100,114,10.48,Completed,None,Available,Paid,159.16
SES-14913,2025-12-26,14:16:33,STN-BLR-01,Bengaluru,Crossover,CHAdeMO,16,62,59,30.84,Completed,None,Available,Paid,517.08
SES-14914,2025-12-26,19:17:12,STN-HYD-02,Hyderabad,Sedan,Type 2,58,100,77,25.14,Completed,None,Available,Paid,424.31
SES-14915,2025-12-26,19:22:57,STN-KOL-01,Kolkata,SUV,Type 2,68,76,113,2.78,Cancelled,None,Maintenance,Refunded,0.00
SES-14916,2025-12-26,16:28:47,STN-HYD-02,Hyderabad,Sedan,CCS,51,58,14,4.03,Completed,None,Available,Paid,64.72
SES-14917,2025-12-26,09:25:14,STN-MUM-02,Mumbai,SUV,CCS,41,60,38,16.93,Completed,None,Available,Paid,284.80
SES-14918,2025-12-26,15:27:48,STN-BLR-02,Bengaluru,SUV,CHAdeMO,78,100,111,18.21,Completed,None,Charging,Paid,278.88
SES-14919,2025-12-26,18:45:13,STN-HYD-02,Hyderabad,SUV,Type 2,45,52,14,6.12,Completed,None,Available,Paid,105.02
SES-14920,2025-12-26,17:58:30,STN-BLR-01,Bengaluru,SUV,CCS,31,91,69,50.15,Completed,None,Available,Paid,759.59
SES-14921,2025-12-26,21:48:04,STN-VSKP-01,Visakhapatnam,SUV,Type 2,46,100,74,42.63,Completed,None,Charging,Paid,701.72
SES-14922,2025-12-26,08:14:14,STN-VSKP-01,Visakhapatnam,SUV,CCS,80,100,37,18.69,Completed,None,Available,Paid,332.44
SES-14923,2025-12-26,21:04:27,STN-KOL-01,Kolkata,SUV,Type 2,90,100,92,8.75,Completed,None,Available,Paid,148.56
SES-14924,2025-12-26,18:42:05,STN-KOL-01,Kolkata,Hatchback,Type 2,72,76,109,1.60,Failed,Network Error,Offline,Failed,0.00
SES-14925,2025-12-26,14:01:14,STN-HYD-02,Hyderabad,Hatchback,CCS,33,40,10,2.67,Completed,None,Available,Paid,49.36
SES-14926,2025-12-27,08:08:46,STN-KOL-01,Kolkata,Sedan,CCS,40,40,38,0.00,Failed,Network Error,Maintenance,Failed,0.00
SES-14927,2025-12-27,19:15:58,STN-CBE-01,Coimbatore,Sedan,CCS,61,100,60,19.87,Completed,None,Charging,Paid,358.22
SES-14928,2025-12-27,07:51:29,STN-BLR-01,Bengaluru,Hatchback,Type 2,82,100,45,7.28,Completed,None,Available,Paid,131.84
SES-14929,2025-12-27,07:00:58,STN-BLR-02,Bengaluru,Sedan,CCS,16,47,41,17.26,Completed,None,Available,Paid,266.25
SES-14930,2025-12-27,08:07:58,STN-BLR-02,Bengaluru,Hatchback,Type 2,49,95,73,20.24,Completed,None,Charging,Paid,343.68
SES-14931,2025-12-27,19:17:26,STN-VIJ-01,Vijayawada,SUV,Type 2,24,36,23,11.00,Completed,None,Available,Paid,185.07
SES-14932,2025-12-27,06:57:48,STN-DEL-02,Delhi,SUV,CCS,49,58,41,2.90,Cancelled,None,Available,Refunded,0.00
SES-14933,2025-12-27,18:47:44,STN-VIJ-01,Vijayawada,Sedan,CCS,27,34,119,2.54,Cancelled,None,Available,Refunded,0.00
SES-14934,2025-12-27,08:35:20,STN-HYD-01,Hyderabad,Crossover,Type 2,66,73,18,2.31,Cancelled,None,Available,Refunded,0.00
SES-14935,2025-12-27,22:30:36,STN-PUN-01,Pune,Crossover,CHAdeMO,90,93,92,1.09,Cancelled,None,Maintenance,Refunded,0.00
SES-14936,2025-12-27,19:45:13,STN-KOL-01,Kolkata,Crossover,CCS,38,52,20,9.57,Completed,None,Available,Paid,174.04
SES-14937,2025-12-27,06:24:45,STN-MUM-01,Mumbai,Sedan,CCS,25,58,57,18.77,Completed,None,Charging,Paid,331.38
SES-14938,2025-12-27,22:34:16,STN-MUM-01,Mumbai,Hatchback,CCS,55,97,60,17.73,Completed,None,Charging,Paid,301.41
SES-14939,2025-12-27,18:44:53,STN-DEL-01,Delhi,SUV,Type 2,13,20,13,5.38,Completed,None,Charging,Paid,98.31
SES-14940,2025-12-27,21:46:14,STN-PUN-01,Pune,Hatchback,CCS,78,100,50,8.19,Completed,None,Available,Paid,143.67
SES-14941,2025-12-28,07:01:42,STN-BLR-02,Bengaluru,Sedan,CHAdeMO,14,41,34,15.36,Completed,None,Charging,Paid,280.41
SES-14942,2025-12-28,09:30:36,STN-MUM-01,Mumbai,Hatchback,CCS,56,58,26,0.80,Failed,Network Error,Maintenance,Failed,0.00
SES-14943,2025-12-28,18:06:31,STN-BLR-01,Bengaluru,Crossover,CCS,49,97,56,36.53,Completed,None,Charging,Paid,645.61
SES-14944,2025-12-28,17:37:51,STN-VSKP-01,Visakhapatnam,Sedan,CCS,56,60,17,1.60,Failed,Charging Interrupted,Offline,Paid,25.31
SES-14945,2025-12-28,13:12:23,STN-CBE-01,Coimbatore,Sedan,Type 2,34,81,67,26.18,Completed,None,Charging,Paid,442.14
SES-14946,2025-12-28,07:42:17,STN-DEL-01,Delhi,Sedan,CCS,68,100,118,15.88,Completed,None,Charging,Paid,269.06
SES-14947,2025-12-28,16:33:50,STN-HYD-02,Hyderabad,Sedan,CCS,6,11,10,2.73,Completed,None,Charging,Paid,44.13
SES-14948,2025-12-28,18:42:49,STN-HYD-02,Hyderabad,SUV,CCS,53,59,11,5.05,Completed,None,Available,Paid,91.36
SES-14949,2025-12-28,07:49:59,STN-DEL-01,Delhi,Hatchback,Type 2,49,65,19,6.50,Completed,None,Available,Paid,117.66
SES-14950,2025-12-28,19:15:57,STN-HYD-01,Hyderabad,Sedan,CCS,21,79,100,34.29,Completed,None,Charging,Paid,614.90
SES-14951,2025-12-29,14:32:22,STN-CHE-01,Chennai,SUV,Type 2,32,59,36,22.73,Completed,None,Charging,Paid,353.53
SES-14952,2025-12-29,21:33:16,STN-BLR-01,Bengaluru,SUV,CCS,49,53,22,1.60,Failed,Payment Failure,Maintenance,Failed,0.00
SES-14953,2025-12-29,11:41:05,STN-MUM-01,Mumbai,Sedan,CHAdeMO,21,61,72,23.05,Completed,None,Charging,Paid,412.54
SES-14954,2025-12-29,20:39:39,STN-HYD-01,Hyderabad,SUV,Type 2,63,75,20,9.19,Completed,None,Available,Paid,167.09
SES-14955,2025-12-29,02:11:06,STN-BLR-01,Bengaluru,Sedan,CCS,18,37,23,11.39,Completed,None,Available,Paid,171.25
SES-14956,2025-12-29,11:48:03,STN-DEL-02,Delhi,SUV,CHAdeMO,14,90,105,62.63,Completed,None,Available,Paid,957.20
SES-14957,2025-12-29,20:02:11,STN-MUM-01,Mumbai,Sedan,CCS,82,83,89,0.40,Failed,Payment Failure,Maintenance,Failed,0.00
SES-14958,2025-12-29,08:42:49,STN-CBE-01,Coimbatore,Hatchback,Type 2,85,85,102,0.00,Failed,Station Offline,Maintenance,Failed,0.00
SES-14959,2025-12-29,10:07:31,STN-VIJ-01,Vijayawada,Sedan,CCS,90,100,111,5.30,Completed,None,Charging,Paid,86.42
SES-14960,2025-12-29,18:16:33,STN-DEL-02,Delhi,Crossover,CCS,22,100,107,56.76,Completed,None,Available,Paid,"1,046.31"
SES-14961,2025-12-29,21:37:41,STN-BLR-02,Bengaluru,Hatchback,CCS,39,66,35,11.69,Completed,None,Available,Paid,211.32
SES-14962,2025-12-29,08:17:49,STN-PUN-01,Pune,Sedan,CCS,52,96,78,25.00,Completed,None,Charging,Paid,444.91
SES-14963,2025-12-30,18:38:32,STN-CBE-01,Coimbatore,SUV,CCS,62,100,92,30.30,Completed,None,Available,Paid,516.02
SES-14964,2025-12-30,19:24:36,STN-VSKP-01,Visakhapatnam,Sedan,Type 2,22,26,48,1.60,Failed,Station Offline,Offline,Failed,0.00
SES-14965,2025-12-30,21:20:58,STN-KOL-01,Kolkata,Hatchback,CCS,56,58,101,0.67,Cancelled,None,Maintenance,Refunded,0.00
SES-14966,2025-12-30,05:30:43,STN-VIJ-01,Vijayawada,SUV,Type 2,34,38,37,1.58,Cancelled,None,Available,Refunded,0.00
SES-14967,2025-12-30,21:56:01,STN-BLR-02,Bengaluru,Hatchback,Type 2,41,61,26,7.65,Completed,None,Available,Paid,130.69
SES-14968,2025-12-30,07:14:27,STN-HYD-02,Hyderabad,Sedan,Type 2,44,83,46,22.58,Completed,None,Available,Paid,366.21
SES-14969,2025-12-30,08:59:51,STN-CBE-01,Coimbatore,Sedan,Type 2,10,100,117,47.19,Completed,None,Available,Paid,723.74
SES-14970,2025-12-30,18:49:01,STN-HYD-01,Hyderabad,SUV,CCS,83,100,92,15.27,Completed,None,Available,Paid,244.09
SES-14971,2025-12-30,17:36:24,STN-DEL-01,Delhi,Sedan,CCS,39,42,36,1.20,Failed,Payment Failure,Maintenance,Failed,0.00
SES-14972,2025-12-30,00:14:11,STN-BLR-02,Bengaluru,SUV,CCS,30,83,85,41.89,Completed,None,Available,Paid,634.96
SES-14973,2025-12-30,19:57:30,STN-HYD-01,Hyderabad,Sedan,CHAdeMO,34,74,76,20.04,Completed,None,Available,Paid,341.78
SES-14974,2025-12-30,11:52:47,STN-MUM-02,Mumbai,Hatchback,Type 2,79,100,77,8.12,Completed,None,Available,Paid,142.94
SES-14975,2025-12-30,09:41:59,STN-HYD-02,Hyderabad,Hatchback,Type 2,28,70,56,16.76,Completed,None,Available,Paid,272.85
SES-14976,2025-12-30,19:02:01,STN-MUM-01,Mumbai,Sedan,Type 2,59,100,120,21.08,Completed,None,Available,Paid,385.17
SES-14977,2025-12-30,09:29:40,STN-HYD-01,Hyderabad,SUV,CHAdeMO,82,85,84,1.20,Failed,Network Error,Offline,Failed,0.00
SES-14978,2025-12-30,16:53:57,STN-BLR-01,Bengaluru,SUV,CCS,13,43,43,25.29,Completed,None,Available,Paid,383.76
SES-14979,2025-12-30,08:09:50,STN-KOL-01,Kolkata,Hatchback,CCS,66,88,27,9.24,Completed,None,Charging,Paid,164.91
SES-14980,2025-12-30,17:46:31,STN-MUM-01,Mumbai,SUV,Type 2,22,46,44,20.12,Completed,None,Available,Paid,353.11
SES-14981,2025-12-30,07:08:35,STN-HYD-02,Hyderabad,Sedan,Type 2,55,78,27,13.81,Completed,None,Available,Paid,228.13
SES-14982,2025-12-31,22:27:20,STN-BLR-02,Bengaluru,Sedan,Type 2,23,26,119,1.20,Failed,Connector Error,Maintenance,Failed,0.00
SES-14983,2025-12-31,17:55:01,STN-MUM-02,Mumbai,SUV,Type 2,73,100,79,20.83,Completed,None,Available,Paid,345.31
SES-14984,2025-12-31,15:45:34,STN-DEL-02,Delhi,Crossover,Type 2,86,100,43,9.30,Completed,None,Available,Paid,160.36
SES-14985,2025-12-31,03:54:35,STN-VSKP-01,Visakhapatnam,Hatchback,CCS,37,63,42,11.00,Completed,None,Available,Paid,185.11
SES-14986,2025-12-31,12:32:22,STN-VIJ-01,Vijayawada,Sedan,Type 2,42,90,81,27.60,Completed,None,Charging,Paid,482.07
SES-14987,2025-12-31,18:16:45,STN-VSKP-01,Visakhapatnam,Hatchback,Type 2,17,81,115,25.32,Completed,None,Charging,Paid,394.50
SES-14988,2025-12-31,11:41:22,STN-CHE-01,Chennai,Crossover,CCS,53,100,93,34.71,Completed,None,Available,Paid,593.85
SES-14989,2025-12-31,22:24:31,STN-MUM-01,Mumbai,Sedan,CCS,77,100,93,13.52,Completed,None,Charging,Paid,204.19
SES-14990,2025-12-31,14:56:02,STN-MUM-01,Mumbai,Hatchback,Type 2,57,100,52,17.50,Completed,None,Available,Paid,316.25
SES-14991,2025-12-31,07:34:14,STN-CBE-01,Coimbatore,SUV,Type 2,5,52,91,39.39,Completed,None,Available,Paid,606.74
SES-14992,2025-12-31,09:31:06,STN-DEL-01,Delhi,Hatchback,CCS,16,42,36,11.24,Completed,None,Charging,Paid,201.75
SES-14993,2025-12-31,12:04:57,STN-VIJ-01,Vijayawada,SUV,CCS,28,63,57,30.30,Completed,None,Charging,Paid,514.76
SES-14994,2025-12-31,07:47:47,STN-BLR-02,Bengaluru,Crossover,Type 2,5,55,78,34.64,Completed,None,Available,Paid,626.27
SES-14995,2025-12-31,19:46:06,STN-VIJ-01,Vijayawada,Sedan,CCS,72,100,80,14.39,Completed,None,Available,Paid,262.49
SES-14996,2025-12-31,19:10:09,STN-MUM-01,Mumbai,Hatchback,CCS,11,30,31,7.43,Completed,None,Available,Paid,127.07
SES-14997,2025-12-31,12:54:58,STN-DEL-01,Delhi,Sedan,Type 2,73,100,43,14.80,Completed,None,Available,Paid,271.14
SES-14998,2025-12-31,07:19:32,STN-VIJ-01,Vijayawada,SUV,Type 2,43,80,52,28.69,Completed,None,Charging,Paid,523.53
SES-14999,2025-12-31,09:33:35,STN-HYD-02,Hyderabad,Crossover,CHAdeMO,36,83,86,34.68,Completed,None,Available,Paid,605.24
SES-15000,2025-12-31,12:42:04,STN-VSKP-01,Visakhapatnam,Hatchback,CCS,53,56,105,1.20,Failed,Charging Interrupted,Offline,Failed,0.00
